编号,原图相对路径,初筛状态,批次,机制记录
1,01从者\000已有从者\01剑士\从者：伊阿宋\3.1更新 (1).png,analyzed,1,全局事件/局势牌区访问与转移 | 逐条语义审阅的规则原文：敏捷 AZOMO 1K 阿塔兰忒 派遣：切换此牌并将此牌洗进事件牌堆的前10张牌中。当被 派遣的牌位于战场时，将其切换并加入伊阿宋的攻击中，在 原地点抽取一张新的事件牌代替。 行动阶段：打出一张牌。 战斗阶段：打出一张牌，战斗阶段结束后派遣【阿塔兰忒】。
2,01从者\000已有从者\01剑士\从者：伊阿宋\3.1更新 (2).png,analyzed,1,逐条语义审阅的规则原文：米 力量 7K 赫拉克勒斯 派遣：切换此牌并将此牌洗进事件牌堆的前10张牌中。当被 派遣的牌位于战场时，将其切换并加入伊阿宋的攻击中，在 原地点抽取一张新的事件牌代替。 战斗阶段：若你输掉战斗，派遣【赫拉克勒斯】并获得2点 战果。
3,01从者\000已有从者\01剑士\从者：伊阿宋\atk-撕裂天际的光辉之船.png,analyzed,1,全局事件/局势牌区访问与转移 | 逐条语义审阅的规则原文：宝具 撕裂天际的光辉之船 【真名解放】 <每局游戏限一次> 阿耳戈，集结！-行动阶段：从事件牌堆中打出任意张你派遣 的攻击（支付其魔力消耗，你拥有的魔力少于8点也可打出）。 令其他你未打出的被派造的攻击返回你的技能区并重洗事件 牌堆。
4,01从者\000已有从者\01剑士\从者：伊阿宋\伊阿宋.png,non_rule,1,仅为从者/牌面数值、卡背、标记或目录占位图，未见可执行规则文字
5,01从者\000已有从者\01剑士\从者：伊阿宋\旧版技能\赫拉克勒斯.png,analyzed,1,逐条语义审阅的规则原文：米 力量 9K 赫拉克勒斯 派遣：切换此牌并将此牌洗进事件牌堆的前10张牌中。当被 派遣的牌位于战场时，将其切换并加入伊阿宋的攻击中，在 原地点抽取一张新的事件牌代替。 战斗阶段：若你输掉战斗，派遣【赫拉克勒斯】并获得2点 战果。
6,01从者\000已有从者\01剑士\从者：伊阿宋\旧版技能\阿塔兰忒.png,analyzed,1,逐条语义审阅的规则原文：敏捷 AZOMO 2& 阿塔兰忒 派遣：切换此牌并将此牌洗进事件牌堆的前10张牌中。当被 派遣的牌位于战场时，将其切换并加入伊阿宋的攻击中，在 原地点抽取一张新的事件牌代替。 行动阶段：打出一张牌。 战斗阶段：打出一张牌，战斗阶段结束后派遣【阿塔兰忒】。
7,01从者\000已有从者\01剑士\从者：伊阿宋\美狄亚.png,analyzed,1,逐条语义审阅的规则原文：★魔术 2 5& 美狄亚 派遣：切换此牌并将此牌洗进事件牌堆的前10张牌中。当被 派遣的牌位于战场时，将其切换并加入伊阿宋的攻击中，在 原地点抽取一张新的事件牌代替。 战斗阶段：获得2点魔力并派遣【美狄亚】。你于下个回合 获得+4合计威力直至回合结束。
8,01从者\000已有从者\01剑士\从者：伊阿宋\黑圣杯卡背\美狄亚派遣.png,analyzed,1,全局事件/局势牌区访问与转移 | 逐条语义审阅的规则原文：美狄亚－派遣 （此牌不是事件牌。若你因某种效果从事件牌堆抽牌时抽 到了此牌，无视此牌并抽取一张新的事件牌代替。在此效 果结算后，将此牌放置于事件牌堆顶。）
9,01从者\000已有从者\01剑士\从者：伊阿宋\黑圣杯卡背\赫拉克勒斯派遣.png,analyzed,1,全局事件/局势牌区访问与转移 | 逐条语义审阅的规则原文：赫拉克勒斯－派遣 （此牌不是事件牌。若你因某种效果从事件牌堆抽牌时抽 到了此牌，无视此牌并抽取一张新的事件牌代替。在此效 果结算后，将此牌放置于事件牌堆顶。）
10,01从者\000已有从者\01剑士\从者：伊阿宋\黑圣杯卡背\阿塔兰忒派遣.png,analyzed,1,全局事件/局势牌区访问与转移 | 逐条语义审阅的规则原文：阿塔兰忒－派遣 （此牌不是事件牌。若你因某种效果从事件牌堆抽牌时抽 到了此牌，无视此牌并抽取一张新的事件牌代替。在此效 果结算后，将此牌放置于事件牌堆顶。）
11,01从者\000已有从者\01剑士\从者：妖精骑士高文\3.3更新妖精剑卡文汀.jpg,analyzed,1,逐条语义审阅的规则原文：米 力量 7& 妖精剑卡文汀 理性消灭一你的战斗阶段开始时，若你未控制【狂战士】或 【捕食日轮之角】，关闭此牌。
12,01从者\000已有从者\01剑士\从者：妖精骑士高文\3.3更新捕食日轮之角.jpg,analyzed,1,逐条语义审阅的规则原文：力量 米 宝具 捕食日轮之角 6K 【真名解放】 吞天食日-行动阶段：弃置至多3张【狂战士】，然后从游戏 外打出相应张临时的，被弃置【狂战士】-5印刷威力的区 特殊基础攻击。
13,01从者\000已有从者\01剑士\从者：妖精骑士高文\3.3更新福尔韦瑟.jpg,analyzed,1,逐条语义审阅的规则原文：福尔·韦瑟 被动/行动阶段：花费3点魔力，展示牌堆顶的三张牌并移 除，然后你获得X点魔力并令与你位于同一战场的对手失 去Y点战果，X为被移除的基础牌数，Y为非基础牌数。 若可能，再将游戏外的，与被移除的基本牌相同属性且+4 印刷威力的【狂战士】洗入牌库。
14,01从者\000已有从者\01剑士\从者：妖精骑士高文\httpcloud3steamusercontentcomugc202610820443441452053007C37D50AC74E37B04F860393AA3EC5839DBE.png,analyzed,1,逐条语义审阅的规则原文：米 力量 7& 妖精剑卡文汀 理性消灭-你的战斗阶段开始时，若你未控制【狂战士】或 【捕食日轮之角】，关闭此牌。
15,01从者\000已有从者\01剑士\从者：妖精骑士高文\httpcloud3steamusercontentcomugc2026110045840343681DB75B609227942E4A58F4EB79D71DD9CA77EBFF4.png,analyzed,1,逐条语义审阅的规则原文：福尔·韦瑟 被动/行动阶段：花费3点魔力，展示牌堆顶的三张牌并移 除，然后你获得X点魔力并令与你位于同一战场的对手失 去Y点战果，X为被移除的基础牌数，Y为非基础牌数。 若可能，再将游戏外的，与被移除的基础牌相同属性且+4 印刷威力的【狂战士】洗入牌库。
16,01从者\000已有从者\01剑士\从者：妖精骑士高文\httpcloud3steamusercontentcomugc2026110045840344751B2575942B8938D6699F99AF6B8B50599AAE7B862.png,analyzed,1,逐条语义审阅的规则原文：米 力量 宝具 捕食日轮之角 6K 【真名解放】 吞天食日-行动阶段：弃置至多3张【狂战士】，然后从游戏 外打出相应张临时的，被弃置【狂战士】-5印刷威力的区 特殊基础攻击。
17,01从者\000已有从者\01剑士\从者：妖精骑士高文\妖精骑士高文.png,non_rule,1,仅为从者/牌面数值、卡背、标记或目录占位图，未见可执行规则文字
18,01从者\000已有从者\01剑士\从者：妖精骑士高文\旧版技能\3.2更新捕食日轮之角.jpg,analyzed,1,复制或替换卡牌特征/效果 | 逐条语义审阅的规则原文：米 力量 宝具 8 XK 捕食日轮之角 【真名解放】 残留：此牌被激活时，将x设为9。每回合结束时，令X-3直至被 关闭，若此牌的印刷威力因此效果被减至0及以下时，关闭此牌。 圣者的数字-行动阶段：选择一张你控制的基础攻击，令其获得 威力等于其印刷威力-1的区特殊基础牌的名称和卡牌文字效果。
19,01从者\000已有从者\01剑士\从者：妖精骑士高文\旧版技能\捕食日轮之角.png,analyzed,1,复制或替换卡牌特征/效果 | 逐条语义审阅的规则原文：米 力量 宝具 捕食日轮之角 8 9K 【真名解放】 残留：回合结束时，此牌基础威力-3直至被关闭。此牌基础威力为0时， 于战斗阶段结束时关闭此牌。 圣者的数字-行动阶段：你的非技能牌获得：“若此牌的属性与你所在 的战场的事件牌提及的属性相同，此牌魔力消耗-1并获得比此牌印刷 基本威力低1的区特殊属性基础攻击的卡牌文字效果直至回合结束。
20,01从者\000已有从者\01剑士\从者：妖精骑士高文\旧版技能\新野性.png,analyzed,1,复制或替换卡牌特征/效果 | 逐条语义审阅的规则原文：野性法则 狂化-被动：回合结束时，若可能，将你因强食打出的牌 替换为相同颜色的，基本威力+4的【狂战士】或基本威力 -4的基础牌。 强食-被动/行动阶段：花费2点魔力，打出一张非技能牌。
21,01从者\000已有从者\01剑士\从者：妖精骑士高文\旧版技能\福尔·韦瑟.png,analyzed,1,复制或替换卡牌特征/效果 | 逐条语义审阅的规则原文：米 力量 特殊 福尔·韦瑟 3 一夜城-行动阶段：展示你牌库顶的三张牌，对其中的非技能牌 分别选择下列一项： 1.替换为相同颜色的，基本威力+4的【狂战士】后弃置并获得1 点魔力。 2.替换为相同颜色的，基本威力-4的基础牌后打出
22,01从者\000已有从者\01剑士\从者：妖精骑士高文\旧版技能\野性法则.png,analyzed,1,复制或替换卡牌特征/效果 | 逐条语义审阅的规则原文：野性法则 被动：你的非技能牌获得：“强食-唯一/被动/行动阶段： 花费2点魔力，追加打出此牌。” 狂化-被动：回合结束时，若可能，将你因强食打出的牌 替换为相同颜色的，基本威力+4的【狂战士】或基本威力 -4的基础牌。
23,01从者\000已有从者\01剑士\剑-齐格鲁德3.6DIY\坏劫之天轮.png,unclear,1,OCR无法可靠判定：宝具 坏劫之天轮 9K 【真名解放】 <每局游戏限一次> 沃尔松格萨迦-残留：前哨阶段，选择一个未被选择的选项 或关闭此牌。沃尔松格萨迦不会因切换而失效： [[][][]
24,01从者\000已有从者\01剑士\剑-齐格鲁德3.6DIY\破灭之黎明.png,analyzed,1,逐条语义审阅的规则原文：破灭之黎明 3 5& 此牌需追加打出。若你已于本局游戏使用过【坏劫之天轮】， 你拥有的魔力少于8点也可以使用此牌。 行动阶段：此牌获得所有你本局游戏已以【坏劫之天轮】 选择过的【龙心】的属性。
25,01从者\000已有从者\01剑士\剑-齐格鲁德3.6DIY\齐格鲁德.png,non_rule,1,仅为从者/牌面数值、卡背、标记或目录占位图，未见可执行规则文字
26,01从者\000已有从者\01剑士\剑-齐格鲁德3.6DIY\龙之心 (1).png,analyzed,1,逐条语义审阅的规则原文：敏捷 绿龙之心 [5k 【真名解放】 <每局游戏限一次> 沃尔松格萨迦-略。 行动阶段：将你从版图移除游戏，然后重新部署于一处非魔 术工房地点。
27,01从者\000已有从者\01剑士\剑-齐格鲁德3.6DIY\龙之心 (2).png,analyzed,1,逐条语义审阅的规则原文：魔术 蓝龙之心 21K 【真名解放】 <每局游戏限一次> 沃尔松格萨迦-略。 战力结算时，忽略你此牌以外的攻击威力和合计威力。
28,01从者\000已有从者\01剑士\剑-齐格鲁德3.6DIY\龙之心 (3).png,analyzed,1,逐条语义审阅的规则原文：特殊 黑龙之心 2K 【真名解放】 <每局游戏限一次> 沃尔松格萨迦-略。 战斗阶段：关闭所有与你位于同一战场的对手于本回合打出 的非技能攻击。
29,01从者\000已有从者\01剑士\剑-齐格鲁德3.6DIY\龙之心 (4).png,analyzed,1,逐条语义审阅的规则原文：特殊 青铜龙之心 4K 【真名解放】 <每局游戏限一次> 沃尔松格萨迦-略。 战斗阶段：你获得X点地利，X为以移动进入你所在战场的 玩家数的两倍。
30,01从者\000已有从者\01剑士\剑-齐格鲁德3.6DIY\龙之心 (5).png,analyzed,1,逐条语义审阅的规则原文：米 力量 红龙之心 3K 【真名解放】 <每局游戏限一次> 沃尔松格萨迦-略。 行动阶段：抽一张牌，打出至多3张基本威力为3或更低的手 牌。
31,01从者\000已有从者\01剑士\剑-齐格鲁德3.6DIY\龙种改造.png,analyzed,1,复制或替换卡牌特征/效果 | 逐条语义审阅的规则原文：特殊 7K 龙种改造 龙之心-被动：齐格鲁德于本局游戏首次使用【坏劫之天轮】 时，移除此牌并从［红龙之心］［蓝龙之心］［绿龙之心］ ［黑龙之心］［青铜龙之心］中选择四个作为卡牌文字加入 【坏劫之天轮】的相应位置直至游戏结束。
32,01从者\000已有从者\01剑士\剑士-两仪式\3.6两仪式.png,non_rule,1,仅为从者/牌面数值、卡背、标记或目录占位图，未见可执行规则文字
33,01从者\000已有从者\01剑士\剑士-两仪式\3.6云耀.png,analyzed,1,战斗胜者/游戏流程改写 | 逐条语义审阅的规则原文：敏捷 云耀 7K 万籁俱寂-战斗阶段：立即结算你的战斗。 （进行战力和战斗战果结算后弃置此处的事件牌，然后将 所有参与者移除版图，此地点无法再进入且不再发生战斗 直至回合结束。因此，回合顺位在你之后的玩家有关战斗 的战斗阶段能力可能无法使用。）
34,01从者\000已有从者\01剑士\剑士-两仪式\3.6阴阳螺旋.png,analyzed,1,调用或重放指定卡牌能力 | 逐条语义审阅的规则原文：特殊 1 1& 阴阳螺旋 行动阶段：暗置打出一张手牌作为阴，正面打出一张手牌作为 阳。你必须同时打出阴和阳，否则无法使用此效果。 战斗阶段：激活阴并关闭阳。你可以支付阴的魔力消耗并使用 其行动阶段能力。
35,01从者\000已有从者\01剑士\剑士-两仪式\3.8更新.png,analyzed,1,逐条语义审阅的规则原文：魔术 宝具 6K 无垢识·空之境界 【真名解放】 阴阳鱼-若你打出此牌时已真名解放，此牌获得+3威力。 彼岸幽世-战斗阶段：展示并弃置所有你交战对手牌库底的牌， 令展示牌与你控制的攻击具有相同印刷威力的对手【败北】， 令不相同的对手失去展示牌印刷威力的合计威力。
36,01从者\000已有从者\01剑士\剑士-两仪式\旧\3.1更新 (1).png,analyzed,1,调用或重放指定卡牌能力 | 逐条语义审阅的规则原文：特殊 3 3& 阴阳螺旋 行动阶段：暗置打出一张手牌作为阴，正面打出一张手牌作为 阳。你必须同时打出阴和阳，否则无法使用此效果。 战斗阶段：激活阴并关闭阳。你可以支付阴的魔力消耗并使用 其行动阶段能力。
37,01从者\000已有从者\01剑士\剑士-两仪式\旧\3.1更新 (2).png,analyzed,1,逐条语义审阅的规则原文：魔术 宝具 6K 无垢识·空之境界 【真名解放】 与无垢识·空之境界一同打出的另一张牌-3魔力消耗。 阴阳鱼-若你打出此牌时已真名解放，此牌+5威力。 彼岸幽世-战斗阶段：令所有牌库底的牌与你控制的攻击具有相同 印刷威力的交战对手【败北】并弃置被展示牌，未【败北】则令被 展示牌返回其牌库底。
38,01从者\000已有从者\01剑士\剑士-两仪式\旧\3.1更新 (3).png,analyzed,1,逐条语义审阅的规则原文：敏捷 云耀 7K 3 万籁俱寂-战斗阶段：立即结算你的战斗。 （进行战力结算后弃置此处的事件牌，然后将所有参与者 从游戏中移除。）
39,01从者\000已有从者\01剑士\剑士-两仪式\旧\两仪式.png,non_rule,1,仅为从者/牌面数值、卡背、标记或目录占位图，未见可执行规则文字
40,01从者\000已有从者\01剑士\剑士-亚瑟DIY\3.6更新对魔力.png,analyzed,1,逐条语义审阅的规则原文：Special 对魔力 3& 宝具绽放-被动/战斗阶段：若你于本回合打出了你战斗中 魔力消耗最高的 宝具攻击，获得1点战果。 若其消耗≥4，你额外获得1点战果。 魔术抗性-战斗阶段：将与你位于同一战场的交战对手控制 的×魔术属性攻击威力设置为0。
41,01从者\000已有从者\01剑士\剑士-亚瑟DIY\事件-阿瓦隆  (1).png,analyzed,1,逐条语义审阅的规则原文：一 I.阿瓦隆 【旅程】 使命-于此控制两张相同且印刷威力为5的基础攻击或获胜。 亚瑟于此战场获得：“教导-行动阶段：将一张你控制的 基础攻击替换为游戏外的米力量或×魔术5基础攻击。” （使命：战斗阶段结束时若亚瑟完成使命，切换至下阶段。
42,01从者\000已有从者\01剑士\剑士-亚瑟DIY\事件-阿瓦隆  (2).png,analyzed,1,战斗胜者/游戏流程改写 | 逐条语义审阅的规则原文：V.阿瓦隆 【旅程】 若亚瑟于此战场获胜且控制【星与誓约之剑】， 他获得游戏胜利，该效果不能被任何方式阻止。
43,01从者\000已有从者\01剑士\剑士-亚瑟DIY\事件-阿瓦隆  (3).png,analyzed,1,逐条语义审阅的规则原文：一 IV.卡姆兰 【旅程】 使命-作为战果点数唯一最高者或获胜。 亚瑟于此战场进行常规出牌时可以追加打出至多 2张牌。
44,01从者\000已有从者\01剑士\剑士-亚瑟DIY\事件-阿瓦隆  (4).png,analyzed,1,逐条语义审阅的规则原文：一 III.卡美洛 【旅程】 使命-作为本回合合计威力最高的玩家或获胜。 亚瑟于此战场+3合计威力。进入此战场的玩家需选择 【真名解放】或花费3点魔力，否则无法进入。
45,01从者\000已有从者\01剑士\剑士-亚瑟DIY\事件-阿瓦隆  (5).png,analyzed,1,逐条语义审阅的规则原文：一 II.廷塔杰尔 【旅程】 使命-于此战场首次【真名解放】或获胜。 局势牌不会禁止亚瑟于此战场使用 宝具。 亚瑟的 宝具攻击于此战场获得+2威力。
46,01从者\000已有从者\01剑士\剑士-亚瑟DIY\亚瑟DIY.png,non_rule,1,仅为从者/牌面数值、卡背、标记或目录占位图，未见可执行规则文字
47,01从者\000已有从者\01剑士\剑士-亚瑟DIY\星与誓约之剑.png,analyzed,1,战斗胜者/游戏流程改写 | 逐条语义审阅的规则原文：米 力量 宝具 X 4K 星与誓约之剑 【真名解放】 X=（1+本局游戏已真名解放过的从者数）且最大为12。 赤龙的象征-战斗阶段：此牌获得+X威力。战力结算时， 若你战斗中的从者均已【真名解放】，你获得4点合计威力。
48,01从者\000已有从者\01剑士\剑士-亚瑟DIY\耀眼的旅程.png,analyzed,1,全局事件/局势牌区访问与转移 | 逐条语义审阅的规则原文：耀眼的旅程 启程-被动：你获胜后的下个回合准备阶段，你可以将 【旅程】事件牌从任意位置放置于一处战场。 被动/准备阶段：花费2点魔力，将游戏内的【旅程】事 件牌放置于一处战场。
49,01从者\000已有从者\01剑士\剑士-亚瑟·潘德拉贡\3.6更新对魔力.png,analyzed,1,逐条语义审阅的规则原文：Special 对魔力 3& 宝具绽放-被动/战斗阶段：若你于本回合打出了你战斗中 魔力消耗最高的 宝具攻击，获得1点战果。 若其消耗≥4，你额外获得1点战果。 魔术抗性-战斗阶段：将与你位于同一战场的交战对手控制 的×魔术属性攻击威力设置为0。
50,01从者\000已有从者\01剑士\剑士-亚瑟·潘德拉贡\亚瑟 潘德拉贡.png,non_rule,1,仅为从者/牌面数值、卡背、标记或目录占位图，未见可执行规则文字
51,01从者\000已有从者\01剑士\剑士-亚瑟·潘德拉贡\对魔力.png,analyzed,1,逐条语义审阅的规则原文：特殊 对魔力 3 3& 战斗阶段：将同一战场所有对手的×属性威力变为0。
52,01从者\000已有从者\01剑士\剑士-亚瑟·潘德拉贡\旧剑-契约胜利之剑.png,analyzed,1,逐条语义审阅的规则原文：米 力量 宝具 7K 契约胜利之剑 4 【真名解放】 行动阶段：将任意数量亚瑟的技能移出游戏。每张 移除的技能为[契约胜利之剑]增加5点威力以及2点 消耗持续到游戏结束。
53,01从者\000已有从者\01剑士\剑士-亚瑟·潘德拉贡\旧剑-风王结界.png,analyzed,1,逐条语义审阅的规则原文：魔术 宝具 20 风王结界 12K 被动：该从者无法被真名解放。 战斗阶段：将与你进行战斗的对手其力量属性攻击 威力变为0。
54,01从者\000已有从者\01剑士\剑士-伊吹童子\伊吹童子.png,non_rule,1,仅为从者/牌面数值、卡背、标记或目录占位图，未见可执行规则文字
55,01从者\000已有从者\01剑士\剑士-伊吹童子\神剑-草那艺之大刀.png,analyzed,1,逐条语义审阅的规则原文：Strength Noble Phantasm C C 神剑·草那艺之大刀 10K 【真名解放】 战斗阶段：战斗结束后，选择每名你战斗中战败的对手各一 张激活的基础攻击移除游戏作为【鳞】。
56,01从者\000已有从者\01剑士\剑士-伊吹童子\草那艺之大刀-初始.png,analyzed,1,逐条语义审阅的规则原文：Noble Phantasm 草那艺之大刀 八脉怒涛-战斗阶段结束后，你可以将此牌和至多3张你弃牌 堆的牌移除游戏作为【鳞】。 当此牌作为【鳞】被置入弃牌堆后，此牌成为非技能牌并失 去八脉怒涛。
57,01从者\000已有从者\01剑士\剑士-伊吹童子\草那艺之大刀.png,non_rule,1,仅为从者/牌面数值、卡背、标记或目录占位图，未见可执行规则文字
58,01从者\000已有从者\01剑士\剑士-伊吹童子\鬼神之种.png,analyzed,1,逐条语义审阅的规则原文：鬼种之神 蛇神的神核-被动：当与你位于同一战场的对手打出了至 少一张与你的【鳞】具有相同属性的攻击时，将一张与其 具有相同属性的【鳞】置入弃牌堆，然后关闭一张被打出 的，与【鳞】具有相同属性的攻击。
59,01从者\000已有从者\01剑士\剑士-兰斯洛特\3.6更新对魔力.png,analyzed,1,逐条语义审阅的规则原文：Special 对魔力 3& 宝具绽放-被动/战斗阶段：若你于本回合打出了你战斗中 魔力消耗最高的 宝具攻击，获得1点战果。 若其消耗≥4，你额外获得1点战果。 魔术抗性-战斗阶段：将与你位于同一战场的交战对手控制 的×魔术属性攻击威力设置为0。
60,01从者\000已有从者\01剑士\剑士-兰斯洛特\兰斯洛特.png,non_rule,1,仅为从者/牌面数值、卡背、标记或目录占位图，未见可执行规则文字
61,01从者\000已有从者\01剑士\剑士-兰斯洛特\对魔力.png,analyzed,1,逐条语义审阅的规则原文：特殊 对魔力 3 3& 战斗阶段：将同一战场所有对手的×属性威力变为0。
62,01从者\000已有从者\01剑士\剑士-兰斯洛特\无穷的武炼.jpg,analyzed,1,复制或替换卡牌特征/效果 | 逐条语义审阅的规则原文：无穷的武练 3 0% 行动阶段：打出一张手牌，然后创造并激活一张该手牌的 临时复制。
63,01从者\000已有从者\01剑士\剑士-兰斯洛特\过重湖光.jpg,analyzed,1,逐条语义审阅的规则原文：魔术 宝具 8 12K 缚锁全断·过重湖光 【真名解放】 湖上骑士-被动/前哨阶段：获得1点魔力。 青色光芒一战斗阶段：若你获胜，获得3点战果。
64,01从者\000已有从者\01剑士\剑士-兰陵王DIY2\3.6更新 (1).png,analyzed,1,复制或替换卡牌特征/效果 | 调用或重放指定卡牌能力 | 逐条语义审阅的规则原文：魔术 宝具 入阵曲 6K 【真名解放】 骁勇无畏－【魔性之貌】改为“战力结算时，由兰陵王分别 选择每名交战对手的一张非残留攻击关闭”。
65,01从者\000已有从者\01剑士\剑士-兰陵王DIY2\3.6更新 (2).png,analyzed,1,逐条语义审阅的规则原文：特殊 隐美假面 2 2K 残留：你的从者保持真名隐藏。每回合限一次，行动阶段 你可以关闭此牌并【真名解放】。 打出时：你不受其他玩家的能力影响。 被动/行动阶段：若你已【真名解放】，将此牌加入攻击。
66,01从者\000已有从者\01剑士\剑士-兰陵王DIY2\3.6更新 (3).png,analyzed,1,逐条语义审阅的规则原文：魔性之貌 被动：战力结算时，若你已【真名解放】，你的交战对 手需选择自己的一张非残留攻击关闭。 回合结束时，若你【真名解放】，你失去2点魔力。
67,01从者\000已有从者\01剑士\剑士-兰陵王DIY2\兰陵王.png,non_rule,1,仅为从者/牌面数值、卡背、标记或目录占位图，未见可执行规则文字
68,01从者\000已有从者\01剑士\剑士-兰陵王DIY2\旧\3.1更新 (1).png,analyzed,1,逐条语义审阅的规则原文：特殊 隐美假面 2K 残留：你的从者保持真名隐藏。 被动/行动阶段：若你已【真名解放】，将此牌加入攻击。 行动阶段：关闭此牌并【真名解放】。
69,01从者\000已有从者\01剑士\剑士-兰陵王DIY2\旧\3.1更新 (2).png,analyzed,1,逐条语义审阅的规则原文：魔性之貌 被动：若你已【真名解放】，战力结算时，你的所有交 战对手需花费一枚令咒或选择自己一张非残留攻击关闭， 且回合结束时你需花费2点魔力，否则将此牌移除游戏。
70,01从者\000已有从者\01剑士\剑士-兰陵王DIY2\旧\3.1更新 (3).png,analyzed,1,调用或重放指定卡牌能力 | 逐条语义审阅的规则原文：宝具 入阵曲 6& 【真名解放】 骁勇无畏-战斗阶段：【魔性之貌】改为“战力结算时，由 兰陵王分别选择每名交战对手的一张非残留攻击关闭”。
71,01从者\000已有从者\01剑士\剑士-兰陵王DIY2\旧\入阵曲.png,analyzed,1,逐条语义审阅的规则原文：魔术 宝具 入阵曲 7 5K 【真名解放】 骁勇无畏-你的战斗中每有一张威力低于此牌基本威力，暗 置或被于本回合被关闭的其他攻击，此牌威力+3。
72,01从者\000已有从者\01剑士\剑士-兰陵王DIY2\旧\兰陵王.png,non_rule,1,仅为从者/牌面数值、卡背、标记或目录占位图，未见可执行规则文字
73,01从者\000已有从者\01剑士\剑士-兰陵王DIY2\旧\隐美假面.png,analyzed,1,逐条语义审阅的规则原文：特殊 隐美假面 1 & 你拥有的魔力少于8点也可使用此牌。 残留：你的从者保持真名隐藏。 任意阶段：每回合限一次，关闭此牌并【真名解放】。
74,01从者\000已有从者\01剑士\剑士-兰陵王DIY2\旧\魔性之貌.png,analyzed,1,逐条语义审阅的规则原文：魔性之貌 被动：若你已【真名解放】，战力结算时，你的所有交 战对手需分别选择自己一张非残留攻击关闭且回合结束 时你需花费2点魔力，否则将此牌移除游戏。
75,01从者\000已有从者\01剑士\剑士-兰陵王diy\1.png,analyzed,1,逐条语义审阅的规则原文：特殊 3 魔性之貌 【真名解放】 【隐美假面】未激活时此牌威力+5且拥有的魔力少于8点也 可打出此牌。 战斗阶段：此牌的威力等于此战场未使用区特殊牌的玩家 数量×5（最多为25）。
76,01从者\000已有从者\01剑士\剑士-兰陵王diy\2.png,analyzed,1,逐条语义审阅的规则原文：特殊 隐美假面 100& 你拥有的魔力少于8点也可打出此牌。此牌可追加打出。 残留：除此牌外若打出了2张基本威力相同的牌，合计威力+4。 前哨阶段：关闭此牌，打出【魔性之貌】或【兰陵王入阵曲】 （有魔力限制和消耗）。关闭此牌的回合内不可打出此牌。
77,01从者\000已有从者\01剑士\剑士-兰陵王diy\3.png,analyzed,1,逐条语义审阅的规则原文：特殊 宝具 兰陵王入阵曲 4 【真名解放】 前哨阶段：本回合的行动阶段中，位于兰陵王所在战场的玩 家攻击少打一张牌。兰陵王不受此效果影响。 战斗阶段：【魔性之貌】的威力翻倍。
78,01从者\000已有从者\01剑士\剑士-兰陵王diy\兰陵王.png,non_rule,1,仅为从者/牌面数值、卡背、标记或目录占位图，未见可执行规则文字
79,01从者\000已有从者\01剑士\剑士-冲田总司\atk-病弱.png,analyzed,1,逐条语义审阅的规则原文：病弱 0010K （当此牌被移除游戏时，改为弃置此牌） 被动：本回合的合计威力变为0。若此牌在你的手牌中，在 战斗时必须展示此牌，战斗后弃置此牌。
80,01从者\000已有从者\01剑士\剑士-冲田总司\atk-绝刀.png,analyzed,1,逐条语义审阅的规则原文：绝刀 4& （当此牌被移除游戏时，改为弃置此牌） 被动：若此牌在你的手牌中且你处于交战状态，立即将其展 示并加入攻击，然后抽一张牌。战斗后弃置此牌。 （交战状态：行动或战斗阶段时，位于一处存在对手的战场） （若要加入此卡，需在游戏开始时用此卡随机替换一张该从者的基础攻击卡）
81,01从者\000已有从者\01剑士\剑士-冲田总司\冲田总司.png,non_rule,1,仅为从者/牌面数值、卡背、标记或目录占位图，未见可执行规则文字
82,01从者\000已有从者\01剑士\剑士-冲田总司\无明三段突.png,analyzed,1,逐条语义审阅的规则原文：迅捷 8 4K 无明三段突 【真名解放】 行动阶段：创造并激活2张临时的威力4的&迅捷攻击直至 回合结束。
83,01从者\000已有从者\01剑士\剑士-冲田总司\绝刀.jpg,analyzed,1,逐条语义审阅的规则原文：绝刀 4& （当此牌被移除游戏时，改为弃置此牌） 被动：若此牌在你的手牌中且你处于交战状态，立即将其展 示并加入攻击，然后抽一张牌。战斗后弃置此牌。 （交战状态：行动或战斗阶段时，位于一处存在对手的战场）
84,01从者\000已有从者\01剑士\剑士-冲田总司\誓言的羽织.png,analyzed,1,逐条语义审阅的规则原文：誓言的羽织 被动/前哨阶段：公开手牌直至本回合结束，你的合计威力+3 且在战斗阶段开始时抽1张牌。
85,01从者\000已有从者\01剑士\剑士-冲田总司\诚之旗.png,analyzed,1,逐条语义审阅的规则原文：宝具 誠 誠 诚之旗 3 O10K 【真名解放】 行动阶段：从手牌中正面打出一张牌，然后抽一张牌。你 每回合可以使用此效果至多三次。
86,01从者\000已有从者\01剑士\剑士-凯撒\3.6.1黄之死.png,analyzed,1,通用标记/计数 | 逐条语义审阅的规则原文：敏捷 宝具 黄之死 13K 4 【真名解放】 演说-被动：拥有【煽动】标记的其他玩家获胜时，其获得 1枚【煽动】标记且与凯撒各获得1点魔力。 野心家-此牌-4X威力，X为你战斗中基本威力为4的攻击数。
87,01从者\000已有从者\01剑士\剑士-凯撒\凯撒.png,non_rule,1,仅为从者/牌面数值、卡背、标记或目录占位图，未见可执行规则文字
88,01从者\000已有从者\01剑士\剑士-凯撒\对魔力.png,analyzed,1,逐条语义审阅的规则原文：Special 对魔力 3& 宝具绽放-被动/战斗阶段：若你于本回合打出了你战斗中 魔力消耗最高的 宝具攻击，获得1点战果。 若其消耗≥4，你额外获得1点战果。 魔术抗性-战斗阶段：将与你位于同一战场的交战对手控制 的×魔术属性攻击威力设置为0。
89,01从者\000已有从者\01剑士\剑士-凯撒\我来.png,analyzed,1,逐条语义审阅的规则原文：米 力量 敏捷 魔术 宝具 3 3K 我来，我见，我征服 此牌需追加打出且不会被局势牌禁止打出。 战斗阶段：令与你位于同一战场且拥有【煽动】标记的交战 对手失去等于其【煽动】标记数的合计威力。
90,01从者\000已有从者\01剑士\剑士-凯撒\煽动.png,analyzed,1,通用标记/计数 | 逐条语义审阅的规则原文：米 力量 敏捷 魔术 宝具 煽动 4K 权计-被动：每枚【煽动】标记令拥有者+1合计威力。回合 开始时，若游戏内的【煸动】标记数≥12枚，切换此牌。 此牌需追加打出且不会被局势牌禁止打出。 行动阶段：与你位于同一战场的其他玩家各获得1枚【煽动】 标记。
91,01从者\000已有从者\01剑士\剑士-凯撒\黄之死.png,analyzed,1,通用标记/计数 | 逐条语义审阅的规则原文：敏捷 宝具 黄之死 13& 【真名解放】 演说-被动：拥有【煽动】标记的其他玩家获胜时，其获得 1枚【煽动】标记且与凯撒各获得1点魔力。 野心家-此牌-4X威力，X为你战斗中基本威力为4的攻击数。
92,01从者\000已有从者\01剑士\剑士-刘秀\3.6更新对魔力.png,analyzed,1,逐条语义审阅的规则原文：Special 对魔力 3& 宝具绽放-被动/战斗阶段：若你于本回合打出了你战斗中 魔力消耗最高的 宝具攻击，获得1点战果。 若其消耗≥4，你额外获得1点战果。 魔术抗性-战斗阶段：将与你位于同一战场的交战对手控制 的×魔术属性攻击威力设置为0。
93,01从者\000已有从者\01剑士\剑士-刘秀\刘秀.png,non_rule,1,仅为从者/牌面数值、卡背、标记或目录占位图，未见可执行规则文字
94,01从者\000已有从者\01剑士\剑士-刘秀\剑士-对魔力.png,analyzed,1,逐条语义审阅的规则原文：特殊 对魔力 3 3& 战斗阶段：将同一战场所有对手的×属性威力变为0。
95,01从者\000已有从者\01剑士\剑士-刘秀\日角之相.png,analyzed,1,逐条语义审阅的规则原文：魔术 3 6& 日角之相 【真名解放】 行动阶段：弃置一张【幸运】，本回合与你位于同一战场 的对手无法使用【战斗阶段】能力。
96,01从者\000已有从者\01剑士\剑士-刘秀\昆阳赤霄.png,analyzed,1,逐条语义审阅的规则原文：米 力量 宝具 火德星·昆阳赤霄 8 6K 【真名解放】 此牌威力+X，X为你所在战场事件牌战果点数之和。 打出时：将当前局势牌放置于你所在的战场，此局势牌视为 事件牌直至回合结束且其所有力量修正仅影响本战场，其战 果点数等于其魔力值。
97,01从者\000已有从者\01剑士\剑士-千子村正\3.1更新 (2).png,analyzed,1,逐条语义审阅的规则原文：宝具 X& 无元剑制 【真名解放】 此牌不能同其他牌一起打出，是你本回合打出的唯一一张牌。 X=你控制的【胚】的印刷基本威力之和 打出时：回合结束时，关闭你控制的所有【胚】，此效果不 能被任何方式阻止。
98,01从者\000已有从者\01剑士\剑士-千子村正\3.1更新 (3).png,analyzed,1,复制或替换卡牌特征/效果 | 逐条语义审阅的规则原文：米 力量 魔术 试斩 5 【真名解放】 被动/行动阶段：花费1点魔力并关闭一张【胚】，从手牌 打出一张β特殊基础牌。 行动阶段：展示牌库顶的三张牌，将其中的非区特殊基础 牌加入攻击并弃置其余的牌，每弃置一张牌，此牌+3威力。
99,01从者\000已有从者\01剑士\剑士-千子村正\3.4.1更新刀剑审美.png,analyzed,1,复制或替换卡牌特征/效果 | 逐条语义审阅的规则原文：刀剑审美 锻冶-被动：你的【胚】获得：“残留：此牌的基本威力视 为0并失去其他卡牌文字效果”。你的非β特殊基础牌获得： “战斗阶段：令本牌成为【胚】直至被关闭。” 当此牌因任何原因失效（包括但不限于移除、替换等）时， 关闭你控制的所有【胚】，该效果不能被任何方式阻止。
100,01从者\000已有从者\01剑士\剑士-千子村正\skills.png,non_rule,1,仅为从者/牌面数值、卡背、标记或目录占位图，未见可执行规则文字
101,01从者\000已有从者\01剑士\剑士-千子村正\剑胚.png,unclear,1,OCR无法可靠判定：（未识别到文字）
102,01从者\000已有从者\01剑士\剑士-千子村正\千子村正.png,non_rule,1,仅为从者/牌面数值、卡背、标记或目录占位图，未见可执行规则文字
103,01从者\000已有从者\01剑士\剑士-千子村正\旧版技能\3.1更新 (1).png,analyzed,1,复制或替换卡牌特征/效果 | 逐条语义审阅的规则原文：刀剑审美 锻冶-被动：你的【胚】获得：“残留：此牌的基本威力为 0”。你的非区特殊基础牌获得：“战斗阶段：本回合战 力结算后，令本牌成为【胚】直至关闭。”
104,01从者\000已有从者\01剑士\剑士-千子村正\旧版技能\刀剑审美.png,analyzed,1,复制或替换卡牌特征/效果 | 逐条语义审阅的规则原文：刀剑审美 锻冶-被动：你的【胚】获得：“残留：此牌的基本威力为 0”。你的非特殊基础牌获得：“战斗阶段：本回合战 力结算后，令本牌成为【胚】直至关闭。” 你的β特殊基础牌获得：“唯一/被动/行动阶段：关闭一 张你激活的【胚】，打出此牌。”
105,01从者\000已有从者\01剑士\剑士-千子村正\旧版技能\无元剑制.png,analyzed,1,复制或替换卡牌特征/效果 | 逐条语义审阅的规则原文：宝具 X& 无元剑制 【真名解放】 此牌不能同其他牌一起打出，是你本回合打出的唯一一张牌。 X=你控制的【胚】的印刷基本威力之和 打出时：战斗阶段结束后，关闭你的所有【胚】，此效果不 能被任何方式阻止。
106,01从者\000已有从者\01剑士\剑士-千子村正\旧版技能\试斩.png,analyzed,1,复制或替换卡牌特征/效果 | 逐条语义审阅的规则原文：米 力量 魔术 试斩 5 【真名解放】 行动阶段：展示牌库顶的三张牌，将其中的非区特殊基础 牌加入攻击并弃置其余的牌，每弃置一张牌，此牌+3威力。
107,01从者\000已有从者\01剑士\剑士-大和武尊\3.6更新对魔力.png,analyzed,1,逐条语义审阅的规则原文：Special 对魔力 3& 宝具绽放-被动/战斗阶段：若你于本回合打出了你战斗中 魔力消耗最高的 宝具攻击，获得1点战果。 若其消耗≥4，你额外获得1点战果。 魔术抗性-战斗阶段：将与你位于同一战场的交战对手控制 的×魔术属性攻击威力设置为0。
108,01从者\000已有从者\01剑士\剑士-大和武尊\httpssteamusercontentaakamaihdnetugc24224610583645532453000F034EA4E6F0C2087C617E0B4395D7DD972DF.png,unclear,1,OCR无法可靠判定：（未识别到文字）
109,01从者\000已有从者\01剑士\剑士-大和武尊\八岐.png,analyzed,1,通用标记/计数 | 逐条语义审阅的规则原文：宝具 XO 8K 绝技·八岐怒涛 【真名解放】 打出时：自由选择X（X至多为8）。 奔涌-行动阶段：令任意名其他玩家获得共计至多X枚【浪】 直至回合结束。战力结算时，你的交战对手每有一枚【浪】 标记便-1合计威力。
110,01从者\000已有从者\01剑士\剑士-大和武尊\天丛云.png,analyzed,1,逐条语义审阅的规则原文：宝具 5 13K 界剑·天丛云 【真名解放】 <每局游戏限一次> 水神-被动：你进行常规出牌后，可以令这些牌获得其不具 有的，你其他常规出牌所有的非（ 宝具属性。 诸天之力-战斗阶段结束并结算战斗战果后，将所有你所在 战场被放置的牌和激活的事件牌移除游戏。
111,01从者\000已有从者\01剑士\剑士-大和武尊\日本武尊.png,non_rule,1,仅为从者/牌面数值、卡背、标记或目录占位图，未见可执行规则文字
112,01从者\000已有从者\01剑士\剑士-大和武尊\旧版\5898301B4B377CF89168D57EB4266498.jpg,non_rule,1,仅为从者/牌面数值、卡背、标记或目录占位图，未见可执行规则文字
113,01从者\000已有从者\01剑士\剑士-大和武尊\旧版\B2D96AD4BB9C4AF06B885D85636B482F.png,non_rule,1,仅为从者/牌面数值、卡背、标记或目录占位图，未见可执行规则文字
114,01从者\000已有从者\01剑士\剑士-大和武尊\旧版\D12D9DB761042DAA64A1E4BAB5AA9465.jpg,analyzed,1,逐条语义审阅的规则原文：Special 对魔力 3& 宝具绽放-被动/战斗阶段：若你于本回合打出了你战斗中 魔力消耗最高的 宝具攻击，获得1点战果。 若其消耗≥4，你额外获得1点战果。 魔术抗性-战斗阶段：将与你位于同一战场的交战对手控制 的×魔术属性攻击威力设置为0。
115,01从者\000已有从者\01剑士\剑士-大和武尊\旧版\D3299EBE44E441D8A82CC546D723E78A.jpg,analyzed,1,通用标记/计数 | 逐条语义审阅的规则原文：宝具 8& 绝技·八岐怒涛 8 【真名解放】 奔涌-行动阶段：令任意名其他玩家获得共计至多8枚【浪】 直至回合结束。战力结算时，你的交战对手-X合计威力， X为其拥有的【浪】标记数。回合结束时，你获得Y点魔力， Y=8-你本回合以奔涌令其他玩家获得的【浪】标记数。
116,01从者\000已有从者\01剑士\剑士-大和武尊\旧版\DD500077E98E561E31207FAFD2F739C0.jpg,analyzed,1,逐条语义审阅的规则原文：宝具 13K 界剑·天丛云 4 【真名解放】 <每局游戏限一次> 水神一被动：你进行常规出牌后，可以令这些牌获得其不具 有的，你其他常规出牌所有的非 宝具属性。 诸天之力一战斗阶段：战力结算后，将所有你战斗中激活的 非技能攻击和事件牌移除游戏。
117,01从者\000已有从者\01剑士\剑士-大和武尊\旧版\{59AA1481-5455-B35C-54BB-FBF2ED43DFD5}.jpg,non_rule,1,仅为从者/牌面数值、卡背、标记或目录占位图，未见可执行规则文字
118,01从者\000已有从者\01剑士\剑士-宫本武藏\3.6更新对魔力.png,analyzed,1,逐条语义审阅的规则原文：Special 对魔力 3& 宝具绽放-被动/战斗阶段：若你于本回合打出了你战斗中 魔力消耗最高的 宝具攻击，获得1点战果。 若其消耗≥4，你额外获得1点战果。 魔术抗性-战斗阶段：将与你位于同一战场的交战对手控制 的×魔术属性攻击威力设置为0。
119,01从者\000已有从者\01剑士\剑士-宫本武藏\二天一流.png,analyzed,1,逐条语义审阅的规则原文：二天一流 被动：基于【境界】层数宫本武藏得到： 2+：如果你控制的2张攻击拥有相同的基础威力，总威力 +5。 7+：将你的基本攻击的基础威力翻倍。 12+：将武藏的技能牌基础威力翻倍。
120,01从者\000已有从者\01剑士\剑士-宫本武藏\六道五轮·俱利伽罗天象.png,analyzed,1,通用标记/计数 | 逐条语义审阅的规则原文：米 力量 宝具 8K 六道五轮·俱利伽罗天象 【真名解放】 被动：当你赢得战斗时，获得一枚【境界】标记。战斗中 每有一名对手额外获得1枚【境界】标记。每回合获得【境 界】标记不能超过3个。
121,01从者\000已有从者\01剑士\剑士-宫本武藏\剑士-对魔力.png,analyzed,1,逐条语义审阅的规则原文：特殊 对魔力 3 3& 战斗阶段：将同一战场所有对手的×属性威力变为0。
122,01从者\000已有从者\01剑士\剑士-宫本武藏\宫本武藏-境界x12.png,non_rule,1,仅为从者/牌面数值、卡背、标记或目录占位图，未见可执行规则文字
123,01从者\000已有从者\01剑士\剑士-宫本武藏\宫本武藏.png,non_rule,1,仅为从者/牌面数值、卡背、标记或目录占位图，未见可执行规则文字
124,01从者\000已有从者\01剑士\剑士-尼禄-花嫁3.0DIY\3.6更新予人以爱.png,analyzed,1,复制或替换卡牌特征/效果 | 逐条语义审阅的规则原文：米 力量 予人以爱 3K 【真名解放】 余之奏者-被动：此牌被唤醒后，加入尼禄·克劳狄乌斯〔新 娘）的攻击并于回合结束时加入其技能区。 行动阶段：你因自身御主影响提升的合计威力翻倍。 （仅合计威力，不包括因御主攻击牌获得的威力，地利等）
125,01从者\000已有从者\01剑士\剑士-尼禄-花嫁3.0DIY\予人以爱.png,analyzed,1,复制或替换卡牌特征/效果 | 逐条语义审阅的规则原文：米 力量 予人以爱 3K 【真名解放】 余之奏者-被动：此牌被唤醒后，加入尼禄·克劳狄乌斯〔新 娘）的攻击并于回合结束时加入其技能区。 行动阶段：你因御主能力和其他玩家的能力影响提升的威力翻倍 （不包括御主攻击牌、令咒）。
126,01从者\000已有从者\01剑士\剑士-尼禄-花嫁3.0DIY\予地以花.png,analyzed,1,复制或替换卡牌特征/效果 | 逐条语义审阅的规则原文：敏捷 2 4& 予地以花 【真名解放】 余之奏者-被动：此牌被唤醒后，加入尼禄·克劳狄乌斯〔新 娘）的攻击并于回合结束时加入其技能区。 行动阶段：你的攻击因事件牌提升的威力翻倍。
127,01从者\000已有从者\01剑士\剑士-尼禄-花嫁3.0DIY\予天以星.png,analyzed,1,复制或替换卡牌特征/效果 | 逐条语义审阅的规则原文：魔术 予天以星 3 5K 【真名解放】 余之奏者-被动：此牌被唤醒后，加入尼禄·克劳狄乌斯〔新 娘）的攻击并于回合结束时加入其技能区。 行动阶段：你的攻击因局势牌提升的威力翻倍。
128,01从者\000已有从者\01剑士\剑士-尼禄-花嫁3.0DIY\唤醒.png,analyzed,1,全局事件/局势牌区访问与转移 | 卡牌换面/多状态模板 | 逐条语义审阅的规则原文：白蔷薇姬－未唤醒 （此牌不是局势/事件/攻击牌。此牌展示时，将此牌唤醒 并切换后抽取一张新的相应牌代替。若你因某种效果从相 应牌堆抽牌时抽到了此牌，无视此牌并抽取一张新的相应 牌代替。在此效果结算后，将此牌唤醒并切换。）
129,01从者\000已有从者\01剑士\剑士-尼禄-花嫁3.0DIY\局势牌卡背\唤醒.png,analyzed,1,全局事件/局势牌区访问与转移 | 卡牌换面/多状态模板 | 逐条语义审阅的规则原文：白蔷薇姬－未唤醒 （此牌不是局势/事件/攻击牌。此牌展示时，将此牌唤醒 并切换后抽取一张新的相应牌代替。若你因某种效果从相 应牌堆抽牌时抽到了此牌，无视此牌并抽取一张新的相应 牌代替。在此效果结算后，将此牌唤醒并切换。）
130,01从者\000已有从者\01剑士\剑士-尼禄-花嫁3.0DIY\月桂树之戒.png,analyzed,1,逐条语义审阅的规则原文：月桂树之戒 被动：你拥有的魔力少于8点也可使用从者技能牌。 尼禄·克劳狄乌斯［新娘〕的技能牌获得：“如花绽放- 唯一：此牌可追加打出”
131,01从者\000已有从者\01剑士\剑士-尼禄-花嫁3.0DIY\白蔷薇的誓言.png,analyzed,1,全局事件/局势牌区访问与转移 | 逐条语义审阅的规则原文：白蔷薇的誓言 【真名解放】 <每局游戏限一次> 被动/准备阶段：花费6点魔力，将游戏外的【予天以星】 【予地以花】、【予人以爱】分别洗入局势牌堆、事件牌 堆、你的牌堆等待唤醒。
132,01从者\000已有从者\01剑士\剑士-尼禄-花嫁3.0DIY\终幕蔷薇.png,analyzed,1,全局事件/局势牌区访问与转移 | 逐条语义审阅的规则原文：魔术 宝具 4 1K 星辰驰骋的终幕蔷薇 【真名解放】 陨铁之-行动阶段：从任意处（包括游戏外）打出【予天 以星】、【予地以花】、【予人以爱】中的至多3张（若未 唤醒，返回时保持未唤醒状态）。回合结束时，令其返回 原本所在的位置。
133,01从者\000已有从者\01剑士\剑士-尼禄-花嫁3.0DIY\花嫁尼禄.png,non_rule,1,仅为从者/牌面数值、卡背、标记或目录占位图，未见可执行规则文字
134,01从者\000已有从者\01剑士\剑士-尼禄-花嫁3.0DIY\黑圣杯卡背\唤醒.png,analyzed,1,全局事件/局势牌区访问与转移 | 卡牌换面/多状态模板 | 逐条语义审阅的规则原文：白蔷薇姬－未唤醒 （此牌不是局势/事件/攻击牌。此牌展示时，将此牌唤醒 并切换后抽取一张新的相应牌代替。若你因某种效果从相 应牌堆抽牌时抽到了此牌，无视此牌并抽取一张新的相应 牌代替。在此效果结算后，将此牌唤醒并切换。）
135,01从者\000已有从者\01剑士\剑士-尼禄·克劳狄乌斯\尼禄.png,non_rule,1,仅为从者/牌面数值、卡背、标记或目录占位图，未见可执行规则文字
136,01从者\000已有从者\01剑士\剑士-尼禄·克劳狄乌斯\皇帝特权.png,analyzed,1,逐条语义审阅的规则原文：皇帝特权 准备阶段/被动：你可以花费2魔力选择在本轮将自已的玩 家顺位调至第一或最后一位，这不会影响其他玩家的行动 顺序。
137,01从者\000已有从者\01剑士\剑士-尼禄·克劳狄乌斯\邀至心荡神驰的黄金剧场.png,analyzed,1,逐条语义审阅的规则原文：特殊 宝具 706& 邀至心荡神驰的黄金剧场 【真名解放】 残留：每当你赢得战斗时，你得到此牌生效后回合数的战 果。若你没有赢得战斗，于回合结束时关闭此牌。
138,01从者\000已有从者\01剑士\剑士-尼禄·克劳狄乌斯\陨铁之.png,analyzed,1,全局事件/局势牌区访问与转移 | 逐条语义审阅的规则原文：迅捷 宝具 陨铁之 4 1K 【真名解放】 原初之火-行动阶段：抽2张牌，从手牌中打出任意张基础 威力不同的攻击，然后将手牌中剩余的牌移除游戏。
139,01从者\000已有从者\01剑士\剑士-巴御前\httpssteamusercontentaakamaihdnetugc250127849024314327264C12591142D04FBA89483FFE130AE0E7C09D891.png,analyzed,1,通用标记/计数 | 逐条语义审阅的规则原文：米 力量 ? 夏日午夜的侧面 2 15K 被动：回合结束时若你未使用 宝具，失去一个【熬夜】标记。 高潮回合，若你拥有【熬夜】标记，你无法使用宝具。 想要玩游戏！-被动/行动阶段：若激活的局势牌包含魔力为0的， 将一张巴御前的 宝具牌基本威力设为0加入攻击并获得一枚 【熬夜】标记，你可以无视局势牌限制使用该 宝具。
140,01从者\000已有从者\01剑士\剑士-巴御前\httpssteamusercontentaakamaihdnetugc25012784902431437160C59F3099758A9B192CEBDA3D5A0B75D30A4D024.png,analyzed,1,全局事件/局势牌区访问与转移 | 逐条语义审阅的规则原文：宝具 JHC. VR新阴流奥义 4 9K 巴渊太阳剑 【真名解放】 战斗阶段：花费X点魔力，展示并弃置一名交战对手牌库底 的X张牌（X为0~3），其中每张与你控制的攻击具有相同属 性的攻击令该对手-1基础地利（计算能力增减前的地利）。 这之后，若该对手没有地利，其-5合计威力。
141,01从者\000已有从者\01剑士\剑士-巴御前\httpssteamusercontentaakamaihdnetugc250127849024314427523EF271DB7A52B7DE5533B19EFA86A6CBA81ECCC.png,analyzed,1,原子位置交换/成组强制移动 | 逐条语义审阅的规则原文：VR新阴流 被动/行动阶段：花费X点魔力，查看你与一名交战对手牌 库底的各X+1张牌（X至多为3），你可以将你与其同位置 的牌交换。（倒数第一张与其倒数第一张交换，以此类推） 被动/战斗阶段：回合结束时，若你本回合于战斗中打出了 宝具，获得1点战果；若你打出并获胜，额外获得1点战果。
142,01从者\000已有从者\01剑士\剑士-巴御前\httpssteamusercontentaakamaihdnetugc27691156466106170EEDB6574494FAC1933D893B9C11D59E4F68F54B5.png,unclear,1,OCR无法可靠判定：W
143,01从者\000已有从者\01剑士\剑士-巴御前\巴御前.png,non_rule,1,仅为从者/牌面数值、卡背、标记或目录占位图，未见可执行规则文字
144,01从者\000已有从者\01剑士\剑士-巴格斯特\3.1更新 (3).png,analyzed,1,逐条语义审阅的规则原文：米Strength 吞天食日 6& 残留：当你进入魔术工房时，关闭此牌。你的行动阶段开始 时抽2张牌，你本回合仅可打出这2张牌但你可以弃置以此效 果抽取的区特殊牌来打出一张你的技能牌（每弃置一张便 可打出一张），以此法打出的技能魔力消耗-2。
145,01从者\000已有从者\01剑士\剑士-巴格斯特\3.8更新 (1).png,analyzed,1,逐条语义审阅的规则原文：特殊 3 3& 魔性束缚 故土难离-被动：你无法从魔术工房或深山町移动至新都， 或是从新都移动至魔术工房或深山町。 野性法则-战斗阶段：将与你位于同一战场的对手控制的， 被使用了行动或战斗阶段能力的攻击威力设为0。
146,01从者\000已有从者\01剑士\剑士-巴格斯特\3.8更新 (2).png,analyzed,1,逐条语义审阅的规则原文：米 力量 宝具 3K 捕食日轮之角 【真名解放】 行动阶段：展示至多3张你的手牌。此牌的威力增加你因此效 果展示的牌的印刷基本威力之和。若你展示了3张印刷基本威 力为3的牌，此牌的威力改为增加15点。
147,01从者\000已有从者\01剑士\剑士-巴格斯特\巴格斯特.png,non_rule,1,仅为从者/牌面数值、卡背、标记或目录占位图，未见可执行规则文字
148,01从者\000已有从者\01剑士\剑士-巴格斯特\旧版技能\3.1更新 (1).png,analyzed,1,逐条语义审阅的规则原文：米 力量 宝具 3K 捕食日轮之角 【真名解放】 行动阶段：展示至多3张你的手牌。此牌的威力增加你因此效 果展示的牌的印刷基本威力之和。若你展示了3张印刷基本威 力为3的牌，此牌的威力改为增加18点。
149,01从者\000已有从者\01剑士\剑士-巴格斯特\旧版技能\3.1更新 (2).png,analyzed,1,逐条语义审阅的规则原文：特殊 3 3& 魔性束缚 故土难离-被动：你不可从魔术工房或深山町移动至新都或 侦查，反之亦然。 野性法则-战斗阶段：令你所有交战对手的，使用了【行动 阶段】或【战斗阶段】能力的攻击威力变为0。
150,01从者\000已有从者\01剑士\剑士-巴格斯特\旧版技能\吞天食日.png,analyzed,1,逐条语义审阅的规则原文：米 力量 3 5K 吞天食日 残留：当你进入魔术工房时，关闭此牌。你的行动阶段开始 时，抽2张牌，你仅可打出这2张牌。你可以弃置以此效果抽 取的区特殊牌来打出一张你的技能牌（每弃置一张便可打出 一张），以此法打出的技能魔力消耗-2。
151,01从者\000已有从者\01剑士\剑士-巴格斯特\旧版技能\捕食日轮之角.png,analyzed,1,逐条语义审阅的规则原文：米 力量 宝具 捕食日轮之角 【真名解放】 行动阶段：展示至多3张你的手牌。此牌的威力增加你因此效 果展示的牌的印刷基本威力之和。若你展示了3张印刷基本威 力为3的牌，此牌的威力改为增加18点。
152,01从者\000已有从者\01剑士\剑士-巴格斯特\旧版技能\魔性束缚.png,analyzed,1,逐条语义审阅的规则原文：特殊 3& 魔性束缚 4 故土难离-被动：你不可从魔术工房或深山町移动至侦查或 新都，反之亦然。 野性法则-战斗阶段：令你所有交战对手的，使用了【行动 阶段】或【战斗阶段】能力的攻击威力变为0。
153,01从者\000已有从者\01剑士\剑士-弗兰肯斯坦\3.8更新 (1).png,analyzed,1,逐条语义审阅的规则原文：敏捷 宝具 7 7K 穿刺之雷刃 【真名解放】 所有玩家的移动无法因玩家能力被阻止。 璀璨雷树-行动阶段：将任意枚未放置的电荷放置于你所在及 相邻地点未拥有电荷的玩家处。若你以此法放置了4枚电荷， 与你位于同一战场的激活攻击的能力无法被使用。
154,01从者\000已有从者\01剑士\剑士-弗兰肯斯坦\3.8更新 (2).png,analyzed,1,通用标记/计数 | 逐条语义审阅的规则原文：夏日电疗 被动：你拥有两个【+】和两个【－】电荷。你的行动阶段开始时， 放置至多2枚电荷于你所在及相邻地点未拥有电荷者处。 拥有电荷者的战斗阶段开始时，按其他合计威力高于其且拥有电荷 者的回合顺位：若其与同电荷者位于同一地点，移动至另一处相邻 地点（由高威力者选择）；若其与不同电荷者位于相邻地点，移动 至该处地点，其每花费3点魔力便可无视一次因此效果的移动。
155,01从者\000已有从者\01剑士\剑士-弗兰肯斯坦\3.8更新 (3).png,analyzed,1,通用标记/计数 | 逐条语义审阅的规则原文：米 力量 宝具 20 适度负载 3K 你拥有的魔力少于8点也可以使用此牌。 打出时：收回X枚电荷，获得2X点合计威力。
156,01从者\000已有从者\01剑士\剑士-弗兰肯斯坦\剑-弗兰肯斯坦.png,non_rule,1,仅为从者/牌面数值、卡背、标记或目录占位图，未见可执行规则文字
157,01从者\000已有从者\01剑士\剑士-弗兰肯斯坦\加减标记 (1).png,non_rule,1,仅为从者/牌面数值、卡背、标记或目录占位图，未见可执行规则文字
158,01从者\000已有从者\01剑士\剑士-弗兰肯斯坦\加减标记 (2).png,non_rule,1,仅为从者/牌面数值、卡背、标记或目录占位图，未见可执行规则文字
159,01从者\000已有从者\01剑士\剑士-拉克什米·芭伊\3.2更新巴依.png,non_rule,1,仅为从者/牌面数值、卡背、标记或目录占位图，未见可执行规则文字
160,01从者\000已有从者\01剑士\剑士-拉克什米·芭伊\3.6更新对魔力.png,analyzed,1,逐条语义审阅的规则原文：Special 对魔力 3& 宝具绽放-被动/战斗阶段：若你于本回合打出了你战斗中 魔力消耗最高的 宝具攻击，获得1点战果。 若其消耗≥4，你额外获得1点战果。 魔术抗性-战斗阶段：将与你位于同一战场的交战对手控制 的×魔术属性攻击威力设置为0。
161,01从者\000已有从者\01剑士\剑士-拉克什米·芭伊\atk-厄运.jpg,analyzed,1,逐条语义审阅的规则原文：Special 厄运 006K 被动：当你【败北】时，你可以从手牌弃置此牌，然后你获 得3点战果并令所有与你位于同一战场的对手【败北】。 打出时：抽一张牌，若你战败，将此牌洗回你的牌库。
162,01从者\000已有从者\01剑士\剑士-拉克什米·芭伊\不容侵夺之拒绝王国.png,analyzed,1,调用或重放指定卡牌能力 | 逐条语义审阅的规则原文：米 力量 宝具 7 12K 不容侵夺之拒绝王国 【真名解放】 瓜廖尔的抵抗-被动：当一名对手进入你所在的战场时，你 可以打出一张牌并使用其行动阶段能力（该牌基本威力减半， 向上取整）。如果你以瓜廖尔的抵抗打出了此牌，将一名你 所在的战场的对手移动至相邻地点。
163,01从者\000已有从者\01剑士\剑士-拉克什米·芭伊\旧\3.2更新拉克什米.jpg,non_rule,1,仅为从者/牌面数值、卡背、标记或目录占位图，未见可执行规则文字
164,01从者\000已有从者\01剑士\剑士-拉克什米·芭伊\旧\剑士-对魔力.png,analyzed,1,逐条语义审阅的规则原文：特殊 对魔力 3 3& 战斗阶段：将同一战场所有对手的×属性威力变为0。
165,01从者\000已有从者\01剑士\剑士-拉克什米·芭伊\旧\芭伊.png,non_rule,1,仅为从者/牌面数值、卡背、标记或目录占位图，未见可执行规则文字
166,01从者\000已有从者\01剑士\剑士-拉克什米·芭伊\终焉.png,analyzed,1,战斗胜者/游戏流程改写 | 逐条语义审阅的规则原文：特殊 6& 终焉，然意志仍在延续 被动：若你赢得了一场有战果多于你的其他玩家参与的战斗， 在本回合结束时，你不会被淘汰。若你于最后一回合获胜且 战果数不为第一，以【天之杯】作为局势牌再进行一回合。
167,01从者\000已有从者\01剑士\剑士-斋藤一\3.6更新对魔力.png,analyzed,1,逐条语义审阅的规则原文：Special 对魔力 3& 宝具绽放-被动/战斗阶段：若你于本回合打出了你战斗中 魔力消耗最高的 宝具攻击，获得1点战果。 若其消耗≥4，你额外获得1点战果。 魔术抗性-战斗阶段：将与你位于同一战场的交战对手控制 的×魔术属性攻击威力设置为0。
168,01从者\000已有从者\01剑士\剑士-斋藤一\剑士-对魔力.png,analyzed,1,逐条语义审阅的规则原文：特殊 对魔力 3 3& 战斗阶段：将同一战场所有对手的×属性威力变为0。
169,01从者\000已有从者\01剑士\剑士-斋藤一\斋藤一.png,non_rule,1,仅为从者/牌面数值、卡背、标记或目录占位图，未见可执行规则文字
170,01从者\000已有从者\01剑士\剑士-斋藤一\无形.png,analyzed,1,复制或替换卡牌特征/效果 | 逐条语义审阅的规则原文：宝具 无形 拔刀自如-被动/战斗阶段：若你控制基础&敏捷攻击， 将所有未与你控制至少一张与你相同基础&敏捷攻击的 交战对手的&敏捷攻击威力变为0。 你可以支付3点魔力，将拔刀自如中的 敏捷”更改 为“米力量”，重复发动一次本效果（即使未发动过）。
171,01从者\000已有从者\01剑士\剑士-斋藤一\诚之旗.png,analyzed,1,复制或替换卡牌特征/效果 | 逐条语义审阅的规则原文：宝具 诚之旗 3 【真名解放】 行动阶段：抽2张牌并展示你的手牌。免费正面打出所有因 此效果展示的基础米力量和&敏捷攻击，然后关闭你所有 的基础米力量或&敏捷攻击。
172,01从者\000已有从者\01剑士\剑士-曹操DIY\3.1卡面.png,non_rule,1,仅为从者/牌面数值、卡背、标记或目录占位图，未见可执行规则文字
173,01从者\000已有从者\01剑士\剑士-曹操DIY\3.4.1更新五德之鸟.png,analyzed,1,逐条语义审阅的规则原文：特殊 7 五德之鸟 此牌不能同其他牌一起打出。 归心-打出时：随机展示并获得每名其他玩家的一张手牌， 你可以打出因此效果获得的手牌。回合结束时，令因归心获 得的手牌返回所有者的弃牌堆。
174,01从者\000已有从者\01剑士\剑士-曹操DIY\3.6更新对魔力.png,analyzed,1,逐条语义审阅的规则原文：Special 对魔力 3& 宝具绽放-被动/战斗阶段：若你于本回合打出了你战斗中 魔力消耗最高的 宝具攻击，获得1点战果。 若其消耗≥4，你额外获得1点战果。 魔术抗性-战斗阶段：将与你位于同一战场的交战对手控制 的×魔术属性攻击威力设置为0。
175,01从者\000已有从者\01剑士\剑士-曹操DIY\3.8更新倚天剑.png,analyzed,1,逐条语义审阅的规则原文：宝具 70 缚星·倚天剑 21k 【真名解放】 魏武之刚-战斗阶段：你的交战对手可以展示并弃置一张手 牌，此牌的威力减少因此效果弃置的牌的基本威力之和。 此效果具有强制性。
176,01从者\000已有从者\01剑士\剑士-曹操DIY\旧\倚天剑.png,analyzed,1,逐条语义审阅的规则原文：宝具 70 缚星·倚天剑 21K 【真名解放】 魏武之刚-战斗阶段：令所有交战对手展示一张手牌并选择 是否将其弃置。此牌的威力减少因此效果弃置的牌的基本威 力之和。此效果具有强制性。
177,01从者\000已有从者\01剑士\剑士-曹操DIY\旧\新五德.png,analyzed,1,逐条语义审阅的规则原文：特殊 五德之鸟 5 此牌不能与其他牌一同打出。 归心-打出时：随机展示并获得每名其他玩家的一张手牌， 你可以打出因此效果获得的手牌。回合结束时，令因归心获 得的手牌返回所有者的弃牌堆。
178,01从者\000已有从者\01剑士\剑士-曹操DIY\旧\新剑士-对魔力.png,analyzed,1,逐条语义审阅的规则原文：特殊 对魔力 3 3& 战斗阶段：将同一战场所有对手的×属性威力变为0。
179,01从者\000已有从者\01剑士\剑士-曹操DIY\旧\旧乱世之奸雄.png,analyzed,1,逐条语义审阅的规则原文：乱世之奸雄 被动/行动阶段：花费2点魔力，战力结算时，每有一名 处于交战状态的其他玩家，你获得+1合计威力。高潮阶 段时，改为+2合计威力。
180,01从者\000已有从者\01剑士\剑士-曹操DIY\旧\旧五德之鸟.png,analyzed,1,逐条语义审阅的规则原文：特殊 五德之鸟 5 你可于前哨阶段将此牌加入攻击， <每局游戏限一次> 若如此做，则你本回合无法进行常规出牌且下回合无法进行部署。 飞影一被动：其他玩家无法以常规移动进入你所在的地点。 归心-打出时：随机展示并获得每名其他玩家的一张手牌，你可以打出 因此效果获得的手牌。回合结束时，令因归心获得的手牌返回所有者的 弃牌堆。
181,01从者\000已有从者\01剑士\剑士-曹操DIY\旧\旧超世之英杰.png,analyzed,1,逐条语义审阅的规则原文：超世之英杰 被动：当你获胜后，切换此牌。 被动/行动阶段：花费2点魔力，回合结束时，每有一名未 处于交战状态的其他玩家，你获得1点战果。
182,01从者\000已有从者\01剑士\剑士-曹操DIY\旧\曹操.png,non_rule,1,仅为从者/牌面数值、卡背、标记或目录占位图，未见可执行规则文字
183,01从者\000已有从者\01剑士\剑士-木曾义仲\3.6更新对魔力.png,analyzed,1,逐条语义审阅的规则原文：Special 对魔力 3& 宝具绽放-被动/战斗阶段：若你于本回合打出了你战斗中 魔力消耗最高的 宝具攻击，获得1点战果。 若其消耗≥4，你额外获得1点战果。 魔术抗性-战斗阶段：将与你位于同一战场的交战对手控制 的×魔术属性攻击威力设置为0。
184,01从者\000已有从者\01剑士\剑士-木曾义仲\勇往直前.png,analyzed,1,效果保护/改目标/来源过滤 | 逐条语义审阅的规则原文：宝具 3K 勇往直前·俱利伽罗岭 鬼神无惧-被动：当你的攻击威力或合计威力即将因其他玩 家的能力影响被降低时，你可以花费3点魔力，将此效果的 目标更改为一名交战对手。（其可以被该效果影响复数次） 行动阶段：花费一处地利位置数的魔力，令对手失去该地利 位置，然后你可以移动至该战场后重新部署于该位置。
185,01从者\000已有从者\01剑士\剑士-木曾义仲\旭将军.png,analyzed,1,复制或替换卡牌特征/效果 | 逐条语义审阅的规则原文：宝具 旭将军 3K 4 【真名解放】 朝日-被动：木曾义仲印刷威力为3的牌获得“唯一：你可 以于常规出牌时追加打出此牌。” 行动阶段：此牌获得所有你激活的印刷威力为3的攻击的属 性且受到局势牌和事件牌三倍的力量修正。
186,01从者\000已有从者\01剑士\剑士-木曾义仲\木曾义仲.png,non_rule,1,仅为从者/牌面数值、卡背、标记或目录占位图，未见可执行规则文字
187,01从者\000已有从者\01剑士\剑士-查理曼\3.6更新对魔力.png,analyzed,1,逐条语义审阅的规则原文：Special 对魔力 3& 宝具绽放-被动/战斗阶段：若你于本回合打出了你战斗中 魔力消耗最高的 宝具攻击，获得1点战果。 若其消耗≥4，你额外获得1点战果。 魔术抗性-战斗阶段：将与你位于同一战场的交战对手控制 的×魔术属性攻击威力设置为0。
188,01从者\000已有从者\01剑士\剑士-查理曼\剑士-对魔力.png,analyzed,1,逐条语义审阅的规则原文：特殊 对魔力 3 3& 战斗阶段：将同一战场所有对手的×属性威力变为0。
189,01从者\000已有从者\01剑士\剑士-查理曼\吾转瞬即逝的荣光.png,analyzed,1,逐条语义审阅的规则原文：宝具 XOO& 吾转瞬即逝的荣光 【真名解放】 X为14-（当前回合数×2） 残留：你的攻击因局势牌和事件牌提升的威力翻倍。高潮阶 段时，变为三倍。
190,01从者\000已有从者\01剑士\剑士-查理曼\展示王勇，遍历巡世的十二辉剑.png,analyzed,1,全局事件/局势牌区访问与转移 | 逐条语义审阅的规则原文：米 力量 宝具 8 10% 展示王勇，遍历巡世的十二辉剑 【真名解放】 被动：获得胜利时，你可将此战场中的一张事件牌洗回事件 牌库。 战斗阶段：抽一张事件牌并将之加入你的战场，你的所有攻 击获得该事件牌上印刷的属性。
191,01从者\000已有从者\01剑士\剑士-查理曼\查理曼.png,non_rule,1,仅为从者/牌面数值、卡背、标记或目录占位图，未见可执行规则文字
192,01从者\000已有从者\01剑士\剑士-柳生但马守宗矩\3.6更新 (1).png,analyzed,1,逐条语义审阅的规则原文：3 3& 无刀取 【真名解放】 打出时：选择一种非（ 宝具属性令此牌获得直至回合结束。 战斗阶段：若你未激活其他攻击，本回合【新阴流·水月】 展示牌后，将【破绽】改为加入你的攻击并于回合结束时 返回原所有者的弃牌堆。
193,01从者\000已有从者\01剑士\剑士-柳生但马守宗矩\3.6更新 (2).png,analyzed,1,逐条语义审阅的规则原文：新阴流·水月 被动/战斗阶段：花费2X-1点魔力，从你战斗中任意玩家 的牌库底展示共计X张牌。你对手被展示的牌若与你控制 的攻击具有相同的属性，便作为【破绽】弃置。 你对手的【破绽】每具有一种属性，便令其-3合计威力。
194,01从者\000已有从者\01剑士\剑士-柳生但马守宗矩\新阴流-通透.png,analyzed,1,效果保护/改目标/来源过滤 | 逐条语义审阅的规则原文：新阴流·通透 被动：当你因其他玩家能力的影响即将弃置、移除牌或将 牌加入你的手牌、牌库或弃牌堆时，你可以花费3点魔力 令该效果及后续影响对你无效（例如【勇者的不凋花】） 被动/行动阶段：查看与你位于同一地点其他玩家的牌库。
195,01从者\000已有从者\01剑士\剑士-柳生但马守宗矩\旧\新阴流-水月.png,analyzed,1,逐条语义审阅的规则原文：新阴流·水月 被动/战斗阶段：花费X点魔力，从你战斗中任意玩家的牌 库底展示共计X张牌。你对手被展示的牌若与你控制的攻 击具有相同的属性，便作为【破绽】弃置。 你对手的【破绽】每具有一种属性，便令其-3合计威力。
196,01从者\000已有从者\01剑士\剑士-柳生但马守宗矩\旧\无刀取.png,analyzed,1,逐条语义审阅的规则原文：米 力量 魔术 3 3K 无刀取 【真名解放】 战斗阶段：若你未激活其他攻击，本回合【新阴流·水月】 展示牌后，将【破绽】改为加入你的攻击并于回合结束时 返回原所有者的弃牌堆。
197,01从者\000已有从者\01剑士\剑士-柳生但马守宗矩\柳生但马守宗矩.png,non_rule,1,仅为从者/牌面数值、卡背、标记或目录占位图，未见可执行规则文字
198,01从者\000已有从者\01剑士\剑士-狄俄斯库里\凡性之赠.png,analyzed,1,逐条语义审阅的规则原文：凡性之赠 炽烈燃烧-被动/行动阶段：打出一张卡斯托耳的攻击。 卡斯托耳的基础攻击获得<每局游戏限一次>。 被动/行动阶段：【真名解放】。弃置2张牌，从你的牌 库中选择一张牌加入手牌。你可以花费4点魔力，改为 从你的弃牌堆中选择。
199,01从者\000已有从者\01剑士\剑士-狄俄斯库里\双神的神核.png,analyzed,1,复制或替换卡牌特征/效果 | 逐条语义审阅的规则原文：双神的神核 被动：你的基础米力量攻击和【幸运】属于波鲁克斯。 狄俄斯库里的其他攻击属于卡斯托耳。 当你于常规打牌打出两张狄俄斯库里的正面朝上攻击时， 一张必须属于波鲁克斯，另一张必须属于卡斯托耳。 波鲁克斯和卡斯托耳的攻击受到两倍的力量修正。
200,01从者\000已有从者\01剑士\剑士-狄俄斯库里\双神赞歌.png,analyzed,1,复制或替换卡牌特征/效果 | 逐条语义审阅的规则原文：魔术 宝具 2K 双神赞歌 【真名解放】 坚定铁拳-被动/行动阶段：弃置一张波鲁克斯的攻击。波鲁 克斯的攻击+1威力。 双子座之颂-战斗阶段：狄俄斯库里的其他攻击+2威力。
201,01从者\000已有从者\01剑士\剑士-狄俄斯库里\狄俄斯库里.png,non_rule,1,仅为从者/牌面数值、卡背、标记或目录占位图，未见可执行规则文字
202,01从者\000已有从者\01剑士\剑士-红阎魔3.0DIY\3.6更新三刀.png,analyzed,1,复制或替换卡牌特征/效果 | 逐条语义审阅的规则原文：魔术 宝具 阎雀拔刀术其三 3 7K 十王判决·葛笼纪行 【真名解放】 被动/行动阶段：若你控制【拔刀术·一】与【拔刀术·二】，花费7点魔力 将此牌加入攻击。 居合-唯一/行动阶段：根据你控制的牌，此牌获得： 【拔刀术·一】或【拔刀术·二】一【对魔力】的卡牌文字效果。 【拔刀术·一】和【拔刀术·二】－战斗阶段：你获得X点合计威力，X为 你本回合以从者技能令其他玩家获得的魔力总和。
203,01从者\000已有从者\01剑士\剑士-红阎魔3.0DIY\ATK-3.6阎魔亭.png,analyzed,1,逐条语义审阅的规则原文：阎魔亭 欢迎光临-被动：游戏开始时，此牌位于你的牌堆顶。 当此牌被放置时不视为攻击。此牌所在地点的玩家获得魔力 时，随机弃置一张手牌。其每因此效果弃置一张手牌便获得 2点合计威力。 被动/行动阶段：将此牌放置于一处地点，然后抽一张牌。
204,01从者\000已有从者\01剑士\剑士-红阎魔3.0DIY\一刀.png,analyzed,1,逐条语义审阅的规则原文：敏捷 阎雀拔刀术其 4& 报应的藤箱 打出时：与你位于同一战场的玩家获得1点魔力。 居合-唯一/行动阶段：根据你控制的牌，此牌获得： 【拔刀术·二】－【气息遮断】的卡牌文字效果。 【拔刀术·三】－行动阶段：打出一张&敏捷基础攻击。
205,01从者\000已有从者\01剑士\剑士-红阎魔3.0DIY\二刀.png,analyzed,1,逐条语义审阅的规则原文：米 力量 阎雀拔刀术其二 2 5K 报答的藤箱 打出时：与你位于同一战场的玩家获得1点魔力。 居合-唯一/行动阶段：根据你控制的牌，此牌获得： 【拔刀术·一】－【单独行动】的卡牌文字效果。 【拔刀术·三】－行动阶段：打出一张米力量基础攻击。
206,01从者\000已有从者\01剑士\剑士-红阎魔3.0DIY\旧\atk-阎魔亭.png,analyzed,1,逐条语义审阅的规则原文：魔术 阎魔亭 O <每局游戏限一次> 行动阶段：将此牌放置于一处地点。 欢迎光临-被动：游戏开始时，此牌位于牌堆顶。当此牌被放 置时不视为攻击。此牌所在地点的玩家获得魔力时，随机弃 置一张手牌。其每因此效果弃置一张手牌便获得2点合计威力。
207,01从者\000已有从者\01剑士\剑士-红阎魔3.0DIY\旧\三刀.png,analyzed,1,逐条语义审阅的规则原文：魔术 宝具 阎雀拔刀术其三 3 7K 十王判决·葛笼纪行 【真名解放】 居合-唯一/行动阶段：根据你控制的牌，此牌获得： 【拔刀术·一】或【拔刀术·二】－【对魔力】的卡牌文字效果。 【拔刀术·一】和【拔刀术·二】－战斗阶段：战力结算时，令所有与你位于同一 战场的，且于本回合因你的卡牌效果获得过魔力的对手【败北】。 被动/行动阶段：若你控制【拔刀术·一】与【拔刀术·二】，花费7点魔力将此牌 加入攻击。
208,01从者\000已有从者\01剑士\剑士-红阎魔3.0DIY\红阎魔.png,non_rule,1,仅为从者/牌面数值、卡背、标记或目录占位图，未见可执行规则文字
209,01从者\000已有从者\01剑士\剑士-莫德雷德\3.1更新灿然.png,analyzed,1,逐条语义审阅的规则原文：米 力量 宝具 1K 向端丽的吾父发起叛逆 【真名解放】 魔力放出-行动阶段：花费X点魔力，此牌获得+2X威力 （X至多为10）。若你战败，恢复因魔力放出消耗的魔力 的一半（向上取整），该恢复效果不能被任何方式阻止。
210,01从者\000已有从者\01剑士\剑士-莫德雷德\3.6更新对魔力.png,analyzed,1,逐条语义审阅的规则原文：Special 对魔力 3& 宝具绽放-被动/战斗阶段：若你于本回合打出了你战斗中 魔力消耗最高的 宝具攻击，获得1点战果。 若其消耗≥4，你额外获得1点战果。 魔术抗性-战斗阶段：将与你位于同一战场的交战对手控制 的×魔术属性攻击威力设置为0。
211,01从者\000已有从者\01剑士\剑士-莫德雷德\旧\对魔力.png,analyzed,1,逐条语义审阅的规则原文：特殊 对魔力 3 3& 战斗阶段：将同一战场所有对手的×属性威力变为0。
212,01从者\000已有从者\01剑士\剑士-莫德雷德\旧\灿然辉耀之王剑.png,analyzed,1,逐条语义审阅的规则原文：米 力量 宝具 201k 灿然辉耀之王剑 【真名解放】 魔力放出-行动阶段：花费至多10点魔力，每花费1点魔力此 牌便威力+2。若你于该战斗中战败，恢复因【魔力放出】支 付的一半魔力（向上取整）。恢复的魔力无法被阻止。
213,01从者\000已有从者\01剑士\剑士-莫德雷德\莫德雷德.png,non_rule,1,仅为从者/牌面数值、卡背、标记或目录占位图，未见可执行规则文字
214,01从者\000已有从者\01剑士\剑士-莫德雷德\隐藏不贞的头盔.png,analyzed,1,调用或重放指定卡牌能力 | 逐条语义审阅的规则原文：特殊 10 2K 隐藏不贞的头盔 行动阶段：隐藏你的从者真名。 战斗阶段：你可以关闭本牌并打出另一张牌，支付其花费并 使用其行动阶段的效果。
215,01从者\000已有从者\01剑士\剑士-贝狄威尔\3.6更新对魔力.png,analyzed,1,逐条语义审阅的规则原文：Special 对魔力 3& 宝具绽放-被动/战斗阶段：若你于本回合打出了你战斗中 魔力消耗最高的 宝具攻击，获得1点战果。 若其消耗≥4，你额外获得1点战果。 魔术抗性-战斗阶段：将与你位于同一战场的交战对手控制 的×魔术属性攻击威力设置为0。
216,01从者\000已有从者\01剑士\剑士-贝狄威尔\守护的誓约.png,analyzed,1,效果保护/改目标/来源过滤 | 逐条语义审阅的规则原文：守护的誓约 被动/前哨阶段：弃置一张牌。若如此做，本回合的合计威 力+2。同时你打出的牌，技能区，手牌，牌堆和你战场上 的事件牌在本回合将不会被其他玩家的能力所影响。
217,01从者\000已有从者\01剑士\剑士-贝狄威尔\对魔力.png,analyzed,1,逐条语义审阅的规则原文：特殊 对魔力 3 3& 战斗阶段：将同一战场所有对手的×属性威力变为0。
218,01从者\000已有从者\01剑士\剑士-贝狄威尔\贝狄威尔.png,non_rule,1,仅为从者/牌面数值、卡背、标记或目录占位图，未见可执行规则文字
219,01从者\000已有从者\01剑士\剑士-贝狄威尔\银之臂.png,analyzed,1,逐条语义审阅的规则原文：宝具 银之臂 70 12K 【真名解放】 一闪即逝-被动：每当你的弃牌堆被洗回牌堆时，本局游戏你 的合计威力便-1。 紧握其剑-被动/行动阶段：将你剩余的牌堆从游戏中移除（至 少2张牌），然后将此牌加入你的攻击。
220,01从者\000已有从者\01剑士\剑士-迦尔纳（圣诞）\3.6更新 (1).png,analyzed,1,逐条语义审阅的规则原文：敏捷 宝具 7K 圣人交叉拳 【真名解放】 你可以关闭一张你所在战场的【礼物】来追加打出此牌。 战斗阶段：关闭任意张你的攻击，然后关闭一张你战斗中 基本威力不超过你以此效果关闭的攻击基本威力之和的， 本回合被打出的攻击。
221,01从者\000已有从者\01剑士\剑士-迦尔纳（圣诞）\3.6更新 (2).png,analyzed,1,逐条语义审阅的规则原文：特殊 3 3& 对魔力（圣诞） 圣诞步法-被动：每回合限一次，当你使用此牌时，令与你 位于同一战场的其他玩家将一张游戏外的【礼物】洗入牌库。 被动/战斗阶段：若你于本回合打出了你战斗中魔力消耗最高 的 宝具，获得1点战果。若其消耗不低于4，额外获得1点。 战斗阶段：将你交战对手的×魔力属性攻击威力降低至0。
222,01从者\000已有从者\01剑士\剑士-迦尔纳（圣诞）\3.6更新 (3).png,analyzed,1,逐条语义审阅的规则原文：敏捷 宝具 圣人连续拳 【真名解放】 此牌不能与其他攻击一同打出。 被动：玩家拆开【礼物】时，该【礼物】获得+2威力。 施舍之拳-战斗阶段：打出至多6张你手牌和牌库的&敏捷 基础攻击。
223,01从者\000已有从者\01剑士\剑士-迦尔纳（圣诞）\旧\圣人交叉拳.png,analyzed,1,逐条语义审阅的规则原文：敏捷 宝具 7K 圣人交叉拳 【真名解放】 被动/行动阶段：关闭一张你战斗中的【礼物】，打出一张 基础攻击。 战斗阶段：关闭任意张你的攻击，然后关闭一张你战斗中基 本威力不超过你以此效果关闭的攻击基本威力之和的攻击。
224,01从者\000已有从者\01剑士\剑士-迦尔纳（圣诞）\旧\圣人连续拳.png,analyzed,1,逐条语义审阅的规则原文：敏捷 宝具 圣人连续拳 7 【真名解放】 被动：玩家拆开【礼物】时，该【礼物】获得+2威力。 施舍之拳-战斗阶段：若有玩家于本回合拆开了【礼物】， 打出至多6张你手牌和牌库的&敏捷基础攻击。
225,01从者\000已有从者\01剑士\剑士-迦尔纳（圣诞）\旧\对魔力.png,analyzed,1,逐条语义审阅的规则原文：特殊 对魔力（圣诞） 3 【3K 打出时：令与你位于同一战场的其他玩家将一张游戏外的 【礼物】洗入牌库。 圣诞步法-战斗阶段：将同一战场所有对手的×魔力属性 攻击威力降低至0，然后令其中的玩家将一张游戏外的 【礼物】洗入牌库。
226,01从者\000已有从者\01剑士\剑士-迦尔纳（圣诞）\迦尔纳（圣诞）.png,non_rule,1,仅为从者/牌面数值、卡背、标记或目录占位图，未见可执行规则文字
227,01从者\000已有从者\01剑士\剑士-迪昂·德·鲍蒙\百合花开豪华绚烂.png,analyzed,1,调用或重放指定卡牌能力 | 逐条语义审阅的规则原文：魔術 迅捷 宝具 303K 百合花开豪华绚烂 【真名解放】 战斗阶段：你可以额外进行两次【格挡】。 格挡-被动/战斗阶段：弃置一张牌，关闭一张与弃置牌基本 威力相同的交战对手本回合打出的攻击。若如此，此牌威力 +3。
228,01从者\000已有从者\01剑士\剑士-迪昂·德·鲍蒙\百合飞散剑之舞蹈.png,analyzed,1,逐条语义审阅的规则原文：迅捷 百合飞散剑之舞蹈 206K 若你拥有的魔力不足8点，你可以额外花费1点魔力来打出此 牌。 行动阶段：此牌获得威力+4。若你本回合没有进行【格挡】： 于你的战斗阶段回合结束时关闭此牌。
229,01从者\000已有从者\01剑士\剑士-迪昂·德·鲍蒙\自我暗示.png,analyzed,1,逐条语义审阅的规则原文：魔術 自我暗示 4 3K 被动：你可将迪昂视作男性或女性，此能力不能被复制，也 不能失去。 行动阶段：查看你所在地点的一名玩家的手牌，选择其中一 张牌弃置。获得该牌基本威力的合计威力。
230,01从者\000已有从者\01剑士\剑士-迪昂·德·鲍蒙\迪昂·德·鲍蒙.png,non_rule,1,仅为从者/牌面数值、卡背、标记或目录占位图，未见可执行规则文字
231,01从者\000已有从者\01剑士\剑士-铃鹿御前3.3diy\3.5三千大千世界.png,analyzed,1,逐条语义审阅的规则原文：宝具 709& 三千大千世界 【真名解放】 显明连-行动阶段：抽3张事件牌，选择其中任意张后弃置 这些事件牌。仅在战力结算时，你视为同时受到被选择的 事件牌影响。
232,01从者\000已有从者\01剑士\剑士-铃鹿御前3.3diy\三千大千世界.jpg,analyzed,1,逐条语义审阅的规则原文：宝具 5 09K 三千大千世界 【真名解放】 显明连-行动阶段：减少2点魔力上限，然后抽3张事件牌， 选择其中任意张后弃置这些事件牌。仅在战力结算时， 你视为同时受到被选择的事件牌影响。
233,01从者\000已有从者\01剑士\剑士-铃鹿御前3.3diy\天鬼雨.jpg,analyzed,1,逐条语义审阅的规则原文：宝具 天鬼雨 2K 【真名解放】 你拥有的魔力少于8点也可以使用此牌。 大通连-行动阶段：弃一张牌并减少一点魔力上限，创造并 激活一张此牌<每局游戏限一次>的复制。
234,01从者\000已有从者\01剑士\剑士-铃鹿御前3.3diy\才智的祝福.jpg,analyzed,1,逐条语义审阅的规则原文：特殊 才智的祝福 2 2K 被动：当你的魔力超过上限时，你可以将此牌加入攻击。 神通力-残留：当你使用铃鹿御前 宝具的能力后，令该 宝具获得一种属性并于回合结束时关闭此牌。 小通连-行动阶段：关闭你的任意张非<每局游戏限一次>的 攻击，增加等量的魔力上限。
235,01从者\000已有从者\01剑士\剑士-铃鹿御前3.3diy\铃鹿御前.jpg,non_rule,1,仅为从者/牌面数值、卡背、标记或目录占位图，未见可执行规则文字
236,01从者\000已有从者\01剑士\剑士-铃鹿御前3.5diy\3.5更新3千大千世界.png,analyzed,1,逐条语义审阅的规则原文：Agility 4& 三千大千世界 打出时：此牌魔力消耗+1直至游戏结束，然后展示并弃置 你牌堆顶的3张牌，每张因此效果被弃置的印刷威力为4的 攻击，令此牌增加等同于此牌魔力消耗的威力。
237,01从者\000已有从者\01剑士\剑士-铃鹿御前3.5diy\3.5更新天鬼雨.png,analyzed,1,逐条语义审阅的规则原文：Strength Noble Phantasm 天鬼雨 5 【真名解放】 行动阶段：花费X点【才智】（至多为2），从你的弃牌堆 打出至多3+X张基础攻击。战斗阶段结束后，改为将它们 洗回你的牌库。
238,01从者\000已有从者\01剑士\剑士-铃鹿御前3.5diy\3.5更新才智的祝福.png,analyzed,1,逐条语义审阅的规则原文：才智的祝福 被动：当你重洗牌库时，你获得1点【才智】且可选择至多 3张弃牌堆中的牌不返回牌库。 被动/前哨阶段：花费1点【才智】，你本回合无视【败北】 效果。
239,01从者\000已有从者\01剑士\剑士-铃鹿御前3.5diy\3.5更新铃鹿御前.png,non_rule,1,仅为从者/牌面数值、卡背、标记或目录占位图，未见可执行规则文字
240,01从者\000已有从者\01剑士\剑士-铃鹿御前3.5diy\3.6更新3千大千世界.png,analyzed,1,逐条语义审阅的规则原文：Agility 005& 三千大千世界 打出时：此牌+1魔力消耗（可叠加）直至游戏结束。 然后展示并弃置你牌堆顶的3张牌，若你以此法弃置了任意 印刷威力为4的牌，此牌+X威力，X为此牌的魔力消耗。
241,01从者\000已有从者\01剑士\剑士-阿尔托莉雅 潘德拉贡\3.6更新对魔力.png,analyzed,1,逐条语义审阅的规则原文：Special 对魔力 3& 宝具绽放-被动/战斗阶段：若你于本回合打出了你战斗中 魔力消耗最高的 宝具攻击，获得1点战果。 若其消耗≥4，你额外获得1点战果。 魔术抗性-战斗阶段：将与你位于同一战场的交战对手控制 的×魔术属性攻击威力设置为0。
242,01从者\000已有从者\01剑士\剑士-阿尔托莉雅 潘德拉贡\旧\对魔力.png,analyzed,1,逐条语义审阅的规则原文：特殊 对魔力 3 3& 战斗阶段：将同一战场所有对手的×属性威力变为0。
243,01从者\000已有从者\01剑士\剑士-阿尔托莉雅 潘德拉贡\誓约胜利之剑.png,analyzed,1,战斗胜者/游戏流程改写 | 逐条语义审阅的规则原文：米 力量 宝具 12K 誓约胜利之剑 【真名解放】 战斗阶段：高潮回合时，合计威力+4。若你赢得第11回合 的战斗，获得游戏胜利。
244,01从者\000已有从者\01剑士\剑士-阿尔托莉雅 潘德拉贡\阿尔托莉雅 潘德拉贡.png,non_rule,1,仅为从者/牌面数值、卡背、标记或目录占位图，未见可执行规则文字
245,01从者\000已有从者\01剑士\剑士-阿尔托莉雅 潘德拉贡\风王结界.png,analyzed,1,逐条语义审阅的规则原文：魔術 宝具 风王结界 4 4K 若你的真名隐藏，此牌的魔力消耗-2。 战斗阶段：将与你进行战斗对手的米力量攻击威力变为0。
246,01从者\000已有从者\01剑士\剑士-阿尔托莉雅Lily\3.1更新 (1).png,analyzed,1,逐条语义审阅的规则原文：特殊 花之旅途 2 落花之路-行动阶段：抽一张牌，打出一张手牌。以落花之路 打出的牌若不是【幸运】，其基本威力减半（向上取整）。 你可以花费1点魔力重复进行此操作，你每回合合计使用落花 之路至多四次。
247,01从者\000已有从者\01剑士\剑士-阿尔托莉雅Lily\3.1更新 (3).png,unclear,1,OCR无法可靠判定：X
248,01从者\000已有从者\01剑士\剑士-阿尔托莉雅Lily\3.6更新对魔力.png,analyzed,1,逐条语义审阅的规则原文：Special 对魔力 3& 宝具绽放-被动/战斗阶段：若你于本回合打出了你战斗中 魔力消耗最高的 宝具攻击，获得1点战果。 若其消耗≥4，你额外获得1点战果。 魔术抗性-战斗阶段：将与你位于同一战场的交战对手控制 的×魔术属性攻击威力设置为0。
249,01从者\000已有从者\01剑士\剑士-阿尔托莉雅Lily\3.6更新必胜黄金之剑.png,analyzed,1,通用标记/计数 | 逐条语义审阅的规则原文：米 力量 宝具 必胜黄金之剑 4 6K 【真名解放】 被动：当你赢得一场胜利后，获得一枚【王之印记】。 行动阶段：此牌+3X威力，X为你拥有的【王之印记】数。
250,01从者\000已有从者\01剑士\剑士-阿尔托莉雅Lily\saber lily.png,non_rule,1,仅为从者/牌面数值、卡背、标记或目录占位图，未见可执行规则文字
251,01从者\000已有从者\01剑士\剑士-阿尔托莉雅Lily\旧版技能\3.1更新 (2).png,analyzed,1,通用标记/计数 | 逐条语义审阅的规则原文：米 力量 宝具 3 6K 必胜黄金之剑 【真名解放】 被动：当你赢得一场胜利后，获得一枚【王之印记】。 你每拥有一枚【王之印记】，此牌魔力消耗+1且威力+3。
252,01从者\000已有从者\01剑士\剑士-阿尔托莉雅Lily\旧版技能\剑士-对魔力.png,analyzed,1,逐条语义审阅的规则原文：特殊 对魔力 3 3& 战斗阶段：将同一战场所有对手的×属性威力变为0。
253,01从者\000已有从者\01剑士\剑士-阿尔托莉雅Lily\旧版技能\必胜黄金之剑.png,analyzed,1,通用标记/计数 | 逐条语义审阅的规则原文：米 力量 宝具 3 6K 必胜黄金之剑 【真名解放】 被动：当你赢得一场胜利后，获得一枚【王之印记】。 你每拥有一枚【王之印记】，此牌魔力消耗+1且威力+3。
254,01从者\000已有从者\01剑士\剑士-阿尔托莉雅Lily\旧版技能\花之旅途.png,analyzed,1,逐条语义审阅的规则原文：特殊 花之旅途 2 落花之路-行动阶段：抽一张牌，打出一张手牌。以落花之路 打出的牌若不是【幸运】，其基本威力减半（向上取整）。 你可以花费1点魔力重复进行此操作，你每回合合计使用落花 之路至多四次。
255,01从者\000已有从者\01剑士\剑士-阿尔托莉雅（Alter）\3.4.1更新誓约胜利之剑.png,analyzed,1,逐条语义审阅的规则原文：Strength Noble Phantasm 誓约胜利之剑 [6 2 【真名解放】 局势牌无法阻止你打出此牌。 风王铁锤-行动阶段：花费4点魔力，此牌每被连续打出一 回合，便获得+3威力。
256,01从者\000已有从者\01剑士\剑士-阿尔托莉雅（Alter）\3.4.1更新黑化诅咒.png,analyzed,1,逐条语义审阅的规则原文：Special 黑化诅咒 0 1K 你拥有的魔力少于8点也可以打出此牌。 安哥拉曼纽的拥抱-残留：当你使用 宝具时，关闭此牌。 若你的魔力少于8点，与你位于同一战场的对手无法使用 宝具。
257,01从者\000已有从者\01剑士\剑士-阿尔托莉雅（Alter）\3.6更新对魔力.png,analyzed,1,逐条语义审阅的规则原文：Special 对魔力 3& 宝具绽放-被动/战斗阶段：若你于本回合打出了你战斗中 魔力消耗最高的 宝具攻击，获得1点战果。 若其消耗≥4，你额外获得1点战果。 魔术抗性-战斗阶段：将与你位于同一战场的交战对手控制 的×魔术属性攻击威力设置为0。
258,01从者\000已有从者\01剑士\剑士-阿尔托莉雅（Alter）\旧\对魔力.png,analyzed,1,逐条语义审阅的规则原文：特殊 对魔力 3 3& 战斗阶段：将同一战场所有对手的×属性威力变为0。
259,01从者\000已有从者\01剑士\剑士-阿尔托莉雅（Alter）\旧\黑-誓约胜利之剑.png,analyzed,1,逐条语义审阅的规则原文：米 力量 宝具 誓约胜利之剑 3 6K 【真名解放】 此牌不会被局势牌禁止打出。 行动阶段：花费2点魔力，此牌每连续打出一回合，此攻击 威力+3。
260,01从者\000已有从者\01剑士\剑士-阿尔托莉雅（Alter）\旧\黑化诅咒.png,analyzed,1,逐条语义审阅的规则原文：特殊 黑化诅咒 3 1K 你拥有的魔力少于8点也可使用此牌。 残留：当你使用一张 宝具牌时关闭此牌。当你拥有的魔 力少于8点时，与你位于同一战场的其他玩家禁止使用 宝具。
261,01从者\000已有从者\01剑士\剑士-阿尔托莉雅（Alter）\阿尔托莉雅 潘德拉贡（黑.png,non_rule,1,仅为从者/牌面数值、卡背、标记或目录占位图，未见可执行规则文字
262,01从者\000已有从者\01剑士\剑士-阿斯托尔福DIY\偶像失控.png,analyzed,1,逐条语义审阅的规则原文：宝具 5 1K 轻率的偶像失控 【真名解放】 <每局游戏限一次> 虚数存在-残留：当你受其他玩家的能力影响时，你可以询问其是否 花费1点魔力，若其不花费，针对该效果，你仅在战力结算时视为位 于原本所在的地点（存在多个【轻率的偶像失控】时，花费叠加）。 多元阿福-唯一/行动阶段：将手牌中的一张【幸运】移除游戏，创造 并激活一张本牌的复制。
263,01从者\000已有从者\01剑士\剑士-阿斯托尔福DIY\凯旋.png,analyzed,1,逐条语义审阅的规则原文：威风凛凛的凯旋 我是你的剑！-被动/行动阶段：移除一张手牌并花费其印 刷基本威力消耗的魔力，然后选择其一种属性，你控制的 所有攻击获得该属性直至回合结束。
264,01从者\000已有从者\01剑士\剑士-阿斯托尔福DIY\拘捕网.png,analyzed,1,卡牌控制权/跨玩家区域转移 | 逐条语义审阅的规则原文：敏捷 宝具 7 3K 侥幸的拘捕网 【真名解放】 神明捕缚-战斗阶段：如果与你交战的对手有且仅有一人，由 你选择其一张非残留攻击关闭。你可以支付被选择的攻击魔力 消耗的魔力，改为获得其控制权（视为盗用）直至回合结束， 若如此做，你可以发动此攻击的行动阶段效果。
265,01从者\000已有从者\01剑士\剑士-阿斯托尔福DIY\阿斯托尔福.png,non_rule,1,仅为从者/牌面数值、卡背、标记或目录占位图，未见可执行规则文字
266,01从者\000已有从者\01剑士\剑士-阿蒂拉\3.3更新军神之剑.png,analyzed,1,效果保护/改目标/来源过滤 | 逐条语义审阅的规则原文：Strength Magic Agility Noble Phantasm 10 13K 军神之剑 被动/行动阶段：阿蒂拉的技能牌减少等于你所在战场正面 战果最高的事件牌的战果数的魔力消耗。 行动阶段：你的攻击无法因其他能力被关闭或减少威力。 战斗阶段：将【军神之剑·泪之星】放置于你所在的地点。
267,01从者\000已有从者\01剑士\剑士-阿蒂拉\3.3更新星之泪.png,analyzed,1,全局事件/局势牌区访问与转移 | 卡牌换面/多状态模板 | 逐条语义审阅的规则原文：Noble Phantasm 12 15& 军神之剑·泪之星 轨道打击-此牌无法被打出。于此牌被放置的回合后，当你 于此地点战斗时，于战斗阶段将此牌加入攻击并真名解放， 然后于战斗阶段结束后，将此牌移除游戏并为其所在的地点 抽取【文明废墟】事件牌代替原本的事件牌直至游戏结束。
268,01从者\000已有从者\01剑士\剑士-阿蒂拉\3.6更新对魔力.png,analyzed,1,逐条语义审阅的规则原文：Special 对魔力 3& 宝具绽放-被动/战斗阶段：若你于本回合打出了你战斗中 魔力消耗最高的 宝具攻击，获得1点战果。 若其消耗≥4，你额外获得1点战果。 魔术抗性-战斗阶段：将与你位于同一战场的交战对手控制 的×魔术属性攻击威力设置为0。
269,01从者\000已有从者\01剑士\剑士-阿蒂拉\旧\军神之剑.png,analyzed,1,逐条语义审阅的规则原文：米 力量 魔術 迅捷 宝具 100 13& 军神之剑 【真名解放】 被动/行动阶段：阿蒂拉的技能牌魔力消耗-X，X为你所在战 场正面表示战果最高的事件牌的战果数。 行动阶段：你的攻击不会被无效关闭，也不会被降低威力。
270,01从者\000已有从者\01剑士\剑士-阿蒂拉\旧\剑士-对魔力.png,analyzed,1,逐条语义审阅的规则原文：特殊 对魔力 3 3& 战斗阶段：将同一战场所有对手的×属性威力变为0。
271,01从者\000已有从者\01剑士\剑士-阿蒂拉\旧\泪之星，军神之剑.png,analyzed,1,逐条语义审阅的规则原文：宝具 120 15K 泪之星，军神之剑 【真名解放】 <每局游戏限一次> 打出时：将此牌放置于你所在的战场。在此回合后若你在此 处战斗，将此牌加入你的攻击中。然后，在接下来你存在的 游戏中，为此地点抽取事件牌时使用【文明废墟】牌堆。
272,01从者\000已有从者\01剑士\剑士-阿蒂拉\阿蒂拉.png,non_rule,1,仅为从者/牌面数值、卡背、标记或目录占位图，未见可执行规则文字
273,01从者\000已有从者\01剑士\剑士-阿蒂拉diy\3.1更新纹章.png,analyzed,1,全局事件/局势牌区访问与转移 | 逐条语义审阅的规则原文：米 力量 敏捷 魔术 星之纹章 XO 5K 【真名解放】 <每局游戏限一次> X为14－（当前回合数×2） 残留：此牌的基本威力视为0。每回合限一次，在一张事件牌将被 抽取前，你可令其改为从【文明废墟】事件牌堆中抽取。回合结束 时，因此效果抽取的事件牌移除游戏至独立的【文明废墟】弃牌堆。
274,01从者\000已有从者\01剑士\剑士-阿蒂拉diy\3.6更新对魔力.png,analyzed,1,逐条语义审阅的规则原文：Special 对魔力 3& 宝具绽放-被动/战斗阶段：若你于本回合打出了你战斗中 魔力消耗最高的 宝具攻击，获得1点战果。 若其消耗≥4，你额外获得1点战果。 魔术抗性-战斗阶段：将与你位于同一战场的交战对手控制 的×魔术属性攻击威力设置为0。
275,01从者\000已有从者\01剑士\剑士-阿蒂拉diy\妖精羽翼·泪之星.png,analyzed,1,复制或替换卡牌特征/效果 | 效果保护/改目标/来源过滤 | 逐条语义审阅的规则原文：米 力量 敏捷 魔术 宝具 5 5K 妖精羽翼·泪之星 【真名解放】 被动/行动阶段：你的攻击不会被无效关闭，也不会被降低威力。 行动阶段：阿蒂拉〔Prototype〕的技能牌威力+X，X为你所 在战场正面表示战果最高的事件牌的战果数。
276,01从者\000已有从者\01剑士\剑士-阿蒂拉diy\小阿提拉.png,non_rule,1,仅为从者/牌面数值、卡背、标记或目录占位图，未见可执行规则文字
277,01从者\000已有从者\01剑士\剑士-阿蒂拉diy\文明废墟 (1).png,analyzed,1,逐条语义审阅的规则原文：4 被摧毁的码头 于此战场上，基本威力印刷为5或更高的米力量攻击获得 威力+4。
278,01从者\000已有从者\01剑士\剑士-阿蒂拉diy\文明废墟 (2).png,analyzed,1,逐条语义审阅的规则原文：4 被摧毁的城市 于此战场上，基本威力印刷为5或更高的 迅捷攻击获得 威力+4。
279,01从者\000已有从者\01剑士\剑士-阿蒂拉diy\文明废墟 (3).png,analyzed,1,逐条语义审阅的规则原文：4 被摧毁的庙宇 于此战场上，基本威力印刷为5或更高的×魔术攻击获得 威力+4。
280,01从者\000已有从者\01剑士\剑士-阿蒂拉diy\文明废墟牌背.png,non_rule,1,仅为从者/牌面数值、卡背、标记或目录占位图，未见可执行规则文字
281,01从者\000已有从者\01剑士\剑士-阿蒂拉diy\旧\剑士-对魔力.png,analyzed,1,逐条语义审阅的规则原文：特殊 对魔力 3 3& 战斗阶段：将同一战场所有对手的×属性威力变为0。
282,01从者\000已有从者\01剑士\剑士-阿蒂拉diy\旧\星之纹章.png,analyzed,1,逐条语义审阅的规则原文：米 力量 敏捷 魔术 星之纹章 XO 5K 【真名解放】 <每局游戏限一次> X为14－（当前回合数×2） 残留：此牌的基本威力视为0。每回合限一次，在一张事件牌将被 抽取前，你可令其改为从【文明废墟】事件牌堆中抽取。回合结束 时，因此效果抽取的事件牌移除游戏至独立的【文明废墟】弃牌堆。
283,01从者\000已有从者\01剑士\剑士-雅克·德·莫莱\13号星期五.png,analyzed,1,卡牌换面/多状态模板 | 通用标记/计数 | 逐条语义审阅的规则原文：魔術 宝具 13号星期五 130 【1K 被动：当你以降临者身份输掉战斗时，【真名解放】并激活 此牌。 残留：雅克是女性降临者。她的攻击花费额外3点魔力。 前哨阶段：回合顺序最靠前的两名敌对玩家创造并激活一张 临时的【领域外生命】。
284,01从者\000已有从者\01剑士\剑士-雅克·德·莫莱\3.6更新13号星期五.png,analyzed,1,卡牌换面/多状态模板 | 通用标记/计数 | 逐条语义审阅的规则原文：Magic Noble Phantasm 130 13号星期五 被动：当你作为降临者战败时，你【真名解放】并激活此牌。 残留：雅克成为女性降临者且她的攻击+3魔力消耗。 准备阶段：为回合顺位前两位的玩家分别创造并激活一张 临时的【领域外生命】。
285,01从者\000已有从者\01剑士\剑士-雅克·德·莫莱\堕落的授职.png,analyzed,1,逐条语义审阅的规则原文：魔術 506K 堕落的授职 若你是降临者，你【败北】。 战斗阶段：【劝诱】你所在地点的所有玩家。下回合被【劝 诱】的玩家创造并激活一张临时的【领域外生命】，并且雅 克在该回合是降临者。
286,01从者\000已有从者\01剑士\剑士-雅克·德·莫莱\如此漫长的巡礼之旅.png,analyzed,1,逐条语义审阅的规则原文：魔術 宝具 如此漫长的巡礼之旅 3K 【真名解放】 残留：战斗阶段前，若你是降临者，关闭此牌或一张你控制 的【领域外生命】。 战斗阶段：你的战斗中控制非【幸运】特殊攻击的玩家，其 合计威力-5。
287,01从者\000已有从者\01剑士\剑士-雅克·德·莫莱\雅克德莫来.png,non_rule,1,仅为从者/牌面数值、卡背、标记或目录占位图，未见可执行规则文字
288,01从者\000已有从者\01剑士\剑士-高文\3.6更新对魔力.png,analyzed,1,逐条语义审阅的规则原文：Special 对魔力 3& 宝具绽放-被动/战斗阶段：若你于本回合打出了你战斗中 魔力消耗最高的 宝具攻击，获得1点战果。 若其消耗≥4，你额外获得1点战果。 魔术抗性-战斗阶段：将与你位于同一战场的交战对手控制 的×魔术属性攻击威力设置为0。
289,01从者\000已有从者\01剑士\剑士-高文\圣者的数字.png,analyzed,1,逐条语义审阅的规则原文：米 力量 特殊 3K 圣者的数字 3 挑战-被动：当一张事件牌被展示后，你可以弃置一张与其提 到的属性对应的手牌。若你如此做，被【挑战】的事件牌获得 获得+3战果。 不夜的魅力-战斗阶段：如果你位 于被【挑战】事件牌的战斗中，或你支付3点魔力：将你所有 基础威力为3的攻击的基础威力×3。
290,01从者\000已有从者\01剑士\剑士-高文\对魔力.png,analyzed,1,逐条语义审阅的规则原文：特殊 对魔力 3 3& 战斗阶段：将同一战场所有对手的×属性威力变为0。
291,01从者\000已有从者\01剑士\剑士-高文\轮转胜利之剑.png,analyzed,1,逐条语义审阅的规则原文：米 力量 宝具 12K 轮转胜利之剑 【真名解放】 被动/前哨阶段：如果你位于战场上，获得3点魔力且总威力 +3。若你在本回合结束前没有打出【轮转胜利之剑】，失去 所有魔力。
292,01从者\000已有从者\01剑士\剑士-高文\高文.png,non_rule,1,仅为从者/牌面数值、卡背、标记或目录占位图，未见可执行规则文字
293,01从者\000已有从者\01剑士\剑士-齐格飞\幻想大剑.png,analyzed,1,逐条语义审阅的规则原文：米 力量 宝具 709K 幻想大剑·天魔失坠 【真名解放】 行动阶段：展示你的手牌。其中每有一张威力不低于4的牌，合 计威力+2（最大为6）。
294,01从者\000已有从者\01剑士\剑士-齐格飞\恶龙之血铠.png,analyzed,1,逐条语义审阅的规则原文：宝具 ?6 恶龙之血铠 3 【真名解放】 若你的真名已经公开并处于交战状态，当一名对手移动至你 所在的战场时，关闭此牌。
295,01从者\000已有从者\01剑士\剑士-齐格飞\隐身衣.png,analyzed,1,逐条语义审阅的规则原文：特殊 7K 隐身衣 打出时：失去X点战果，X为本局游戏你打出此牌的次数。 行动阶段：直到回合结束，齐格飞的真名处于隐藏状态。你 不受你所在地点的其他玩家的能力影响。
296,01从者\000已有从者\01剑士\剑士-齐格飞\齐格飞.png,non_rule,1,仅为从者/牌面数值、卡背、标记或目录占位图，未见可执行规则文字
297,01从者\000已有从者\01剑士\剑士-齐格鲁德\Sigurd.png,non_rule,1,仅为从者/牌面数值、卡背、标记或目录占位图，未见可执行规则文字
298,01从者\000已有从者\01剑士\剑士-齐格鲁德\坏劫之天轮.png,analyzed,1,逐条语义审阅的规则原文：迅捷 宝具 5& 坏劫之天轮 诅咒-被动：此牌展示后，每个回合开始时失去1点战果。 剑刃风暴－被动：你所有的基础牌获得以下效果：“行动阶 段：花费2点魔力，将此牌的基本威力翻倍，战斗阶段结束 后将此牌移除游戏。”
299,01从者\000已有从者\01剑士\剑士-齐格鲁德\破灭之黎明.png,analyzed,1,逐条语义审阅的规则原文：米 力量 魔術 宝具 1103& 破灭之黎明 【真名解放】 诅咒-被动：此牌展示后，每个回合开始时失去1点战果。 残留：战斗阶段结束后获得X点魔力，X为与你交战的一名 对手本回合打出的一张攻击的魔力消耗。
300,01从者\000已有从者\01剑士\剑士-齐格鲁德\里迪尔·赫萝蒂.png,non_rule,1,仅为从者/牌面数值、卡背、标记或目录占位图，未见可执行规则文字
301,01从者\000已有从者\02枪兵\Lancer：恩奇都（界）\变容.png,analyzed,1,卡牌附件/叠放区 | 复制或替换卡牌特征/效果 | 逐条语义审阅的规则原文：变容 1 1& 你拥有的魔力少于8点也可使用此牌。 被动：【变容】获得此牌上的牌堆顶部牌的威力、费用、属性与能力。 被动/行动阶段：从此牌上的牌堆顶部弃置任意张牌，你的所有攻击 获得弃置卡牌的属性直至战斗阶段结束。 行动阶段：将一张你手牌中的基础攻击叠放在此牌上。
302,01从者\000已有从者\02枪兵\Lancer：恩奇都（界）\天之锁.png,analyzed,1,逐条语义审阅的规则原文：米 力量 宝具 世人啊， 7 9K 冀以锁系神明 【真名解放】 被动：被【束缚】的玩家的宝具牌威力变为0且除打出外无法使 用宝具牌。当其打出宝具牌的回合结束后，解除其【束缚】。 天之锁-战斗阶段：下个回合开始时，【束缚】所有本回合与你交战 的对手。
303,01从者\000已有从者\02枪兵\Lancer：恩奇都（界）\恩齐都.png,non_rule,1,仅为从者/牌面数值、卡背、标记或目录占位图，未见可执行规则文字
304,01从者\000已有从者\02枪兵\Lancer：恩奇都（界）\枪兵-战斗续行.png,analyzed,1,逐条语义审阅的规则原文：迅捷 特殊 战斗续行 3 5& 行动阶段：移动至除魔术工房外的任意地点。
305,01从者\000已有从者\02枪兵\枪兵-伊丽莎白·巴托里\3.1更新 (2).png,analyzed,1,通用标记/计数 | 逐条语义审阅的规则原文：Noble Phantasm 501K 怡赫季斯之夜 【真名解放】 若你战败，失去3枚【音量】。 战斗阶段：获得你【音量】标记3倍的合计威力（至多15）。
306,01从者\000已有从者\02枪兵\枪兵-伊丽莎白·巴托里\3.1更新 (3).png,analyzed,1,通用标记/计数 | 逐条语义审阅的规则原文：Magic 龙鸣雷声 30 13K 【真名解放】 被动：战斗阶段结束后，若你未参与争夺战，失去1枚【音 量】标记。 “天籁之音”-战斗阶段：你的战斗中每有一名对手，你便 获得1枚【音量】标记。此牌获得你【音量】标记数的威力。
307,01从者\000已有从者\02枪兵\枪兵-伊丽莎白·巴托里\3.6更新.png,analyzed,1,通用标记/计数 | 逐条语义审阅的规则原文：Strength 7K 拷问技术 4 嗜虐的魅力-若你与战果低于你的对手位于同一战场，此牌 -2魔力消耗。 铁处女-战斗阶段：若你获胜，你战斗中战果最低的所有败 者失去2点战果。若其中包含战果排名倒数第一的，你再获 得2点战果。
308,01从者\000已有从者\02枪兵\枪兵-伊丽莎白·巴托里\伊丽莎白 音量x8.png,non_rule,1,仅为从者/牌面数值、卡背、标记或目录占位图，未见可执行规则文字
309,01从者\000已有从者\02枪兵\枪兵-伊丽莎白·巴托里\伊丽莎白·巴托里.png,non_rule,1,仅为从者/牌面数值、卡背、标记或目录占位图，未见可执行规则文字
310,01从者\000已有从者\02枪兵\枪兵-伊丽莎白·巴托里\旧版技能\3.1更新 (1).png,analyzed,1,通用标记/计数 | 逐条语义审阅的规则原文：Strength 7K 拷问技术 2 嗜虐的魅力-只有当你与战果少于你的对手位于同一战场时 才可打出此牌。 铁处女-战斗阶段：若你赢得战斗，此战斗中战果最少的所 有败者失去2点战果，若其中包含战果排名倒数第一的，你 获得2点战果。
311,01从者\000已有从者\02枪兵\枪兵-伊丽莎白·巴托里\旧版技能\拷问技术.png,analyzed,1,通用标记/计数 | 逐条语义审阅的规则原文：米 力量 5K 拷问技术 被动/行动阶段：若有一名敌方女性从者与你位于同一战场， 你得到威力+2。 战斗阶段：如果你击败了倒数第一/倒数第二/倒数第三的玩家 分别获得3/2/1点战果，该效果只结算最高点数的战果。
312,01从者\000已有从者\02枪兵\枪兵-伊丽莎白·巴托里\旧版技能\鲜血魔女.png,analyzed,1,通用标记/计数 | 逐条语义审阅的规则原文：宝具 鲜血魔女 701K 【真名解放】 监狱城恰赫季斯-行动阶段：你所处战场不提供任何地利。 战斗阶段：获得你的【音量】数三倍的合计威力。
313,01从者\000已有从者\02枪兵\枪兵-伊丽莎白·巴托里\旧版技能\龙鸣雷声.png,analyzed,1,通用标记/计数 | 逐条语义审阅的规则原文：魔術 宝具 3 3K 龙鸣雷声 【真名解放】 战斗阶段：每有一名与你战斗的对手，便获得1枚【音量】。 此攻击获得【音量】数的威力。 被动：回合结束时，若你未位于一处交战的战场，便失去1枚 【音量】。
314,01从者\000已有从者\02枪兵\枪兵-凯妮斯\凯妮丝.png,non_rule,1,仅为从者/牌面数值、卡背、标记或目录占位图，未见可执行规则文字
315,01从者\000已有从者\02枪兵\枪兵-凯妮斯\海神的偏爱.png,analyzed,1,逐条语义审阅的规则原文：宝具 2 12K 海神的偏爱 被动：当此牌存在于你的技能区时，你的移动不会受到卡牌 效果的限制。 残留：凯妮斯成为凯尼斯，凯尼斯为男性。 前哨阶段：关闭此牌，获得3点魔力。本回合中你不可再打出 此牌。
316,01从者\000已有从者\02枪兵\枪兵-凯妮斯\海神，凶猛狂暴大海啸.png,analyzed,1,原子位置交换/成组强制移动 | 逐条语义审阅的规则原文：魔術 5 7K 海神，凶猛狂暴大海啸 行动阶段：若你是凯妮斯，与一名位于侦察的玩家交换位置 （视为移动）。 战斗阶段：若你是凯尼斯，此战场所有非×魔术攻击威力减 少X，X为3-其拥有者的地利。
317,01从者\000已有从者\02枪兵\枪兵-凯妮斯\飞翔吧，吾之金色大翼.png,analyzed,1,逐条语义审阅的规则原文：米 力量 宝具 405K 飞翔吧，吾之金色大翼 【真名解放】 行动阶段或战斗阶段：若你是凯妮斯，移动至任意地点，然 后【海神，凶猛狂暴大海啸】的威力+9。 打出时：若你是凯尼斯，合计威力+5，不再拥有地利。
318,01从者\000已有从者\02枪兵\枪兵-列奥尼达一世\3.2更新殿军的矜持.jpg,analyzed,1,逐条语义审阅的规则原文：Special 3 4& 殿军的矜持 被动：你的【战士的雄叫】可以被暗置打出。 战斗阶段：花费一张你控制的暗置攻击三倍消耗的魔力将 其激活，你可以使用它的行动阶段能力。 方阵一战斗阶段：若有对手于本回合移动至你所在的战场， 你获得3点基础地利（在翻倍等效果之前计算）。
319,01从者\000已有从者\02枪兵\枪兵-列奥尼达一世\战士的雄叫.png,analyzed,1,逐条语义审阅的规则原文：宝具 2 2K 战士的雄叫 【真名解放】 战斗阶段：选择一张此战斗中对手的攻击，于下回合获得该 牌的攻击数值的合计威力。
320,01从者\000已有从者\02枪兵\枪兵-列奥尼达一世\斯巴达.png,non_rule,1,仅为从者/牌面数值、卡背、标记或目录占位图，未见可执行规则文字
321,01从者\000已有从者\02枪兵\枪兵-列奥尼达一世\殿军的持.png,analyzed,1,逐条语义审阅的规则原文：特殊 3 4K 殿军的矜持 被动：你可将【战士的雄叫】暗置打出 战斗阶段：激活你的一张暗置牌。花费三次该牌的魔力，使 用其行动阶段能力。 方阵-战斗阶段：若一名对手于本回合移动至你所在的战场， 你获得+3基础地利。
322,01从者\000已有从者\02枪兵\枪兵-列奥尼达一世\炎门守护者.png,analyzed,1,逐条语义审阅的规则原文：特殊 宝具 301K 炎门守护者 【真名解放】 残留：当你移动时关闭此牌。你所在战场的所有玩家每回合 只可打出1张正面牌。
323,01从者\000已有从者\02枪兵\枪兵-加雷斯\3.1更新 (3).png,analyzed,1,逐条语义审阅的规则原文：米 力量 7& 骑士的枪 以太充能-此牌需从手牌弃置一张×魔术基础牌来打出。 魔能过载-被动/战斗阶段：花费2点战果，你控制的一张× 魔术基础攻击获得米力量属性和+2威力并于回合结束后将 其移除游戏。
324,01从者\000已有从者\02枪兵\枪兵-加雷斯\3.2更新变身戒指.jpg,analyzed,1,逐条语义审阅的规则原文：特殊 宝具 变身戒指 2K 荣光之冠一被动：当你赢得一场战斗时，你【真名解放】。 若你以此法【真名解放】，你获得1点战果。 伪装-打出时：隐藏真名。 无名骑士-被动行动阶段：花费2点魔力，若你真名隐藏， 移动至一处相邻的地点。
325,01从者\000已有从者\02枪兵\枪兵-加雷斯\3.2更新狂暴少女狼.jpg,analyzed,1,逐条语义审阅的规则原文：米 力量 宝具 4K 狂暴少女狼 4 狼不眠一战斗阶段：你所在的战斗中每有一名除第一个的对 手，抽一张牌并将其打出。（例：存在两名对手，抽一张牌 打出；三名对手，抽一张牌打出，重复一次。）每一张以 狼不眠打出的暗置牌减少该战场的1点竞争战果且令你下次 使用狼不眠时额外抽一张牌并打出。
326,01从者\000已有从者\02枪兵\枪兵-加雷斯\加雷斯.png,non_rule,1,仅为从者/牌面数值、卡背、标记或目录占位图，未见可执行规则文字
327,01从者\000已有从者\02枪兵\枪兵-加雷斯\旧版技能\3.1更新 (1).png,analyzed,1,逐条语义审阅的规则原文：特殊 宝具 2K 变身戒指 荣光之冠-被动：当你赢得一场战斗时，你【真名解放】。 若你以此法【真名解放】，你获得1点战果。 伪装-打出时：隐藏真名。 无名骑士-被动/行动阶段：花费2点魔力，若你真名隐藏， 移动至一处相邻的地点。
328,01从者\000已有从者\02枪兵\枪兵-加雷斯\旧版技能\3.1更新 (2).png,analyzed,1,逐条语义审阅的规则原文：米 力量 宝具 4K 狂暴少女狼 狼不眠-战斗阶段：你所在的战斗中每有一名除第一个的对 手，抽一张牌并将其打出。（例：存在两名对手，抽一张牌 打出；三名对手，抽一张牌打出，重复一次。）每一张以 狼不眠打出的暗置牌减少该战场的1点竞争战果且令你下次 使用狼不眠时额外抽一张牌并打出。
329,01从者\000已有从者\02枪兵\枪兵-加雷斯\旧版技能\变身戒指.png,analyzed,1,逐条语义审阅的规则原文：特殊 宝具 2K 变身戒指 荣光之冠-被动：当你赢得一场战斗时，你【真名解放】。 若你以此法【真名解放】，你获得1点战果。 伪装-打出时：隐藏真名。 无名骑士-被动/行动阶段：花费1点魔力，若你真名隐藏， 移动至一处相邻的地点。
330,01从者\000已有从者\02枪兵\枪兵-加雷斯\旧版技能\狂暴少女狼.png,analyzed,1,逐条语义审阅的规则原文：米 力量 宝具 4K 狂暴少女狼 5 狼不眠-战斗阶段：你所在的战斗中每有一名对手，抽一张 牌并将其打出。每一张以狼不眠打出的暗置牌减少该战场的 1点竞争战果且令你下次使用狼不眠时额外抽一张牌并打出。
331,01从者\000已有从者\02枪兵\枪兵-加雷斯\旧版技能\骑士的铳枪.png,analyzed,1,逐条语义审阅的规则原文：米 力量 骑士的枪 7& 以太充能-此牌需从手牌弃置一张×魔术基础牌来打出。 魔能过载-被动/战斗阶段：花费2点战果，你控制的一张× 魔术基础攻击获得米力量属性和+4威力并于回合结束后将 其移除游戏。
332,01从者\000已有从者\02枪兵\枪兵-哪吒2.7diy\哪吒.png,non_rule,1,仅为从者/牌面数值、卡背、标记或目录占位图，未见可执行规则文字
333,01从者\000已有从者\02枪兵\枪兵-哪吒2.7diy\地飞爽灵火尖枪.png,analyzed,1,逐条语义审阅的规则原文：宝具 米 力量 8 地飞爽灵火尖枪 【真名解放】 行动阶段：移动至一处战场，此战场所有地利直到下回合结 束减至0。该战场所有其他玩家立即获得一枚【燃烧】标记。
334,01从者\000已有从者\02枪兵\枪兵-哪吒2.7diy\如来的加护.png,analyzed,1,逐条语义审阅的规则原文：特殊 301K 如来的加护 此牌可追加打出。 打出时：本回合选择一项： 行动阶段：你的攻击威力不会被减少。 行动阶段：移动至魔术工房以外的任意地点。 战斗阶段：你无视【败北】效果。
335,01从者\000已有从者\02枪兵\枪兵-哪吒2.7diy\道术.png,analyzed,1,逐条语义审阅的规则原文：米 力量 迅捷 道术 2 4& 行动阶段：同一战场所有其他玩家获得一枚燃烧标记。若你 赢得与持有2枚或更多燃烧标记的玩家战斗时，获得2点战果。 同战场的玩家每有一枚燃烧标记，其合计威力便-2。 战斗阶段：战斗阶段结束后，移除此战场的所有燃烧标记。
336,01从者\000已有从者\02枪兵\枪兵-埃列什基伽勒\31更新.png,analyzed,1,逐条语义审阅的规则原文：特殊 宝具 707K 灵峰踏抱冥府之 【真名解放】 花开冥界-行动阶段：若【冥界佑护】未位于版图内，将其 放置于你所在的战场。若其已位于你所在的战场，你+6合计 威力。
337,01从者\000已有从者\02枪兵\枪兵-埃列什基伽勒\冥界佑护.png,analyzed,1,逐条语义审阅的规则原文：冥界佑护 位于此战场的玩家计算威力时，来自局势牌和事件牌的所有 力量修正值乘以-1。 每当有玩家部署于此战场时，埃列什基伽勒获得1点魔力。 被动/行动阶段：埃列什基伽勒不受【冥界佑护】的影响。战 斗阶段结束后将此牌放还于技能区。
338,01从者\000已有从者\02枪兵\枪兵-埃列什基伽勒\埃列什基伽勒.png,non_rule,1,仅为从者/牌面数值、卡背、标记或目录占位图，未见可执行规则文字
339,01从者\000已有从者\02枪兵\枪兵-埃列什基伽勒\旧\花开冥界.png,analyzed,1,逐条语义审阅的规则原文：特殊 宝具 707K 灵峰踏抱冥府之 【真名解放】 花开冥界-行动阶段：若【冥界佑护】未位于版图内，将其 放置于你所在的战场。若其已位于你所在的战场，你+6合计 威力。
340,01从者\000已有从者\02枪兵\枪兵-埃列什基伽勒\枪兵-战斗续行.png,analyzed,1,逐条语义审阅的规则原文：迅捷 特殊 战斗续行 3 5& 行动阶段：移动至除魔术工房外的任意地点。
341,01从者\000已有从者\02枪兵\枪兵-埃列什基伽勒diy\3.2更新隐藏的大王冠.jpg,analyzed,1,通用标记/计数 | 逐条语义审阅的规则原文：隐藏的大王冠 被动：你不为【远隔操作】的区特殊属性攻击其名同时为 【远隔操作】并获得“唯一/行动阶段：地利效果翻倍”。 被动/战斗阶段：【真名解放】，若你不位于一处仅有两人的 战场，关闭你的一张【远隔操作】并重新部署至一处战场。
342,01从者\000已有从者\02枪兵\枪兵-埃列什基伽勒diy\冥界佑护.png,unclear,1,OCR无法可靠判定：冥界佑护
343,01从者\000已有从者\02枪兵\枪兵-埃列什基伽勒diy\枪-艾蕾DIY(4).png,analyzed,1,逐条语义审阅的规则原文：迅捷 特殊 战斗续行 3 5& 行动阶段：移动至除魔术工房外的任意地点。
344,01从者\000已有从者\02枪兵\枪兵-埃列什基伽勒diy\灵峰踏抱冥府之鞴.png,analyzed,1,逐条语义审阅的规则原文：特殊 宝具 7 7K 灵峰踏抱冥府之 【真名解放】 冥界佑护-位于此战场的玩家计算威力时，来自局势牌和事件牌的所有力量修正值乘以-1。 阵地建造-每当有玩家部署于此战场时，你获得1点魔力。回合结束时，将此牌放置于你 所在的战场。当此牌被放置时，不视为攻击且沉入深渊不会因局势牌被禁止使用 魔力放出（槛）-被动/行动阶段：若此牌已被放置，支付此牌的魔力消耗将其加入攻击。 沉入深渊-被动/行动阶段：你不受实界佑护的影响，回合结束时，令此牌返回你的技能区。
345,01从者\000已有从者\02枪兵\枪兵-埃列什基伽勒diy\艾蕾.png,non_rule,1,仅为从者/牌面数值、卡背、标记或目录占位图，未见可执行规则文字
346,01从者\000已有从者\02枪兵\枪兵-埃列什基伽勒diy\隐藏的大王冠.png,analyzed,1,逐条语义审阅的规则原文：隐藏的大王冠 被动：你于常规打牌打出的β特殊属性牌名为【远隔操 作】并获得“行动阶段：地利效果翻倍”至回合结束。 被动/战斗阶段：【真名解放】。关闭你的一张【远隔操 作】并重新部署至一处战场。
347,01从者\000已有从者\02枪兵\枪兵-堂吉诃德\3.1更新.png,analyzed,1,战斗胜者/游戏流程改写 | 逐条语义审阅的规则原文：米 力量 宝具 献给公主之枪 【真名解放】 愚者之勇-若你战败，此牌魔力消耗与威力+3直至游戏结束 （至多+12）。 向风车的冲锋-行动阶段：若你独自位于一处战场，获得该 战场的竞争战果。
348,01从者\000已有从者\02枪兵\枪兵-堂吉诃德\唐吉坷德.png,non_rule,1,仅为从者/牌面数值、卡背、标记或目录占位图，未见可执行规则文字
349,01从者\000已有从者\02枪兵\枪兵-堂吉诃德\大冒险.png,analyzed,1,逐条语义审阅的规则原文：流浪骑士的大冒险 被动：当你赢得一场战斗时，该战斗中每张印刷战果数 小于等于2的事件牌令你额外获得2点战果；每张印刷战 果数大于等于4的事件牌令你少获得2点战果。
350,01从者\000已有从者\02枪兵\枪兵-堂吉诃德\旧\献给公主之枪.png,analyzed,1,逐条语义审阅的规则原文：米 力量 宝具 4K 献给公主之枪 【真名解放】 愚者之勇-若你战败，此牌魔力消耗与威力+3直至游戏结束 （至多+12）。 向风车的冲锋-行动阶段：若你独自位于一处战场，获得该 战场的竞争战果。
351,01从者\000已有从者\02枪兵\枪兵-堂吉诃德\枪兵-战斗续行.png,analyzed,1,逐条语义审阅的规则原文：迅捷 特殊 战斗续行 3 5& 行动阶段：移动至除魔术工房外的任意地点。
352,01从者\000已有从者\02枪兵\枪兵-堂吉诃德diy\atk桑丘·潘莎.png,analyzed,1,全局事件/局势牌区访问与转移 | 逐条语义审阅的规则原文：魔术 X& 桑丘·潘莎 X为【流浪骑士的大冒险】的战果点数。 打出时：进行冒险。 冒险-将【流浪骑士的大冒险】洗进事件牌库的前2张中。 残留：此牌无法被关闭且不受其他玩家的能力影响。
353,01从者\000已有从者\02枪兵\枪兵-堂吉诃德diy\skills.png,non_rule,1,仅为从者/牌面数值、卡背、标记或目录占位图，未见可执行规则文字
354,01从者\000已有从者\02枪兵\枪兵-堂吉诃德diy\事件牌\流浪骑士的大冒险1.png,analyzed,1,全局事件/局势牌区访问与转移 | 逐条语义审阅的规则原文：流浪骑士的大冒险 此事件牌出场时，抽取另一张事件牌放置于此战场。此牌进入弃牌堆或 被移除时，改为洗进事件牌堆。 若堂吉诃德位于此处战场，其可花费此牌战果点数的魔力将牌堆顶的一 张牌加入攻击。 若堂吉诃德赢得本处战场的胜利，将此牌的战果点数增加1点后冒险。
355,01从者\000已有从者\02枪兵\枪兵-堂吉诃德diy\事件牌\流浪骑士的大冒险2.png,analyzed,1,全局事件/局势牌区访问与转移 | 逐条语义审阅的规则原文：2 流浪骑士的大冒险 此事件牌出场时，抽取另一张事件牌放置于此战场。此牌进入弃牌堆或 被移除时，改为洗进事件牌堆。 若堂吉诃德位于此处战场，其可花费此牌战果点数的魔力将牌堆顶的一 张牌加入攻击。 若堂吉诃德赢得本处战场的胜利，将此牌的战果点数增加1点后冒险。
356,01从者\000已有从者\02枪兵\枪兵-堂吉诃德diy\事件牌\流浪骑士的大冒险3.png,analyzed,1,全局事件/局势牌区访问与转移 | 逐条语义审阅的规则原文：3 流浪骑士的大冒险 此事件牌出场时，抽取另一张事件牌放置于此战场。此牌进入弃牌堆或 被移除时，改为洗进事件牌堆。 若堂吉诃德位于此处战场，其可花费此牌战果点数的魔力将牌堆顶的一 张牌加入攻击。 若堂吉诃德赢得本处战场的胜利，将此牌的战果点数增加1点后冒险。
357,01从者\000已有从者\02枪兵\枪兵-堂吉诃德diy\事件牌\流浪骑士的大冒险4.png,analyzed,1,全局事件/局势牌区访问与转移 | 逐条语义审阅的规则原文：4 流浪骑士的大冒险 此事件牌出场时，抽取另一张事件牌放置于此战场。此牌进入弃牌堆或 被移除时，改为洗进事件牌堆。 若堂吉诃德位于此处战场，其可花费此牌战果点数的魔力将牌堆顶的一 张牌加入攻击。 若堂吉诃德赢得本处战场的胜利，将此牌的战果点数增加1点后冒险。
358,01从者\000已有从者\02枪兵\枪兵-堂吉诃德diy\事件牌\流浪骑士的大冒险5.png,analyzed,1,全局事件/局势牌区访问与转移 | 逐条语义审阅的规则原文：流浪骑士的大冒险 此事件牌出场时，抽取另一张事件牌放置于此战场。此牌进入弃牌堆或 被移除时，改为洗进事件牌堆。 若堂吉诃德位于此处战场，其可花费此牌战果点数的魔力将牌堆顶的一 张牌加入攻击。 若堂吉诃德赢得本处战场的胜利，将此牌的战果点数增加1点后冒险。
359,01从者\000已有从者\02枪兵\枪兵-堂吉诃德diy\事件牌\流浪骑士的大冒险6.png,analyzed,1,全局事件/局势牌区访问与转移 | 逐条语义审阅的规则原文：6 流浪骑士的大冒险 此事件牌出场时，抽取另一张事件牌放置于此战场。此牌进入弃牌堆或 被移除时，改为洗进事件牌堆。 若堂吉诃德位于此处战场，其可花费此牌战果点数的魔力将牌堆顶的一 张牌加入攻击。 若堂吉诃德赢得本处战场的胜利，将此牌的战果点数增加1点后冒险。
360,01从者\000已有从者\02枪兵\枪兵-堂吉诃德diy\事件牌\流浪骑士的大冒险7.png,analyzed,1,全局事件/局势牌区访问与转移 | 逐条语义审阅的规则原文：7 流浪骑士的大冒险 此事件牌出场时，抽取另一张事件牌放置于此战场。此牌进入弃牌堆或 被移除时，改为洗进事件牌堆。 若堂吉诃德位于此处战场，其可花费此牌战果点数的魔力将牌堆顶的一 张牌加入攻击。 若堂吉诃德赢得本处战场的胜利，将此牌的战果点数增加1点后冒险。
361,01从者\000已有从者\02枪兵\枪兵-堂吉诃德diy\事件牌\流浪骑士的大冒险8.png,analyzed,1,全局事件/局势牌区访问与转移 | 逐条语义审阅的规则原文：8 流浪骑士的大冒险 此事件牌出场时，抽取另一张事件牌放置于此战场。此牌进入弃牌堆或 被移除时，改为洗进事件牌堆。 若堂吉诃德位于此处战场，其可花费此牌战果点数的魔力将牌堆顶的一 张牌加入攻击。 若堂吉诃德赢得本处战场的胜利，将此牌的战果点数增加1点后冒险。
362,01从者\000已有从者\02枪兵\枪兵-堂吉诃德diy\事件牌\流浪骑士的大冒险9.png,analyzed,1,全局事件/局势牌区访问与转移 | 逐条语义审阅的规则原文：9 流浪骑士的大冒险 此事件牌出场时，抽取另一张事件牌放置于此战场。此牌进入弃牌堆或 被移除时，改为洗进事件牌堆。 若堂吉诃德位于此处战场，其可花费此牌战果点数的魔力将牌堆顶的一 张牌加入攻击。 若堂吉诃德赢得本处战场的胜利，将此牌的战果点数增加1点后冒险。
363,01从者\000已有从者\02枪兵\枪兵-堂吉诃德diy\向心爱的公主献上吾之枪.png,analyzed,1,逐条语义审阅的规则原文：敏捷 宝具 8 8K 向心爱的公主献上吾之枪 【真名解放】 向巨人的突击-行动阶段：战力结算时，若有与你位于同一战 场的对手于本回合打出了 宝具牌，此牌基本威力翻倍至回 合结束。
364,01从者\000已有从者\02枪兵\枪兵-堂吉诃德diy\堂吉诃德DIY.png,non_rule,1,仅为从者/牌面数值、卡背、标记或目录占位图，未见可执行规则文字
365,01从者\000已有从者\02枪兵\枪兵-堂吉诃德diy\枪兵-战斗续行.png,analyzed,1,逐条语义审阅的规则原文：迅捷 特殊 战斗续行 3 5& 行动阶段：移动至除魔术工房外的任意地点。
366,01从者\000已有从者\02枪兵\枪兵-堂吉诃德diy\此间凄然而亦温柔的现实.png,analyzed,1,逐条语义审阅的规则原文：米 力量 4K 此间凄然而亦温柔的现实 4 【真名解放】 行动阶段：与你位于同一战场的对手的 宝具牌于战斗阶 段结束前失去所有卡牌文字效果。
367,01从者\000已有从者\02枪兵\枪兵-夏日玉藻前\女神变生.png,analyzed,1,逐条语义审阅的规则原文：女神变生【天】 被动/行动阶段：抽1张牌，获得1点魔力，1点合计威力， 1点地利，然后你可以打出一张牌以及移动至一处地点， 下个回合你无法打出牌或使用需激活的能力。
368,01从者\000已有从者\02枪兵\枪兵-夏日玉藻前\常夏日光.png,analyzed,1,逐条语义审阅的规则原文：米 力量 宝具 常夏日光 12K 8 日除伞宠爱一神 【真名解放】 一夫多妻去势拳-战斗阶段：与你位于同一战场的，从者真 名隐藏或从者与御主不为一对异性的交战对手-5合计威力。
369,01从者\000已有从者\02枪兵\枪兵-夏日玉藻前\玉藻前.png,non_rule,1,仅为从者/牌面数值、卡背、标记或目录占位图，未见可执行规则文字
370,01从者\000已有从者\02枪兵\枪兵-夏日玉藻前\盛夏咒术.png,analyzed,1,效果保护/改目标/来源过滤 | 逐条语义审阅的规则原文：米 力量 4& 盛夏咒术 被动/行动阶段：你的米力量攻击获得×魔术属性。 行动阶段：你的×魔术攻击不会因其他玩家的能力降低威 力或关闭。
371,01从者\000已有从者\02枪兵\枪兵-妖精骑士兰斯洛特3.5DIY\佩里舞者.png,analyzed,1,逐条语义审阅的规则原文：特殊 佩里舞者 2& 被动：当你进入侦查时，立即结算本回合的侦查战果。 行动阶段：花费3点魔力，沿箭头和逆箭头移动至多3步， 若你进行的移动不为同一方向，你可以打出一张基础攻击。
372,01从者\000已有从者\02枪兵\枪兵-妖精骑士兰斯洛特3.5DIY\光之地平线-切换后.png,analyzed,1,战斗胜者/游戏流程改写 | 逐条语义审阅的规则原文：光之地平线 <每局游戏限一次> 翱翔-被动：于此牌被切换的回合，局势牌和事件牌不会 禁止你使用牌。 被动/行动阶段：选择一处战场，战力结算时，若你的合 计威力比该处获胜者的合计威力更高，则你取代变为胜者。
373,01从者\000已有从者\02枪兵\枪兵-妖精骑士兰斯洛特3.5DIY\光之地平线.png,analyzed,1,逐条语义审阅的规则原文：光之地平线 跨越-被动：回合开始时，若你本局游戏内已于所有未被 淘汰的其他玩家交战过，你【真名解放】。然后将魔力 设置为满并切换此牌与你的【尚未知晓的无垢湖光】。
374,01从者\000已有从者\02枪兵\枪兵-妖精骑士兰斯洛特3.5DIY\妖精骑士兰斯洛特.png,non_rule,1,仅为从者/牌面数值、卡背、标记或目录占位图，未见可执行规则文字
375,01从者\000已有从者\02枪兵\枪兵-妖精骑士兰斯洛特3.5DIY\尚未知晓的污垢湖光-切换后 无垢搏动.png,analyzed,1,逐条语义审阅的规则原文：宝具 4& 无人知晓的无垢搏动 未能回归于星的龙-被动：若你于本回合经过或进入了版图 内可进入的所有地点，将此牌加入攻击。 打出时：抽一张牌，打出至多3张基础攻击。 极光-战斗阶段：你的区特殊攻击获得+3威力。
376,01从者\000已有从者\02枪兵\枪兵-妖精骑士兰斯洛特3.5DIY\尚未知晓的污垢湖光.png,analyzed,1,逐条语义审阅的规则原文：宝具 4 4& 尚未知晓的无垢湖光 被动：回合开始时若你已切换【光之地平线】，切换此牌。 阿戴隆特-若你于本回合进行过移动，此牌基本威力翻倍。 行动阶段：创造并激活一张你控制的基础攻击的临时复制。
377,01从者\000已有从者\02枪兵\枪兵-妖精骑士兰斯洛特diy\佩里舞者.png,analyzed,1,逐条语义审阅的规则原文：特殊 佩里舞者 3 5& 战略巡航-行动阶段：无视事件牌或其他玩家的能力限制， 移动至任意地点。
378,01从者\000已有从者\02枪兵\枪兵-妖精骑士兰斯洛特diy\光之地平线.png,analyzed,1,逐条语义审阅的规则原文：光之地平线 被动/前哨阶段：切换此牌与你技能区的【尚未知晓的无垢湖光】 ，若你在本回合结束前使用打出【无人知晓的无垢搏动】，失 去所有魔力。 被动/行动阶段：若你于本回合进行过移动，花费2点魔力创造 并激活一张你因无穷的武练打出的牌的临时复制。
379,01从者\000已有从者\02枪兵\枪兵-妖精骑士兰斯洛特diy\光之地平线2.png,analyzed,1,逐条语义审阅的规则原文：光之地平线 被动：你拥有的魔力少于8点也可以使用从者技能牌。 龙之心-被动/前哨阶段：若你已于本局游戏使用过【无 人知晓的无垢搏动】，你的β特殊属性攻击魔力消耗与 基本威力+3。若你于常规打牌仅打出了区特殊属性攻击， 你可追加打出一张牌。
380,01从者\000已有从者\02枪兵\枪兵-妖精骑士兰斯洛特diy\妖兰.png,non_rule,1,仅为从者/牌面数值、卡背、标记或目录占位图，未见可执行规则文字
381,01从者\000已有从者\02枪兵\枪兵-妖精骑士兰斯洛特diy\尚未知晓的无垢湖光.png,analyzed,1,复制或替换卡牌特征/效果 | 逐条语义审阅的规则原文：宝具 4 尚未知晓的无垢湖光 无穷的武练-行动阶段：从手牌中打出一张牌，【尚未知晓 的无垢湖光】变为此牌的复制直至回合结束。
382,01从者\000已有从者\02枪兵\枪兵-妖精骑士兰斯洛特diy\无垢搏动.png,analyzed,1,战斗胜者/游戏流程改写 | 逐条语义审阅的规则原文：宝具 12K 无人知晓的无垢搏动 【真名解放】 <每局游戏限一次> 龙之吐息-行动阶段：选择一处战场。战力结算时，若你的 合计威力比该处获胜者的合计威力更高且未处于【败北】状 态，则你取代变为胜利者。
383,01从者\000已有从者\02枪兵\枪兵-妖精骑士兰斯洛特（梅柳奇娜）\3.2更新佩里舞者.png,analyzed,1,逐条语义审阅的规则原文：Special 4 4& 佩里舞者 行动阶段：从手牌中打出至多2张基础攻击。若你于本回合 进行了移动，你可将此效果更改为“抽一张牌，然后从手牌 中打出至多3张基础攻击。”
384,01从者\000已有从者\02枪兵\枪兵-妖精骑士兰斯洛特（梅柳奇娜）\3.2更新阿尔比恩之骸技能 (3).png,analyzed,1,逐条语义审阅的规则原文：Special 130 3K 未能回归于星的龙 星陨-被动：当你进入侦查时，你可以将此牌加入攻击。 若如此做，你获得4点魔力与2点战果并移动至除侦查外的 任意地点且你于战斗阶段结束后失去8点魔力。
385,01从者\000已有从者\02枪兵\枪兵-妖精骑士兰斯洛特（梅柳奇娜）\3.4更新 尚未知晓的无垢湖光.png,analyzed,1,逐条语义审阅的规则原文：Agility Noble Phantasm 7K 尚未知晓的无垢湖光 0 龙之心-若你赢得了一场战斗，且你的交战对手控制与你控 制的攻击具有相同属性且威力高于该攻击的攻击，战斗阶段 结束且计算战斗获得的战果后，你失去3点战果。
386,01从者\000已有从者\02枪兵\枪兵-妖精骑士兰斯洛特（梅柳奇娜）\3.4更新阿尔比恩之骸技能 (1).png,analyzed,1,逐条语义审阅的规则原文：Noble Phantasm 7K 炎之灾厄 <每局游戏限一次> 被动：当你于每回合第一次进行移动后，此攻击获得等于你 移动距离的威力直至游戏结束。
387,01从者\000已有从者\02枪兵\枪兵-妖精骑士兰斯洛特（梅柳奇娜）\3.4更新阿尔比恩之骸技能 (2).png,analyzed,1,逐条语义审阅的规则原文：Agility Noble Phantasm 12K 无人知晓的无垢搏动 龙之心-若你赢得了一场战斗，且你的交战对手控制与你控 制的攻击具有相同属性且威力高于该攻击的攻击，战斗阶段 结束且计算战斗获得的战果后，你失去3点战果。
388,01从者\000已有从者\02枪兵\枪兵-妖精骑士兰斯洛特（梅柳奇娜）\3.4更西门梅柳齐娜技能.png,analyzed,1,逐条语义审阅的规则原文：无人知晓的无垢搏动 612|@敏捷 宝具 效果与【尚未知晓的无垢湖光】相同 未能回归于星的龙 1303&|特殊 被动：当你进入【侦查】时，你可以 将此牌加入攻击，若此牌因此被加入 攻击，你获得4点魔力与2点战果并移 动至除【侦查】外的任意地点且你于 战斗阶段结束后失去8点魔力。 炎之灾厄 0071 宝具<每局游戏限一次> 被动：当你于每回合第一次进行移动 后，此攻击获得等于你移动距离的威 力直至游戏结束。 光之地平线 被动：此效果无法被复制或盗用，当梅柳齐娜战败时，展示 此牌。若她战败时此牌已被展示，将你的从者梅柳齐娜替换 为阿尔比恩之骸并【真名解放】（阿尔比恩之骸是一名拥 有不同牌库和上述技能的从者）。
389,01从者\000已有从者\02枪兵\枪兵-妖精骑士兰斯洛特（梅柳奇娜）\httpcloud3steamusercontentcomugc2491130170962568515B83693184A06A35065B723F6F9044CDE1011186E.png,non_rule,1,仅为从者/牌面数值、卡背、标记或目录占位图，未见可执行规则文字
390,01从者\000已有从者\02枪兵\枪兵-妖精骑士兰斯洛特（梅柳奇娜）\httpcloud3steamusercontentcomugc249113017096257568794700F0EE899E04303827606E606AFF083CAC488.png,analyzed,1,逐条语义审阅的规则原文：Special 130 3K 未能回归于星的龙 星陨-被动：当你进入侦查时，你可以将此牌加入攻击。 若如此做，你获得4点魔力与2点战果并移动至除侦查外的 任意地点且你于战斗阶段结束后失去8点魔力。
391,01从者\000已有从者\02枪兵\枪兵-妖精骑士兰斯洛特（梅柳奇娜）\新建文件夹\3.2更新 尚未知晓的无垢湖光.png,analyzed,1,逐条语义审阅的规则原文：Agility Noble Phantasm 7K 尚未知晓的无垢湖光 0 龙之心-若你赢得了一场战斗，且你的交战对手控制与你控 制的攻击具有相同属性且威力高于该攻击的攻击，战斗阶段 结束且计算战斗获得的战果后，你失去4点战果。
392,01从者\000已有从者\02枪兵\枪兵-妖精骑士兰斯洛特（梅柳奇娜）\新建文件夹\3.2更新阿尔比恩之骸技能 (1).png,analyzed,1,逐条语义审阅的规则原文：Noble Phantasm 7 7K 炎之灾厄 <每局游戏限一次> 被动：当你于每回合第一次进行移动后，此攻击获得等于你 移动距离的威力直至游戏结束。
393,01从者\000已有从者\02枪兵\枪兵-妖精骑士兰斯洛特（梅柳奇娜）\新建文件夹\3.2更新阿尔比恩之骸技能 (2).png,analyzed,1,逐条语义审阅的规则原文：Agility Noble Phantasm 12K 无人知晓的无垢搏动 龙之心-若你赢得了一场战斗，且你的交战对手控制与你控 制的攻击具有相同属性且威力高于该攻击的攻击，战斗阶段 结束且计算战斗获得的战果后，你失去4点战果。
394,01从者\000已有从者\02枪兵\枪兵-妖精骑士兰斯洛特（梅柳奇娜）\新建文件夹\3.3更西门梅柳齐娜技能.png,analyzed,1,逐条语义审阅的规则原文：无人知晓的无垢搏动 612|@敏捷 宝具 效果与【尚未知晓的无垢湖光】相同 未能回归于星的龙 1303&|特殊 被动：当你进入【侦查】时，你可以 将此牌加入攻击，若此牌因此被加入 攻击，你获得4点魔力与2点战果并移 动至除【侦查】外的任意地点且你于 战斗阶段结束后失去8点魔力。 炎之灾厄 7071 宝具<每局游戏限一次> 被动：当你于每回合第一次进行移动 后，此攻击获得等于你移动距离的威 力直至游戏结束。 光之地平线 被动：此效果无法被复制或盗用，当梅柳齐娜战败时，展示 此牌。若她战败时此牌已被展示，将你的从者梅柳齐娜替换 为阿尔比恩之骸并【真名解放】（阿尔比恩之骸是一名拥 有不同牌库和上述技能的从者）。
395,01从者\000已有从者\02枪兵\枪兵-妖精骑士兰斯洛特（梅柳奇娜）\新建文件夹\梅柳奇娜技能 (1).png,analyzed,1,逐条语义审阅的规则原文：Special 3 0& 佩里舞者 行动阶段：从手牌中打出至多2张基础攻击。若你于本回合 进行了移动，你可将此效果更改为“抽一张牌，然后从手牌 中打出至多3张基础攻击。”
396,01从者\000已有从者\02枪兵\枪兵-妖精骑士兰斯洛特（梅柳奇娜）\新建文件夹\梅柳奇娜技能 (2).png,analyzed,1,逐条语义审阅的规则原文：Agility Noble Phantasm 7K 尚未知晓的无垢湖光 O 龙之心-若你的交战对手控制与你控制的攻击具有相同属性 且威力高于该攻击的攻击，战斗阶段结束且计算战斗获得的 战果后，你失去2点战果。
397,01从者\000已有从者\02枪兵\枪兵-妖精骑士兰斯洛特（梅柳奇娜）\新建文件夹\梅柳奇娜技能 (3).png,analyzed,1,逐条语义审阅的规则原文：无人知晓的无垢搏动 612|@敏捷 宝具 效果与【尚未知晓的无垢湖光】相同 未能回归于星的龙 1303&|特殊 被动：当你进入【侦查】时，你可以 将此牌加入攻击，若此牌因此被加入 攻击，你获得2点魔力与2点战果并移 动至除【侦查】外的任意地点且你于 战斗阶段结束后失去8点魔力。 炎之灾厄 9071 宝具<每局游戏限一次> 被动：当你于每回合第一次进行移动 后，此攻击获得等于你移动距离的威 力直至游戏结束。 光之地平线 被动：此效果无法被复制或盗用，当梅柳齐娜战败时，展示 此牌。若她战败时此牌已被展示，将你的从者梅柳齐娜替换 为阿尔比恩之骸并【真名解放】（阿尔比恩之骸是一名拥 有不同牌库和上述技能的从者）。
398,01从者\000已有从者\02枪兵\枪兵-妖精骑士兰斯洛特（梅柳奇娜）\新建文件夹\阿尔比恩之骸技能 (1).png,analyzed,1,逐条语义审阅的规则原文：Noble Phantasm 7K 炎之灾厄 <每局游戏限一次> 被动：当你于每回合第一次进行移动后，此攻击获得等于你 移动距离的威力直至游戏结束。
399,01从者\000已有从者\02枪兵\枪兵-妖精骑士兰斯洛特（梅柳奇娜）\新建文件夹\阿尔比恩之骸技能 (2).png,analyzed,1,逐条语义审阅的规则原文：Special 130 3K 未能回归于星的龙 星陨-被动：当你进入【侦查】时，你可以将此牌加入攻击， 若此牌因此被加入攻击，你获得2点魔力与2点战果并移动至 除【侦查】外的任意地点且你于战斗阶段结束后失去8点魔力。
400,01从者\000已有从者\02枪兵\枪兵-妖精骑士兰斯洛特（梅柳奇娜）\新建文件夹\阿尔比恩之骸技能 (3).png,analyzed,1,逐条语义审阅的规则原文：Agility Noble Phantasm 12K 无人知晓的无垢搏动 龙之心-若你的交战对手控制与你控制的攻击具有相同属性 且威力高于该攻击的攻击，战斗阶段结束且计算战斗获得的 战果后，你失去2点战果。
401,01从者\000已有从者\02枪兵\枪兵-妖精骑士兰斯洛特（梅柳奇娜）\梅柳奇娜.png,non_rule,1,仅为从者/牌面数值、卡背、标记或目录占位图，未见可执行规则文字
402,01从者\000已有从者\02枪兵\枪兵-妖精骑士兰斯洛特（梅柳奇娜）\梅柳奇娜（阿尔比恩之骸）.png,non_rule,1,仅为从者/牌面数值、卡背、标记或目录占位图，未见可执行规则文字
403,01从者\000已有从者\02枪兵\枪兵-宝藏院\3.6先之先.png,analyzed,1,逐条语义审阅的规则原文：先之先 被动/准备阶段：花费2点魔力，立即部署于一处战场。 若你位于该战场，其他玩家无法以移动进入或离开该战场。 先制-被动/行动阶段：若你的回合顺位为你所在战场玩家 中的第一位，打出一张手牌。
404,01从者\000已有从者\02枪兵\枪兵-宝藏院\3.6胧里月十一式.png,analyzed,1,逐条语义审阅的规则原文：米 力量 宝具 7K 胧里月十一式 4 【真名解放】 反制－被动：每回合限一次，当一名你的交战对手打出攻击 后，你可以打出一张与其中一张攻击基本威力相同的手牌。 初见杀-若你与本局游戏内首次与你位于同一战场的玩家位 于同一战场，你可以免费打出此牌。
405,01从者\000已有从者\02枪兵\枪兵-宝藏院\宝藏院胤舜.jpg,non_rule,1,仅为从者/牌面数值、卡背、标记或目录占位图，未见可执行规则文字
406,01从者\000已有从者\02枪兵\枪兵-宝藏院\战斗续行.png,analyzed,1,逐条语义审阅的规则原文：迅捷 特殊 战斗续行 305K 行动阶段：移动至除魔术工房外的任意地点。
407,01从者\000已有从者\02枪兵\枪兵-宝藏院\旧\3.4更新胧里月十一式.png,analyzed,1,逐条语义审阅的规则原文：米 力量 宝具 7K 胧里月十一式 4 【真名解放】 初见杀-若你的战斗中存在首次与你位于同一战场的交战对 手，你可以免费打出此牌。 画地为牢-被动/行动阶段：花费1点魔力，其他玩家无法以 移动进入或离开你所在的战场。
408,01从者\000已有从者\02枪兵\枪兵-宝藏院\旧\先之先.jpg,analyzed,1,逐条语义审阅的规则原文：先之先 宗和的心得一被动：当你的交战对手打出牌后，你可以 打出一张与其打出的牌具有相同基本威力的手牌。 被动行动阶段：若你的回合顺位为你所在战场玩家中的 第一位，打出一张手牌。
409,01从者\000已有从者\02枪兵\枪兵-宝藏院\旧\胧里月十一式.jpg,analyzed,1,逐条语义审阅的规则原文：宝具 110 胧里月十一式 【真名解放】 此牌需追加打出。若你所在的战场存在首次与你位于同一战 场的对手，你可以免费打出此牌。 画地为牢一被动/行动阶段：其他玩家无法以移动进入或离开 你所在的战场。初见杀一战斗阶段：关闭你战斗中的一张牌。
410,01从者\000已有从者\02枪兵\枪兵-布伦希尔德\布伦希尔德.png,non_rule,1,仅为从者/牌面数值、卡背、标记或目录占位图，未见可执行规则文字
411,01从者\000已有从者\02枪兵\枪兵-布伦希尔德\枪兵-战斗续行.png,analyzed,1,逐条语义审阅的规则原文：迅捷 特殊 战斗续行 3 5& 行动阶段：移动至除魔术工房外的任意地点。
412,01从者\000已有从者\02枪兵\枪兵-布伦希尔德\爱意.png,non_rule,1,仅为从者/牌面数值、卡背、标记或目录占位图，未见可执行规则文字
413,01从者\000已有从者\02枪兵\枪兵-布伦希尔德\直至死亡拆散两人.png,analyzed,1,逐条语义审阅的规则原文：迅捷 宝具 9K 直至死亡拆散两人 4 【真名解放】 被动：当你与【爱人】位于同一战场时，直到回合结束此 牌失去 属性然后得到米属性，基础威力和魔力消耗翻 倍。
414,01从者\000已有从者\02枪兵\枪兵-布伦希尔德\英雄的伴娘.png,analyzed,1,逐条语义审阅的规则原文：英雄的伴娘 自我催眠-被动/前哨阶段：若布伦希尔德处于【爱意】状态， 消耗一枚令咒使用。她会与你选择的一名从者坠入【爱意】， 直到你再次使用此效果。当【爱人】赢得战斗时，你获得1点 战果，若你与其同时赢得战斗，则你获得3点战果。
415,01从者\000已有从者\02枪兵\枪兵-布拉达曼特3.0diy\3.6更新对魔力.png,analyzed,1,逐条语义审阅的规则原文：Special 对魔力 3& 宝具绽放-被动/战斗阶段：若你于本回合打出了你战斗中 魔力消耗最高的 宝具攻击，获得1点战果。 若其消耗≥4，你额外获得1点战果。 魔术抗性-战斗阶段：将与你位于同一战场的交战对手控制 的×魔术属性攻击威力设置为0。
416,01从者\000已有从者\02枪兵\枪兵-布拉达曼特3.0diy\httpcloud3steamusercontentcomugc194727232260492919353017325D6738E6B863147A3F027667FE1345C7D.png,unclear,1,OCR无法可靠判定：（未识别到文字）
417,01从者\000已有从者\02枪兵\枪兵-布拉达曼特3.0diy\布拉达曼特.png,non_rule,1,仅为从者/牌面数值、卡背、标记或目录占位图，未见可执行规则文字
418,01从者\000已有从者\02枪兵\枪兵-布拉达曼特3.0diy\新版代续行.png,analyzed,1,逐条语义审阅的规则原文：特殊 对魔力 3 3& 战斗阶段：将同一战场所有对手的×属性威力变为0。
419,01从者\000已有从者\02枪兵\枪兵-布拉达曼特3.0diy\旧\枪兵-战斗续行.png,analyzed,1,逐条语义审阅的规则原文：迅捷 特殊 战斗续行 3 5& 行动阶段：移动至除魔术工房外的任意地点。
420,01从者\000已有从者\02枪兵\枪兵-布拉达曼特3.0diy\白羽骑士.png,analyzed,1,逐条语义审阅的规则原文：魔术 3 3K 白羽骑士 此牌可追加打出 克莱蒙之勋-行动阶段：你的×魔术属性攻击附加&迅捷 属性，&迅捷属性攻击附加×魔术属性。 战斗续行-行动阶段：若此牌不是追加打出，移动至除魔术 工房外的任意地点。
421,01从者\000已有从者\02枪兵\枪兵-布拉达曼特3.0diy\闪光魔盾.png,analyzed,1,逐条语义审阅的规则原文：敏捷 宝具 4 6K 炫目的闪光魔盾 【真名解放】 魔术解除-被动：当与你交战的未被【眩晕】的对手于本回合被减少 的威力合计超过其原合计威力的一半（向上取整）时，其被【眩晕】 至下个回合结束。被【眩晕】的玩家无法使用从者技能牌的【行动阶 段】和【战斗阶段】能力。 魔力之光-战斗阶段：令同一战场所有对手的迅捷属性攻击威力-5。
422,01从者\000已有从者\02枪兵\枪兵-布拉达曼特\布拉达曼特.png,non_rule,1,仅为从者/牌面数值、卡背、标记或目录占位图，未见可执行规则文字
423,01从者\000已有从者\02枪兵\枪兵-布拉达曼特\枪兵-战斗续行.png,analyzed,1,逐条语义审阅的规则原文：迅捷 特殊 战斗续行 3 5& 行动阶段：移动至除魔术工房外的任意地点。
424,01从者\000已有从者\02枪兵\枪兵-布拉达曼特\炫目的闪光魔盾.png,analyzed,1,效果保护/改目标/来源过滤 | 逐条语义审阅的规则原文：宝具 5 9K 炫目的闪光魔盾 被动/战斗阶段：你的交战对手控制的攻击若与你控制的基 础攻击属性相同，该攻击威力无法被局势牌和事件牌增加。 战斗阶段：支付4点魔力并【真名解放】，从手牌打出一张 基础攻击。
425,01从者\000已有从者\02枪兵\枪兵-布拉达曼特\秀美公主的戒指.png,analyzed,1,效果保护/改目标/来源过滤 | 逐条语义审阅的规则原文：宝具 5K 秀美公主的戒指 诅咒守卫-被动：每回合限一次，当一名对手使用技能时， 你可以询问其是否花费2点魔力。若不花费，你不受该技能 及其效果影响。 魔禁之戒-战斗阶段：支付X点魔力，关闭一张你战斗中魔 力消耗为X的×魔术攻击（X不可为0）。
426,01从者\000已有从者\02枪兵\枪兵-布里托玛特\3.4.1更新女王城塞.png,analyzed,1,逐条语义审阅的规则原文：米 力量 宝具 XO XK 女王城塞·波涛铠壳 自由选择X（X至多为12）。 残留：布里托玛特的其他攻击魔力消耗+X并获得“魔铠- 打出时：此牌+X威力。”
427,01从者\000已有从者\02枪兵\枪兵-布里托玛特\3.4.1更新布里托玛特.png,non_rule,1,仅为从者/牌面数值、卡背、标记或目录占位图，未见可执行规则文字
428,01从者\000已有从者\02枪兵\枪兵-布里托玛特\3.4.1更新美德.png,analyzed,1,逐条语义审阅的规则原文：@/ps/2lee 贞淑的美德 被动：当一张【幸运】被放置入场且你已真名解放时， 你获得1点魔力。 妖精乡的骑士-被动：若你已真名解放，你的非技能区 特殊攻击同时名为【幸运】并获得“战斗阶段：你无视 【败北】效果。”
429,01从者\000已有从者\02枪兵\枪兵-布里托玛特\3.4.1更新魔风呐喊.png,analyzed,1,逐条语义审阅的规则原文：宝具 005& 妖精骑士·魔风呐喊 【真名解放】 魔风猛攻-你可以免费打出此牌，若如此做，回合结束时， 关闭你控制的【波涛铠壳】。 魔力放出（风）-被动/行动阶段：关闭你的【波涛铠壳】， 沿着或逆着箭头移动至多X步。X为【波涛铠壳】的X数值。
430,01从者\000已有从者\02枪兵\枪兵-布里托玛特\女王城塞.png,analyzed,1,逐条语义审阅的规则原文：米 力量 宝具 XO XK 女王城塞·波涛铠壳 自由选择X（X至多为16）。 残留：布里托玛特的其他非残留攻击魔力消耗与威力+X。 魔力放出（风）-行动阶段：沿着或逆着箭头移动至多X步， 然后关闭此牌。
431,01从者\000已有从者\02枪兵\枪兵-布里托玛特\布里托玛特.png,non_rule,1,仅为从者/牌面数值、卡背、标记或目录占位图，未见可执行规则文字
432,01从者\000已有从者\02枪兵\枪兵-布里托玛特\美德.png,analyzed,1,逐条语义审阅的规则原文：@/ps/zlee 贞淑的美德 妖精乡的骑士-被动：每当一张或更多【幸运】放置入场 时，你获得1点魔力。 被动/战斗阶段：打出一张【幸运】并令其基本威力减半 （向上取整）。
433,01从者\000已有从者\02枪兵\枪兵-布里托玛特\魔风呐喊.png,analyzed,1,逐条语义审阅的规则原文：宝具 4& 妖精骑士·魔风呐喊 O 【真名解放】 魔风猛攻-战斗阶段：将同一战场所有对手控制的，威力低 于此牌打出时魔力消耗值的攻击威力变为0。
434,01从者\000已有从者\02枪兵\枪兵-帕尔瓦蒂\3.6伽摩之灰.png,analyzed,1,逐条语义审阅的规则原文：迦摩之灰 双生-被动：当你【真名解放】时，抽3张牌。若帕尔瓦蒂 已【真名解放】，你+1手牌上限。 被动/行动阶段：你仅可在你下次淘汰结算会被淘汰时使用 此效果（如7人游戏时你的战果数不为前四位，以此类推）。 帕尔瓦蒂的攻击获得+1威力，若你获胜，获得1点战果。
435,01从者\000已有从者\02枪兵\枪兵-帕尔瓦蒂\伽摩之灰.png,analyzed,1,逐条语义审阅的规则原文：迦摩之灰 被动：当你【真名解放】时，抽3张牌（若你已真名解放， 使用【真名解放】的牌时不会令你重复抽牌）。若帕尔瓦蒂 已【真名解放】，你+1手牌上限。
436,01从者\000已有从者\02枪兵\枪兵-帕尔瓦蒂\帕尔瓦蒂.png,non_rule,1,仅为从者/牌面数值、卡背、标记或目录占位图，未见可执行规则文字
437,01从者\000已有从者\02枪兵\枪兵-帕尔瓦蒂\知恋不为.png,analyzed,1,逐条语义审阅的规则原文：Agility Noble Phantasm 7 3K 知恋不为，无爱也 【真名解放】 行动阶段：从手牌打出至多3张基础攻击，若你以此效果打 出了3张×魔术攻击，于你的战斗阶段令一名你的交战对手 【败北】。
438,01从者\000已有从者\02枪兵\枪兵-帕尔瓦蒂\虚数环.png,analyzed,1,逐条语义审阅的规则原文：Special 虚数环 203K 你拥有的魔力少于8点也可使用此牌。 打出时：抽一张牌，你可以弃置该牌。 行动阶段：将3张你弃牌堆的基础攻击洗回牌库，若它们的 属性均不同，你+4合计威力。若它们的属性均相同，你移 动至一处地点。
439,01从者\000已有从者\02枪兵\枪兵-帕西瓦尔LBN6DIY\3.5无穷的教诲.png,analyzed,1,逐条语义审阅的规则原文：无穷的教诲 被动：你的交战对手每打出一张基础攻击，你便可以获得 一枚【教诲】，你的战斗阶段开始时，若你控制帕西瓦尔 的技能牌，你可以【真名解放】。 被动/行动阶段：花费3枚【教海】，打出一张帕西瓦尔的 技能牌。
440,01从者\000已有从者\02枪兵\枪兵-帕西瓦尔LBN6DIY\3.5炫目的选定之枪.png,analyzed,1,逐条语义审阅的规则原文：敏捷 8K 炫目的选定之枪 4 被动：若你已【真名解放】，此牌获得 宝具属性且魔力 消耗与基本威力翻倍。 朗基努斯-战斗阶段：令一名以移动进入你所在战场的交战 对手【败北】。
441,01从者\000已有从者\02枪兵\枪兵-帕西瓦尔LBN6DIY\httpcloud3steamusercontentcomugc2282826643937209138BD323186ECBFC00C24EEECEAC0B8863E0EE712B4.png,unclear,1,OCR无法可靠判定：（未识别到文字）
442,01从者\000已有从者\02枪兵\枪兵-帕西瓦尔LBN6DIY\帕西瓦尔.png,non_rule,1,仅为从者/牌面数值、卡背、标记或目录占位图，未见可执行规则文字
443,01从者\000已有从者\02枪兵\枪兵-帕西瓦尔LBN6DIY\战斗续行.png,analyzed,1,逐条语义审阅的规则原文：迅捷 特殊 战斗续行 3 5& 行动阶段：移动至除魔术工房外的任意地点。
444,01从者\000已有从者\02枪兵\枪兵-帕西瓦尔LBN6DIY\旧\无穷的教诲.png,analyzed,1,逐条语义审阅的规则原文：无穷的教诲 被动：当你首次真名解放后，你的【炫目的选定之枪】获得 宝具属性且其魔力消耗与基本威力翻倍。回合结束时， 你获得你交战对手于本回合打出的基础攻击数的【教诲】， 若你未进行战斗，失去一半数量的【教诲】（向上取整）。 被动/行动阶段：花费所有【教诲】，获得等量的合计威力。
445,01从者\000已有从者\02枪兵\枪兵-帕西瓦尔LBN6DIY\旧\炫目的选定之枪.png,analyzed,1,逐条语义审阅的规则原文：敏捷 8K 炫目的选定之枪 4 朗基努斯-战斗阶段：【真名解放】，然后你可以令一名于 本回合进行过移动的，你的交战对手【败北】。
446,01从者\000已有从者\02枪兵\枪兵-帕西瓦尔diy\二重拘束.png,analyzed,1,逐条语义审阅的规则原文：二重拘束 被动/前哨阶段：激活一项你的【炫目的选定之枪】的效果至本回 合结束。若你于本回合取得战斗胜利，激活该效果直至你输掉一 场战斗。 无穷的教诲-被动/行动阶段：获得X点合计威力。X为本回合与你 上次获得胜利的回合（若未获得过胜利，则计为0）的回合数之差。
447,01从者\000已有从者\02枪兵\枪兵-帕西瓦尔diy\帕西瓦尔.png,non_rule,1,仅为从者/牌面数值、卡背、标记或目录占位图，未见可执行规则文字
448,01从者\000已有从者\02枪兵\枪兵-帕西瓦尔diy\枪兵-战斗续行.png,analyzed,1,逐条语义审阅的规则原文：迅捷 特殊 战斗续行 3 5& 行动阶段：移动至除魔术工房外的任意地点。
449,01从者\000已有从者\02枪兵\枪兵-帕西瓦尔diy\炫目的选定之枪.png,analyzed,1,逐条语义审阅的规则原文：魔术 宝具 炫目的选定之枪 3 【真名解放】 为无辜之人-行动阶段：若此效果已激活，花费此牌的魔力消耗，此牌 基本威力翻倍。 化屠龙之枪-行动阶段：若此效果已激活，战力结算时，关闭一张战果 高于你的交战对手的非残留攻击。若该对手于本回合移动至你所在的 战场，令其【败北】。发动化屠龙之枪的下个回合开始时你【败北】。
450,01从者\000已有从者\02枪兵\枪兵-库丘林\3.6穿刺死棘之枪.png,analyzed,1,逐条语义审阅的规则原文：Agility Noble Phantasm 穿刺死棘之枪 3 【真名解放】 打出时：此牌+2魔力消耗（可叠加）直至游戏结束。 贯穿心脏-战斗阶段：若仅有一名对手与你位于同一战场， 令其【败北】。
451,01从者\000已有从者\02枪兵\枪兵-库丘林\刺穿死棘之枪.png,analyzed,1,逐条语义审阅的规则原文：迅捷 宝具 刺穿死棘之枪 6K 【真名解放】 战斗阶段：如果与你同一战场的仅有一名对手，使其【败北】。
452,01从者\000已有从者\02枪兵\枪兵-库丘林\库丘林.png,non_rule,1,仅为从者/牌面数值、卡背、标记或目录占位图，未见可执行规则文字
453,01从者\000已有从者\02枪兵\枪兵-库丘林\战斗续行.png,analyzed,1,逐条语义审阅的规则原文：迅捷 特殊 战斗续行 3 5& 行动阶段：移动至除魔术工房外的任意地点。
454,01从者\000已有从者\02枪兵\枪兵-库丘林\突穿死翔之枪.png,analyzed,1,逐条语义审阅的规则原文：迅捷 宝具 10K 突穿死翔之枪 【真名解放】 战斗阶段：战斗阶段结束后，每与一名对手进行了战斗便 获得1点战果。若你获得胜利，每名交战对手失去该数量的 战果。
455,01从者\000已有从者\02枪兵\枪兵-库丘林（旧狗）\3.1更新 (2).png,analyzed,1,复制或替换卡牌特征/效果 | 逐条语义审阅的规则原文：敏捷 卢恩魔术 2 此牌需追加打出。 行动阶段：展示并弃置一张非<每局游戏限一次>的手牌， 此牌获得被展示牌的威力、属性与能力。
456,01从者\000已有从者\02枪兵\枪兵-库丘林（旧狗）\3.4.1更新库林的猛犬.png,analyzed,1,通用标记/计数 | 逐条语义审阅的规则原文：库林的猛犬 被动：每当你打出一张&敏捷属性攻击，秘密获得一枚 【武练】标记（仅在弑兽开始增加威力后展示此牌）。 弑兽-被动：你每拥有5枚【武练】标记，你的&敏捷属 性攻击+1威力（最大为3）。
457,01从者\000已有从者\02枪兵\枪兵-库丘林（旧狗）\旧版\3.1更新 (1).png,analyzed,1,通用标记/计数 | 逐条语义审阅的规则原文：库林的猛犬 被动：每当你打出一张敏捷属性攻击，秘密获得一枚 【武练】标记（仅在弑兽开始增加威力后展示此牌）。 弑兽-被动：你每拥有6枚【武练】标记，你的&敏捷属 性牌和攻击+1威力（最大为3）。
458,01从者\000已有从者\02枪兵\枪兵-库丘林（旧狗）\旧版\卢恩魔术.png,analyzed,1,复制或替换卡牌特征/效果 | 逐条语义审阅的规则原文：敏捷 卢恩魔术 2 此牌需追加打出。 行动阶段：展示一张手牌并将其弃置，此牌获得被展示牌的 威力、属性与能力。
459,01从者\000已有从者\02枪兵\枪兵-库丘林（旧狗）\旧版\库林的猛犬.png,analyzed,1,通用标记/计数 | 逐条语义审阅的规则原文：库林的猛犬 被动：每当你打出一张&敏捷属性攻击，秘密获得一枚 【武练】标记（仅在触发弑兽后展示此牌）。 弑兽-被动：你每拥有4枚【武练】标记，你的&敏捷属 性牌和攻击+1威力（最大为3）。
460,01从者\000已有从者\02枪兵\枪兵-库丘林（旧狗）\旧狗.png,non_rule,1,仅为从者/牌面数值、卡背、标记或目录占位图，未见可执行规则文字
461,01从者\000已有从者\02枪兵\枪兵-库丘林（旧狗）\贯穿朱枪.png,analyzed,1,卡牌控制权/跨玩家区域转移 | 逐条语义审阅的规则原文：敏捷 宝具 7 7K 贯穿之朱枪 【真名解放】 逆转因果-战斗阶段：如果与你交战的对手有且仅有一人， 交换你与其的一张除此牌外的非残留攻击直至回合结束。
462,01从者\000已有从者\02枪兵\枪兵-库丘林（旧狗）\逆转因果的魔枪x12.png,non_rule,1,仅为从者/牌面数值、卡背、标记或目录占位图，未见可执行规则文字
463,01从者\000已有从者\02枪兵\枪兵-弗拉德三世\弗拉德三世.png,non_rule,1,仅为从者/牌面数值、卡背、标记或目录占位图，未见可执行规则文字
464,01从者\000已有从者\02枪兵\枪兵-弗拉德三世\护国鬼将.png,analyzed,1,逐条语义审阅的规则原文：护国鬼将 被动/行动阶段：花费1点魔力，将你的地利变为2倍。 被动/战斗阶段：花费1点魔力，移动进入此战场的玩家合 计威力-4。若你赢得本次战斗，下回合开始时，你部署于 此战场。
465,01从者\000已有从者\02枪兵\枪兵-弗拉德三世\极刑王.png,analyzed,1,逐条语义审阅的规则原文：迅捷 宝具 3 5K 极刑王 【真名解放】 行动阶段：从手牌中打出一张牌。若你持有地利，可以额外花 费2点魔力再打出一张牌。
466,01从者\000已有从者\02枪兵\枪兵-弗拉德三世\枪兵-战斗续行.png,analyzed,1,逐条语义审阅的规则原文：迅捷 特殊 战斗续行 3 5& 行动阶段：移动至除魔术工房外的任意地点。
467,01从者\000已有从者\02枪兵\枪兵-恩奇都\3.4.1更新变容.png,analyzed,1,卡牌附件/叠放区 | 逐条语义审阅的规则原文：变容 2& 神造兵装-被动：【变容】获得此牌上的牌堆顶部牌的威力、 费用、属性与能力。 被动/行动阶段：从此牌上的牌堆顶部弃置任意张牌，你激活 的攻击获得所有被弃置牌的属性。 行动阶段：将一张你手牌中的基础攻击叠放在此牌上。
468,01从者\000已有从者\02枪兵\枪兵-恩奇都\3.6世人啊，冀以锁系神明.png,analyzed,1,逐条语义审阅的规则原文：Agility Noble Phantasm 世人啊 70】9K 冀以锁系神明 【真名解放】 天之锁-战斗阶段：【束缚】你的所有交战对手直至下个回 合结束。被【束缚】的玩家无法使用 宝具。
469,01从者\000已有从者\02枪兵\枪兵-恩奇都\恩齐都.png,non_rule,1,仅为从者/牌面数值、卡背、标记或目录占位图，未见可执行规则文字
470,01从者\000已有从者\02枪兵\枪兵-恩奇都\旧\世人啊，冀以锁系神明.png,analyzed,1,逐条语义审阅的规则原文：迅捷 宝具 70【9K 世人啊，冀以锁系神明 【真名解放】 战斗阶段：战斗阶段结束后，【束缚】与你交战的对手直至 下个回合结束。被【束缚】的玩家不能使用 宝具牌。
471,01从者\000已有从者\02枪兵\枪兵-恩奇都\旧\变容.png,analyzed,1,卡牌附件/叠放区 | 逐条语义审阅的规则原文：102& 变容 行动阶段：将你手牌中的一张基础攻击叠放在此牌上。 被动：【变容】获得此牌上的牌堆顶部牌的威力，费用，属 性与能力。 被动/行动阶段：从此牌上的牌堆顶部弃置任意数量的牌，你 的所有攻击获得弃置卡牌的属性。
472,01从者\000已有从者\02枪兵\枪兵-恩奇都\枪兵-战斗续行.png,analyzed,1,逐条语义审阅的规则原文：迅捷 特殊 战斗续行 3 5& 行动阶段：移动至除魔术工房外的任意地点。
473,01从者\000已有从者\02枪兵\枪兵-斯卡哈\3.6贯穿死翔之枪.png,analyzed,1,逐条语义审阅的规则原文：Agility Noble Phantasm 贯穿死翔之枪 5 09 【真名解放】 战斗阶段：若仅有一名对手与你位于同一战场，令其关闭 一张自己的非残留攻击。 死兆-战斗阶段：若你获胜，你每有一名交战对手，便获得 1点战果。
474,01从者\000已有从者\02枪兵\枪兵-斯卡哈\枪阶斯卡哈.png,non_rule,1,仅为从者/牌面数值、卡背、标记或目录占位图，未见可执行规则文字
475,01从者\000已有从者\02枪兵\枪兵-斯卡哈\死亡满溢的魔境之门.png,analyzed,1,逐条语义审阅的规则原文：宝具 13K 死亡满溢的魔境之门 【真名解放】 <每局游戏限一次> 影之国-战斗阶段：将所有交战对手的魔力值降为0，使所有 魔力损失少于8点的玩家【败北】。
476,01从者\000已有从者\02枪兵\枪兵-斯卡哈\贯穿死翔之枪.png,analyzed,1,逐条语义审阅的规则原文：迅捷 宝具 8K 贯穿死翔之枪 【真名解放】 战斗阶段：如果与你交战的对手有且仅有一人，其选择自己 一张非残留攻击关闭。 战斗阶段：若你赢得战斗，每有一名与你交战的对手，获得 1点战果。
477,01从者\000已有从者\02枪兵\枪兵-斯卡哈\魔境的智慧.png,analyzed,1,逐条语义审阅的规则原文：魔術 1K 魔境的智慧 3 打出时：选择以下一项为本回合此牌的效果： 一战斗阶段：将所有交战对手的×魔术攻击的威力变为0。 -行动阶段：移动至任意地点。 一战斗阶段：战力结算后，如果与你位于同一战场的对手有 两名及以上，威力高于你的玩家中不包含战力不同的，使他 们【败北】。
478,01从者\000已有从者\02枪兵\枪兵-李书文（枪）diy\3.2更新圈境.jpg,analyzed,1,逐条语义审阅的规则原文：圈境 被动/行动阶段：花费3点魔力，激活此效果至你战败。 行动阶段，你可以抽一张牌并暗置打出一张手牌作为劲。 （回合结束劲会进入弃牌堆）战斗阶段，你可以展示并移 除劲并获得至多等于此劲于此战场威力的合计威力。
479,01从者\000已有从者\02枪兵\枪兵-李书文（枪）diy\3.3更新圈境.png,analyzed,1,逐条语义审阅的规则原文：圈境 八极-被动/行动阶段：花费3点魔力，激活该效果至你战败。 你于常规出牌前抽一张牌，且可以额外暗置打出一张手牌 作为劲。战斗阶段，你选择将劲弃置，或将其展示后移除， 然后增加或减少至多等于其基本威力的合计威力。
480,01从者\000已有从者\02枪兵\枪兵-李书文（枪）diy\3.3更新登峰造极.png,analyzed,1,逐条语义审阅的规则原文：登峰造极 【真名解放】 被动/前哨阶段：若你已激活八极，令八极改为未激活状态， 否则于回合结束时将此牌移除游戏。李书文的其他技能与 攻击魔力消耗和基本威力翻倍并失去所有卡牌文字效果。
481,01从者\000已有从者\02枪兵\枪兵-李书文（枪）diy\旧版技能\圈境.png,analyzed,1,逐条语义审阅的规则原文：圈境 被动/行动阶段：花费3点魔力，当你进行常规出牌时，可以 额外打出一张暗置手牌，此牌称为【劲】。你的战斗阶段中 你可以展示并移除一张【劲】，获得至多等于【劲】的基本 威力的合计威力。此效果持续至你在一场战斗中战败。
482,01从者\000已有从者\02枪兵\枪兵-李书文（枪）diy\旧版技能\登峰造极.png,analyzed,1,逐条语义审阅的规则原文：登峰造极 【真名解放】 <每局游戏限两次> 被动/前哨阶段：李书文的其他技能的魔力消耗与基础威力翻倍， 并失去所有非此牌提供的卡牌文字效果。 你的牌根据其属性获得以下效果： 米“此牌威力+2” “被动/行动阶段：打出此牌” ×“打出时：获得1点战果” “战斗阶段：沿着箭头移动一步”
483,01从者\000已有从者\02枪兵\枪兵-李书文（枪）diy\李书文.png,non_rule,1,仅为从者/牌面数值、卡背、标记或目录占位图，未见可执行规则文字
484,01从者\000已有从者\02枪兵\枪兵-李书文（枪）diy\神枪·无二打.png,analyzed,1,逐条语义审阅的规则原文：米 力量 敏捷 3 5K 神枪·无二打 【真名解放】 战斗阶段：战力结算时，使所有合计威力的一半（向上取整） 与你的合计威力相同的交战对手【败北】。
485,01从者\000已有从者\02枪兵\枪兵-武藏坊弁庆\仁王立姿.png,analyzed,1,逐条语义审阅的规则原文：米 力量 2 06K 仁王立姿 【真名解放】 怨灵调伏-行动阶段：选择下列选项中的一个，对手不可使 用你选择的选项直到回合结束： -令咒 宝具 -由【颌顽胜负】复制的技能 每项选项每局游戏仅可选择一次。
486,01从者\000已有从者\02枪兵\枪兵-武藏坊弁庆\枪兵-战斗续行.png,analyzed,1,逐条语义审阅的规则原文：迅捷 特殊 战斗续行 3 5& 行动阶段：移动至除魔术工房外的任意地点。
487,01从者\000已有从者\02枪兵\枪兵-武藏坊弁庆\武藏坊弁庆.png,non_rule,1,仅为从者/牌面数值、卡背、标记或目录占位图，未见可执行规则文字
488,01从者\000已有从者\02枪兵\枪兵-武藏坊弁庆\颉颃胜负.png,analyzed,1,复制或替换卡牌特征/效果 | 卡牌控制权/跨玩家区域转移 | 逐条语义审阅的规则原文：颉顽胜负 被动：当与你交战的对手使用了一张你未复制的技能时，你可 以弃置一张手牌，将其复制并加入你的技能区并令其获得<每 局游戏限一次>。复制的激活效果均更改为：“+3合计威力” 并失去所有其他卡牌文字效果。 （激活效果为：-被动/XX阶段：或-XX阶段：）
489,01从者\000已有从者\02枪兵\枪兵-清姬\httpssteamusercontentaakamaihdnetugc25012784902425641927A557810D65CD5FA7BABE2C00890BF10D3B94E1A.png,analyzed,1,通用标记/计数 | 逐条语义审阅的规则原文：米 力量 宝具 8 8K 道成寺钟百八式火龙 【真名解放】 相思-被动：当你战胜【安贞】时，获得2点战果。 行动阶段：选择一名手牌数最多或为【安贞】的交战对手， 猜测其手牌中不同属性、基本威力、魔力消耗的牌的数量。 每猜对一个你便可以从手牌中打出一张基本威力≤3的攻击。
490,01从者\000已有从者\02枪兵\枪兵-清姬\httpssteamusercontentaakamaihdnetugc2501278490242564572CF4F62A36BB7FE2FEDE5659FEA49AF1E677FFFCD.png,analyzed,1,通用标记/计数 | 原子位置交换/成组强制移动 | 逐条语义审阅的规则原文：场上只有一名【安贞】。 【安贞】在获胜或被清姬战胜后，获得1点战果 你战胜【安贞】的回合结束后，其不再为【安贞】 恋之追踪者 被动/前哨阶段：若场上已有【安贞】，此效果需花费一枚 令咒使用。令一名对手成为【安贞】。 被动/行动阶段：花费2点魔力，抽一张牌。然后你可以无 视人数限制，移动并重新部署于【安贞】所在的位置。 （你于其视为位于同一位置）
491,01从者\000已有从者\02枪兵\枪兵-清姬\httpssteamusercontentaakamaihdnetugc25012784902425649425CE1EADC33FE0CC6EE12892B35439CE3F5415DC9.png,analyzed,1,逐条语义审阅的规则原文：热情的炎夏 被动/前哨阶段：花费1点魔力，查看一名其他玩家的手牌后， 选择其中一种属性并询问其本回合是否会打出该属性的攻击。 当其打出了该属性的牌时，你可以打出一张具有相同属性的 手牌。回合结束时，若其违背其选择，其失去一枚令咒并令 你获得2点战果。其在常规出牌时可以不打出任何牌。
492,01从者\000已有从者\02枪兵\枪兵-清姬\token-安可.png,non_rule,1,仅为从者/牌面数值、卡背、标记或目录占位图，未见可执行规则文字
493,01从者\000已有从者\02枪兵\枪兵-清姬\清姬-枪.png,non_rule,1,仅为从者/牌面数值、卡背、标记或目录占位图，未见可执行规则文字
494,01从者\000已有从者\02枪兵\枪兵-狮子王-女神·伦戈米尼亚德\3.1更新卡图.png,non_rule,1,仅为从者/牌面数值、卡背、标记或目录占位图，未见可执行规则文字
495,01从者\000已有从者\02枪兵\枪兵-狮子王-女神·伦戈米尼亚德\狮子王.png,non_rule,1,仅为从者/牌面数值、卡背、标记或目录占位图，未见可执行规则文字
496,01从者\000已有从者\02枪兵\枪兵-狮子王-女神·伦戈米尼亚德\王之马.png,analyzed,1,逐条语义审阅的规则原文：特殊 4 1& 东·斯塔利恩 你可以改为花费2点战果来打出此牌。 战斗续行-行动阶段：移动至一处战场。 骑乘-行动阶段：从手牌中追加打出至多3张基本威力3及以 下的牌。
497,01从者\000已有从者\02枪兵\枪兵-狮子王-女神·伦戈米尼亚德\神圣圆桌领域.png,analyzed,1,逐条语义审阅的规则原文：神圣圆桌领域 被动：战力结算时，你的【幸运】视为拥有所有属性且它 们的威力不能被减少。 止境的加护-被动/前哨阶段：获得1点魔力和+3合计威力， 本回合你无法获得战果。
498,01从者\000已有从者\02枪兵\枪兵-狮子王-女神·伦戈米尼亚德\闪耀于终焉之枪.png,analyzed,1,战斗胜者/游戏流程改写 | 逐条语义审阅的规则原文：米 力量 宝具 12K 闪耀于终焉之枪 【真名解放】 战斗阶段：若你获得胜利，将你所在战场的事件牌移除游戏。 当你以此效果移除游戏的事件牌印刷战果数总和大于12点时， 你获得游戏胜利，此效果不能被任何方法阻止。
499,01从者\000已有从者\02枪兵\枪兵-瓦尔基里\atk\指挥官奥特琳德.png,analyzed,1,逐条语义审阅的规则原文：迅捷 指挥官奥特琳德 O 2K 当你战败时，将【奥特琳德】移除游戏。 唯一/战斗阶段：本回合此牌获得“残留”。 行动阶段：瓦尔基里的技能牌和【指挥官】的魔力消耗-2且 魔力少于8点也可使用。 打出时：此攻击威力+2直至回合结束。
500,01从者\000已有从者\02枪兵\枪兵-瓦尔基里\atk\指挥官希露德.png,analyzed,1,逐条语义审阅的规则原文：迅捷 203K 指挥官希露德 当你战败时，将【希露德】移除游戏。 唯一/战斗阶段：本回合此牌获得“残留” 打出时：此攻击威力+3直至回合结束。 行动阶段：关闭此牌。将一张游戏外或弃牌堆中的【指挥官】 加入手牌。
501,01从者\000已有从者\02枪兵\枪兵-瓦尔基里\atk\指挥官斯露德.png,analyzed,1,逐条语义审阅的规则原文：迅捷 4& 指挥官斯露德 6 当你战败时，将【斯露德】移除游戏。 唯一/战斗阶段：本回合此牌获得“残留” 打出时：此攻击威力+6直至回合结束。战斗阶段结束时， 关闭其他所有【指挥官】，此效果无法被阻止。
502,01从者\000已有从者\02枪兵\枪兵-瓦尔基里\伪·大神宣言.png,analyzed,1,调用或重放指定卡牌能力 | 逐条语义审阅的规则原文：迅捷 宝具 伪·大神宣言 606 【真名解放】 行动阶段：重新触发你所有激活的【指挥官】的“打出时” 效果。
503,01从者\000已有从者\02枪兵\枪兵-瓦尔基里\天鹅礼装.png,analyzed,1,逐条语义审阅的规则原文：宝具 201& 天鹅礼装 行动阶段：沿着箭头移动至下一地点。 战斗阶段：沿着箭头移动至下一地点。 钢铁之盾－被动/战斗阶段：支付此牌的魔力消耗，将一张你 激活的【指挥官】加入手牌，并将此牌加入攻击。
504,01从者\000已有从者\02枪兵\枪兵-瓦尔基里\瓦尔基里.png,non_rule,1,仅为从者/牌面数值、卡背、标记或目录占位图，未见可执行规则文字
505,01从者\000已有从者\02枪兵\枪兵-瓦尔基里\终末幻想·少女降临.png,analyzed,1,逐条语义审阅的规则原文：终末幻想·少女降临 【真名解放】 <每局游戏限一次> 被动/前哨阶段：从任意处（包括游戏外）将3张【指挥官】 加入手牌或攻击。（不触发“打出时”效果）
506,01从者\000已有从者\02枪兵\枪兵-秦良玉\3.3更新回马.png,analyzed,1,逐条语义审阅的规则原文：特殊 回马 3 5K 你拥有的魔力少于8点也可以打出此牌。回合结束时，若你 除此牌外未打出其他明置牌，获得3点魔力。 伺机待发-行动阶段：抽X张牌，X为你所在地点的人数， 然后你可以将一张手牌放置于牌堆顶。
507,01从者\000已有从者\02枪兵\枪兵-秦良玉\3.3更新崇祯.png,analyzed,1,逐条语义审阅的规则原文：宝具 間 崇祯帝四诗歌 4 【真名解放】 打出时：选择一项作为本回合此牌的效果，每效果每局游戏限一次： 忠-行动阶段：四倍化你的地利。 义-行动阶段：抽4张牌，然后将一张手牌放置于牌堆顶。 武-战斗阶段：你的攻击+2威力。 勇-战斗阶段：你的攻击获得至多四种你选择的非 宝具属性。
508,01从者\000已有从者\02枪兵\枪兵-秦良玉\3.3更新白杆枪.png,analyzed,1,逐条语义审阅的规则原文：白杆枪 枪舞-被动/行动阶段：花费你手牌数的魔力，展示并弃置你 牌堆顶的一张牌作为【破】，你的手牌根据其印刷威力获得： 不高于【破】－“被动/行动阶段：打出此牌。” 不低于【破】－“被动/行动阶段：弃置此牌，沿着或逆着箭 头移动一步。”
509,01从者\000已有从者\02枪兵\枪兵-秦良玉\旧\3.1.2更新 (1).png,analyzed,1,逐条语义审阅的规则原文：白杆枪 枪舞-被动/行动阶段：花费X点魔力，X为你的手牌数。 展示并弃置你牌堆顶的一张牌作为【破】，你手牌中印刷 威力小于等于【破】的基础攻击获得“被动/行动阶段： 打出此牌。”、大于等于【破】的基础攻击获得“被动/ 行动阶段：弃置此牌，沿着箭头移动一步。”
510,01从者\000已有从者\02枪兵\枪兵-秦良玉\旧\3.1.2更新 (2).png,analyzed,1,逐条语义审阅的规则原文：宝具 間 4 崇祯帝四诗歌 【真名解放】 战斗阶段：秦良玉的至多4张攻击获得米力量、敏捷、× 魔术和β特殊属性。
511,01从者\000已有从者\02枪兵\枪兵-秦良玉\旧\3.1更新 (1).png,analyzed,1,逐条语义审阅的规则原文：白杆枪 枪舞-被动/行动阶段：花费2点魔力，展示并弃置你牌堆 顶的一张牌作为【破】，你手牌中印刷威力小于等于【破】 的基础攻击获得“被动/行动阶段：打出此牌。”、大于 等于【破】的基础攻击获得“被动/行动阶段：弃置此牌， 沿着或逆着箭头移动一步。”
512,01从者\000已有从者\02枪兵\枪兵-秦良玉\旧\3.1更新 (2).png,analyzed,1,逐条语义审阅的规则原文：宝具 間 8 8K 崇祯帝四诗歌 【真名解放】 战斗阶段：秦良玉的攻击获得米力量、敏捷、×魔术和区 特殊属性。
513,01从者\000已有从者\02枪兵\枪兵-秦良玉\旧\3.1更新 (3).png,analyzed,1,逐条语义审阅的规则原文：特殊 回马 若你位于战场，你拥有的魔力少于8点也可以打出此牌。 此牌不能同其他牌一起打出，是你本回合打出的唯一一张牌。 伺机待发-行动阶段：抽X张牌，X为你所在地点的人数。
514,01从者\000已有从者\02枪兵\枪兵-秦良玉\旧\回马3.1.3更新.jpg,analyzed,1,逐条语义审阅的规则原文：特殊 回马 3 5& 你拥有的魔力少于8点也可以打出此牌。回合结束时，若你 于此回合除此牌外未打出正面牌，获得3点魔力。 伺机待发-行动阶段：抽X张牌，X为你所在地点的人数。
515,01从者\000已有从者\02枪兵\枪兵-秦良玉\旧\崇祯帝死诗歌3.1.3更新.jpg,analyzed,1,逐条语义审阅的规则原文：宝具 間 崇祯帝四诗歌 4 【真名解放】 打出时：选择一项作为本回合此牌的效果，每效果每局游戏限一次： 忠一行动阶段：四倍化你的地利。 义-行动阶段：抽4张牌，然后将一张手牌放置于牌堆顶。 武-战斗阶段：令同一战场所有对手基本威力低于【破】的攻击威力变为0。 勇一战斗阶段：令你的至多4张攻击获得一种你选择的非宝具属性。
516,01从者\000已有从者\02枪兵\枪兵-秦良玉\旧\白杆枪3.1.3更新.jpg,analyzed,1,逐条语义审阅的规则原文：白杆枪 枪舞-被动/行动阶段：花费X点魔力，X为你的手牌数。 展示并弃置你牌堆顶的一张牌作为【破】，你手牌中印刷 威力小于等于【破】的基础攻击获得“被动/行动阶段： 打出此牌。”、大于等于【破】的基础攻击获得“被动/ 行动阶段：弃置此牌，沿着箭头移动一步。”
517,01从者\000已有从者\02枪兵\枪兵-秦良玉\秦良玉.png,non_rule,1,仅为从者/牌面数值、卡背、标记或目录占位图，未见可执行规则文字
518,01从者\000已有从者\02枪兵\枪兵-罗慕路斯\吾枪通达万物.png,analyzed,1,逐条语义审阅的规则原文：迅捷 宝具 14K 吾枪通达万物 【真名解放】 被动/战斗阶段：若你赢得胜利，此战斗的败者变为【罗马】 直至游戏结束。当一名【罗马】赢得胜利时，你和该【罗马】 各获得1点战果。
519,01从者\000已有从者\02枪兵\枪兵-罗慕路斯\吾爱通达万物.png,analyzed,1,逐条语义审阅的规则原文：特殊 宝具 5K 吾爱通达万物 被动：非【罗马】玩家移动至你所在的战场后变为【裁军】， 他们除令咒外不可打出攻击或使用能力。 战斗阶段：若此战斗中其他玩家全部都是【罗马】，罗慕路斯 的技能获得威力+4。
520,01从者\000已有从者\02枪兵\枪兵-罗慕路斯\枪兵-战斗续行.png,analyzed,1,逐条语义审阅的规则原文：迅捷 特殊 战斗续行 3 5& 行动阶段：移动至除魔术工房外的任意地点。
521,01从者\000已有从者\02枪兵\枪兵-罗慕路斯\罗慕路斯.png,non_rule,1,仅为从者/牌面数值、卡背、标记或目录占位图，未见可执行规则文字
522,01从者\000已有从者\02枪兵\枪兵-罗慕路斯\罗马x6.png,non_rule,1,仅为从者/牌面数值、卡背、标记或目录占位图，未见可执行规则文字
523,01从者\000已有从者\02枪兵\枪兵-罗慕路斯diy\3.6更新 (1).png,analyzed,1,逐条语义审阅的规则原文：3K 射杀百头·罗马式 O 【真名解放】 此牌需追加打出。
524,01从者\000已有从者\02枪兵\枪兵-罗慕路斯diy\3.6更新 (2).png,analyzed,1,逐条语义审阅的规则原文：特殊 主神的神核 1& 被动/行动阶段：花费3点魔力，将此牌加入攻击。 破格-行动阶段：移动至任意地点。
525,01从者\000已有从者\02枪兵\枪兵-罗慕路斯diy\主神的神核.png,analyzed,1,逐条语义审阅的规则原文：特殊 主神的神核 1& 破格-行动阶段：移动至任意地点。 被动/行动阶段：花费3点魔力，将此牌加入攻击。
526,01从者\000已有从者\02枪兵\枪兵-罗慕路斯diy\吾等之臂.png,analyzed,1,逐条语义审阅的规则原文：宝具 吾等之臂开拓一切 14K 至天际 【真名解放】 神格转变-打出时：你不受其他玩家的能力影响。
527,01从者\000已有从者\02枪兵\枪兵-罗慕路斯diy\旧\射杀百头·罗马式.png,analyzed,1,逐条语义审阅的规则原文：8K 射杀百头·罗马式 3 【真名解放】
528,01从者\000已有从者\02枪兵\枪兵-罗慕路斯diy\神祖.png,non_rule,1,仅为从者/牌面数值、卡背、标记或目录占位图，未见可执行规则文字
529,01从者\000已有从者\02枪兵\枪兵-美杜莎diy\3.2更新心念远方.jpg,analyzed,1,效果保护/改目标/来源过滤 | 逐条语义审阅的规则原文：心念远方 被动：你不会因其他玩家的能力影响失去战果。 无以到达的明日一被动战斗阶段：将一张游戏外的【幸运】 加入你的攻击，回合结束时，将【心念远方】移除游戏。
530,01从者\000已有从者\02枪兵\枪兵-美杜莎diy\3.4.1更新女神的拥抱.png,analyzed,1,卡牌换面/多状态模板 | 逐条语义审阅的规则原文：敏捷 宝具 7 8K 女神的拥抱 【真名解放】 打出时：若你的技能区不存在【心念远方】，切换此牌。 库伯勒之眼-行动阶段：选择一张你于本回合打出的其他牌， 令于本回合打出/加入了与此牌相同属性的攻击的交战对手于 其战斗阶段开始时【败北】。
531,01从者\000已有从者\02枪兵\枪兵-美杜莎diy\skills.png,non_rule,1,仅为从者/牌面数值、卡背、标记或目录占位图，未见可执行规则文字
532,01从者\000已有从者\02枪兵\枪兵-美杜莎diy\女神的拥抱怪力.png,analyzed,1,逐条语义审阅的规则原文：敏捷 宝具 7 8K 女神的拥抱 【真名解放】 虚无之缰绳-行动阶段：将【战斗续行】从你的技能区加入 攻击，本回合内你以【战斗续行】移动至战场时，可重新同 时部署于此战场的所有未被占领的地利位置。
533,01从者\000已有从者\02枪兵\枪兵-美杜莎diy\女神的拥抱魔眼.png,analyzed,1,卡牌换面/多状态模板 | 逐条语义审阅的规则原文：敏捷 宝具 7 4K 女神的拥抱 【真名解放】 回合开始时，若你的技能区不存在【心念远方】，切换此牌。 库伯勒之眼-行动阶段：选择一张你于本回合打出的其他牌， 令于本回合打出/加入了与此牌相同属性的攻击的交战对手于 其战斗阶段开始时【败北】。
534,01从者\000已有从者\02枪兵\枪兵-美杜莎diy\安娜.png,non_rule,1,仅为从者/牌面数值、卡背、标记或目录占位图，未见可执行规则文字
535,01从者\000已有从者\02枪兵\枪兵-美杜莎diy\心念远方.png,analyzed,1,效果保护/改目标/来源过滤 | 逐条语义审阅的规则原文：心念远方 绝不遗忘的往昔-被动：你不会因其他玩家的能力影响失去战果。 无以到达的明日－被动：当你即将因某种效果【败北】且未无视 【败北】时，立即将此牌移除游戏并于本回合内无视【败北】。 被动/战斗阶段：本回合结束时，将此牌移除游戏。
536,01从者\000已有从者\02枪兵\枪兵-美杜莎diy\枪兵-战斗续行.png,analyzed,1,逐条语义审阅的规则原文：迅捷 特殊 战斗续行 3 5& 行动阶段：移动至除魔术工房外的任意地点。
537,01从者\000已有从者\02枪兵\枪兵-芬恩diy\德鲁伊魔术.png,analyzed,1,逐条语义审阅的规则原文：德鲁伊魔术 X 4& 打出时：此牌获得你选择的除宝具外的任意一个属性 行动阶段：从牌库中抽取X/2张牌，然后弃置X/2张手牌。
538,01从者\000已有从者\02枪兵\枪兵-芬恩diy\拇指咬咬.png,analyzed,1,逐条语义审阅的规则原文：宝具 拇指咬咬 【真名解放】 被动/前哨阶段：花费2魔力，选择一个战场，本回合该战场及 位于其上的对手的所有隐藏信息对你视为可见。
539,01从者\000已有从者\02枪兵\枪兵-芬恩diy\无败紫靫草.png,analyzed,1,逐条语义审阅的规则原文：宝具 敏捷 无败紫草 8 10% 【真名解放】 打出时：从牌库抽取一张手牌 战斗阶段：与你位于同战场的对手展示自己的手牌，然后展示 你的手牌，所有手牌中的属性数量少于你的对手【败北】。
540,01从者\000已有从者\02枪兵\枪兵-芬恩diy\芬恩diy.png,non_rule,1,仅为从者/牌面数值、卡背、标记或目录占位图，未见可执行规则文字
541,01从者\000已有从者\02枪兵\枪兵-豹人\无可逃脱死亡钩爪.png,analyzed,1,逐条语义审阅的规则原文：迅捷 宝具 509K 无可逃脱死亡钩爪 【真名解放】 行动阶段：你可将一名相邻地点未处于交战状态的对手移动 至你的战场。你的战斗中，战力小于12的对手于战斗阶段结 束后失去2点战果。
542,01从者\000已有从者\02枪兵\枪兵-豹人\枪兵-战斗续行.png,analyzed,1,逐条语义审阅的规则原文：迅捷 特殊 战斗续行 3 5& 行动阶段：移动至除魔术工房外的任意地点。
543,01从者\000已有从者\02枪兵\枪兵-豹人\潜伏豹子的暗黑森林.png,analyzed,1,逐条语义审阅的规则原文：米 力量 迅捷 4 2K 潜伏豹子的暗黑森林 被动：当你进入侦察时，可以将此牌加入攻击。 残留：与对手战斗后，关闭此牌。若你本回合进行了移动或 重新部署，此牌威力翻倍。
544,01从者\000已有从者\02枪兵\枪兵-豹人\豹人.png,non_rule,1,仅为从者/牌面数值、卡背、标记或目录占位图，未见可执行规则文字
545,01从者\000已有从者\02枪兵\枪兵-贞德Lily（圣诞）\3.6优雅歌唱.png,analyzed,1,逐条语义审阅的规则原文：宝具 5K 优雅歌唱吧，为那圣诞 4 【真名解放】 颂歌-行动阶段：令所有玩家抽1张牌，与你位于同一战场的 玩家获得：“战斗阶段：从手牌打出任意张区特殊攻击。” 直至其离开你所在的战场。
546,01从者\000已有从者\02枪兵\枪兵-贞德Lily（圣诞）\3.6更新圣诞贞德.png,non_rule,1,仅为从者/牌面数值、卡背、标记或目录占位图，未见可执行规则文字
547,01从者\000已有从者\02枪兵\枪兵-贞德Lily（圣诞）\ATK-礼物.png,analyzed,1,逐条语义审阅的规则原文：特殊 礼物 0& 被动：当此牌加入你的手牌或因效果被展示时，将其拆开 并加入攻击，然后你抽一张牌。 空盒子-回合结束时，将此牌移除游戏。 （拆开-按相应的玩家回合顺位触发其技能中的拆开效果）
548,01从者\000已有从者\02枪兵\枪兵-贞德Lily（圣诞）\httpcloud3steamusercontentcomugc24911282689899311832DA0F35B11D2E34CDDB85EEA3BBEA7D607E31335.png,analyzed,1,逐条语义审阅的规则原文：自我变革 被动：根据玩家的战果排名，其拆开【礼物】时： 坏孩子-战果排名前半（向下取整）：失去1点战果，将一 张游戏外<每局游戏限一次>的【复仇者】洗入贞德的牌库。 好孩子-战果排名后半（向上取整）：获得1点战果，将一 张游戏外<每局游戏限一次>的【幸运】洗入贞德的牌库。
549,01从者\000已有从者\02枪兵\枪兵-贞德Lily（圣诞）\优雅歌唱.png,analyzed,1,逐条语义审阅的规则原文：宝具 5& 优雅歌唱吧，为那圣诞 4 【真名解放】 行动阶段：花费X点（X至多为3）魔力，然后令所有与你位 于同一地点的其他玩家将x张游戏外的【礼物】洗入牌库后， 令所有与你位于同一地点的玩家按回合顺位抽X张牌。 战斗阶段：从手牌打出任意张区特殊攻击。
550,01从者\000已有从者\02枪兵\枪兵-贞德Lily（圣诞）\基础技能 (2).png,analyzed,1,逐条语义审阅的规则原文：特殊 幸运 4K 战斗阶段：你本回合无视【直接败北】 效果（如果在行动阶段就受到【直接 败北】效果，则不能打出此卡。) Basic
551,01从者\000已有从者\02枪兵\枪兵-贞德Lily（圣诞）\复仇.png,analyzed,1,逐条语义审阅的规则原文：特殊 100& 复仇者 战斗阶段：你的其余攻击威力+1. 无声业火一残留：此牌残留至你在一场战斗中战胜了 一名对手为止。
552,01从者\000已有从者\02枪兵\枪兵-贞德Lily（圣诞）\战斗续行圣诞.png,analyzed,1,逐条语义审阅的规则原文：敏捷 特殊 3 5K 战斗续行（圣诞） 派送-行动阶段：移动至除魔术工房外的任意地点。于移动 前或移动后令所有与你位于同一地点的其他玩家将一张游戏 外的【礼物】洗入牌库。
553,01从者\000已有从者\02枪兵\枪兵-贞德Lily（圣诞）\新云.png,analyzed,1,逐条语义审阅的规则原文：特殊 幸运 4K 战斗阶段：你本回合无视【直接败北】 效果（如果在行动阶段就受到【直接 败北】效果，则不能打出此卡。) <每局游戏限一次> Basic
554,01从者\000已有从者\02枪兵\枪兵-贞德Lily（圣诞）\旧\圣诞贞德.png,non_rule,1,仅为从者/牌面数值、卡背、标记或目录占位图，未见可执行规则文字
555,01从者\000已有从者\02枪兵\枪兵-贞德Lily（圣诞）\自我变革.png,analyzed,1,逐条语义审阅的规则原文：自我变革 被动：根据玩家的战果排名，其拆开【礼物】时： 坏孩子-战果排名前半（向下取整）：失去1点战果，将一 张游戏外<每局游戏限一次>的【复仇者】洗入贞德的牌库。 好孩子-战果排名后半（向上取整）：获得1点战果，将一 张游戏外<每局游戏限一次>的【幸运】洗入贞德的牌库。
556,01从者\000已有从者\02枪兵\枪兵-贞德Lily（圣诞）\贞德-复仇者.png,analyzed,1,逐条语义审阅的规则原文：特殊 复仇者 <每局游戏限一次> 残留：此牌持续激活至你战胜了一名对手的回合结束时。 圣诞快乐-战斗阶段：你控制的其他攻击+1威力。
557,01从者\000已有从者\02枪兵\枪兵-贞德Lily（圣诞）\贞德-幸运.png,analyzed,1,逐条语义审阅的规则原文：特殊 幸运 4& <每局游戏限一次> 圣诞快乐-战斗阶段：你无视【败北】效果。 （若你已【败北】则无法打出此牌）
558,01从者\000已有从者\02枪兵\枪兵-贞德Lily（圣诞）\贞德礼物.png,analyzed,1,逐条语义审阅的规则原文：特殊 100& 复仇者 战斗阶段：你的其余攻击威力+1. 无声业火一残留：此牌残留至你在一场战斗中战胜了 一名对手为止。 <每局游戏限一次>
559,01从者\000已有从者\02枪兵\枪兵-贞德（FSR)\悲叹圣母.png,analyzed,1,逐条语义审阅的规则原文：力量 米 魔术 宝具 3K 悲叹圣母 4 【真名解放】 行动阶段：所有玩家抽一张牌并获得“焚尽-战斗阶段：打 出一张手牌，然后失去1点战果。”你不会因焚尽失去战果。 被动/战斗阶段：你的战斗中每有一张激活的米力量攻击， 你便获得+2合计威力。
560,01从者\000已有从者\02枪兵\枪兵-贞德（FSR)\枪兵-战斗续行.png,analyzed,1,逐条语义审阅的规则原文：迅捷 特殊 战斗续行 3 5& 行动阶段：移动至除魔术工房外的任意地点。
561,01从者\000已有从者\02枪兵\枪兵-贞德（FSR)\炼狱之炎.png,analyzed,1,逐条语义审阅的规则原文：炼狱之炎 被动：当一名对手失去战果时，弃置你的手牌并抽3张牌。 然后你将被弃置牌中至多一张区特殊基础攻击加入攻击 并令其失去所有卡牌文字效果直至被关闭。
562,01从者\000已有从者\02枪兵\枪兵-贞德（FSR)\贞德FSR.png,non_rule,1,仅为从者/牌面数值、卡背、标记或目录占位图，未见可执行规则文字
563,01从者\000已有从者\02枪兵\枪兵-迦尔纳LBNO4\3.6三神之衣.png,analyzed,1,卡牌附件/叠放区 | 复制或替换卡牌特征/效果 | 逐条语义审阅的规则原文：3 3& 三神之衣 【真名解放】 行动阶段：弃置X张【神力】，根据X的数量，此牌获得： 1+：所有被弃置【神力】的属性。 2+：一张被弃置【神力】基本威力的威力（至多为5）。 3+：一张被弃置【神力】的非“残留”卡牌文字效果。
564,01从者\000已有从者\02枪兵\枪兵-迦尔纳LBNO4\3.6梵天.png,analyzed,1,全局事件/局势牌区访问与转移 | 卡牌附件/叠放区 | 逐条语义审阅的规则原文：米 力量 宝具 100 15k 梵天啊，覆盖大地 【真名解放】 无冠的武艺-被动/行动阶段：将一张与已有【神力】属性均不同的手 牌放置于你的从者牌上作为【神力】，然后抽一张牌 轮回独断-行动阶段：当你拥有至少3张【神力】才可使用此效果， 若你获胜，下一回合抽取事件牌和非高潮的局势牌时，改为将它们移 除游戏，然后将所有玩家移除版图且他们本回合无法进行部署。
565,01从者\000已有从者\02枪兵\枪兵-迦尔纳LBNO4\3.6迦尔纳LB4.png,non_rule,1,仅为从者/牌面数值、卡背、标记或目录占位图，未见可执行规则文字
566,01从者\000已有从者\02枪兵\枪兵-迦尔纳LBNO4\3.6魔力放出.png,analyzed,1,逐条语义审阅的规则原文：魔力放出（炎） 归途-被动：当一张事件牌展示时，你可以弃置一张与其 上提到的属性具有相同属性的【神力】或手牌，若如此做， 其他玩家无法受到该事件牌的力量修正直至回合结束。 被动/前哨阶段：将一张与已有【神力】属性均不同的手 牌明置于你的从者牌上作为【神力】，然后抽一张牌。
567,01从者\000已有从者\02枪兵\枪兵-迦尔纳LBNO4\httpcloud3steamusercontentcomugc249112826898988535006574C82A4B778DEE8C27DD835C9A51921ADFD77.png,analyzed,1,卡牌附件/叠放区 | 复制或替换卡牌特征/效果 | 逐条语义审阅的规则原文：3 3& 三神之衣 【真名解放】 行动阶段：弃置X张【神力】，根据X的数量，此牌获得： 1+：所有被弃置【神力】的属性。 2+：一张被弃置【神力】基本威力的威力（至多为5）。 3+：一张被弃置【神力】的非“残留”卡牌文字效果。
568,01从者\000已有从者\02枪兵\枪兵-迦尔纳LBNO4\httpcloud3steamusercontentcomugc2491128268989886260EAF99DC038EF737AADD27767559BEA397637AABE.png,analyzed,1,全局事件/局势牌区访问与转移 | 卡牌附件/叠放区 | 逐条语义审阅的规则原文：米 力量 宝具 100 15k 梵天啊，覆盖大地 【真名解放】 无冠的武艺-被动/行动阶段：将一张与已有【神力】属性均不同的手 牌放置于你的从者牌上作为【神力】，然后抽一张牌 轮回独断-行动阶段：当你拥有至少3张【神力】才可使用此效果， 若你获胜，下一回合抽取事件牌和非高潮的局势牌时，改为将它们移 除游戏，然后将所有玩家移除版图且他们本回合无法进行部署。
569,01从者\000已有从者\02枪兵\枪兵-迦尔纳LBNO4\httpcloud3steamusercontentcomugc249112826898988698697F1A82FDC836B564069B794B3818206D1BB8B31.png,analyzed,1,逐条语义审阅的规则原文：魔力放出（炎） 归途-被动：当一张事件牌展示时，你可以弃置一张与其 上提到的属性具有相同属性的【神力】或手牌，若如此做， 其他玩家无法受到该事件牌的力量修正直至回合结束。 被动/前哨阶段：将一张与已有【神力】属性均不同的手 牌明置于你的从者牌上作为【神力】，然后抽一张牌。
570,01从者\000已有从者\02枪兵\枪兵-迦尔纳LBNO4\旧\梵天啊，覆盖大地.jpg,analyzed,1,全局事件/局势牌区访问与转移 | 卡牌附件/叠放区 | 逐条语义审阅的规则原文：宝具 15K 梵天啊，覆盖大地 【真名解放】 无冠的武艺一被动/行动阶段：将一张与已有【神力】属性均不同的手 牌放置于你的从者牌上作为【神力】，然后抽一张牌。 轮回独断-战斗阶段：弃置3张【神力】，下一回合抽取非高潮局势牌 和事件牌后，改为将它们移除游戏并不触发任何效果并将所有玩家移 除版图且他们无法进行部署。
571,01从者\000已有从者\02枪兵\枪兵-迦尔纳LBNO4\旧\燃烧的三神之衣.jpg,analyzed,1,逐条语义审阅的规则原文：宝具 3 1& 燃烧的三神之衣 【真名解放】 残留：此牌+X威力，X为你的【神力】数。 行动阶段：根据你的【神力】数，此牌获得： 1+：所有【神力】的属性。2+：一张【神力】的卡牌文字效果。 3+：花费3点魔力，令此牌威力翻倍并于回合结束时关闭此牌。
572,01从者\000已有从者\02枪兵\枪兵-迦尔纳LBNO4\旧\迦尔纳LB No.4.jpg,non_rule,1,仅为从者/牌面数值、卡背、标记或目录占位图，未见可执行规则文字
573,01从者\000已有从者\02枪兵\枪兵-迦尔纳LBNO4\旧\魔力放出炎.jpg,analyzed,1,逐条语义审阅的规则原文：魔力放出（炎） 被动/前哨阶段：将一张与已有【神力】属性均不同的手 牌明置于你的从者牌上作为【神力】，然后抽一张牌。 归途-被动/行动阶段：花费1点魔力并弃置一张【神力】， 与你位于同一战场的对手控制的与该【神力】具有相同属 性攻击的威力无法受到来自局势牌和事件牌的力量修正。
574,01从者\000已有从者\02枪兵\枪兵-迦尔纳\3.2更新化作甲胄.jpg,analyzed,1,逐条语义审阅的规则原文：Noble Phantasm 206K 日轮呀，化作甲胃 被动：你无法使用迦尔纳的其他 宝具。 被动/前哨阶段：将此牌移除游戏。 吾之辉，吾之铠一战斗阶段：你的战斗中每有一名对手，你 便需花费1点魔力使用此效果。将与你位于同一战场的对手 控制的基础攻击的威力设为0。
575,01从者\000已有从者\02枪兵\枪兵-迦尔纳\3.2更新诅咒我身.jpg,analyzed,1,逐条语义审阅的规则原文：米 Strength Agility 50 梵天呀，诅咒我身 3K 【真名解放】 吾之心，吾之炎-行动阶段：你可以花费至多5点战果， 每点战果令你获得1点魔力以及令此牌获得+3威力。
576,01从者\000已有从者\02枪兵\枪兵-迦尔纳\日轮啊，顺从死亡.png,analyzed,1,逐条语义审阅的规则原文：迅捷 宝具 100 15K 日轮啊，顺从死亡 【真名解放】 <每局游戏限一次> 战斗阶段：如果你赢得战斗，令所有因此战败的玩家 在下一回合开始时【败北】。
577,01从者\000已有从者\02枪兵\枪兵-迦尔纳\旧\日轮啊，化作甲胃.png,analyzed,1,逐条语义审阅的规则原文：宝具 006K 日轮啊，化作甲胃 你每与一名玩家进行战斗，战斗结束后便失去3点魔力。 被动：你不能使用迦尔纳的其他 宝具牌。你可于前哨阶段 将此牌移除游戏，然后获得12点魔力。 战斗阶段：将与你交战对手的基础攻击牌的威力设置为0。
578,01从者\000已有从者\02枪兵\枪兵-迦尔纳\旧\梵天啊，诅咒我身.png,analyzed,1,逐条语义审阅的规则原文：米 力量 迅捷 50 3K 梵天啊，诅咒我身 【真名解放】 行动阶段：你可以花费最多5点战果。每花费1点战果，此牌 便获得威力+3。
579,01从者\000已有从者\02枪兵\枪兵-迦尔纳\迦尔纳.png,non_rule,1,仅为从者/牌面数值、卡背、标记或目录占位图，未见可执行规则文字
580,01从者\000已有从者\02枪兵\枪兵-迪木卢多·奥迪那\必灭的黄蔷薇.png,analyzed,1,逐条语义审阅的规则原文：迅捷 宝具 6 必灭的黄蔷薇 【真名解放】 战斗阶段：若你赢得战斗，所有因此战败的从者随机移除一 张未激活的技能牌。当你被淘汰时，他们重新获得该技能。
581,01从者\000已有从者\02枪兵\枪兵-迪木卢多·奥迪那\战斗续行.png,analyzed,2,逐条语义审阅的规则原文：迅捷 特殊 战斗续行 3 5& 行动阶段：移动至除魔术工房外的任意地点。
582,01从者\000已有从者\02枪兵\枪兵-迪木卢多·奥迪那\破魔的红蔷薇.png,analyzed,2,逐条语义审阅的规则原文：迅捷 宝具 破魔的红蔷薇 4K 4 【真名解放】 战斗阶段：花费6点魔力，关闭此牌并将【必灭的黄蔷薇】加 入攻击。 战斗阶段：将此战场所有对手的 宝具威力变为0。
583,01从者\000已有从者\02枪兵\枪兵-迪木卢多·奥迪那\迪木卢多 奥迪那.png,non_rule,2,仅为从者/牌面数值、卡背、标记或目录占位图，未见可执行规则文字
584,01从者\000已有从者\02枪兵\枪兵-迷之Alterego·A diy\3.1更新 (1).png,analyzed,2,逐条语义审阅的规则原文：魔术 宝具 7K 如琉璃般的夏露啊 4 【真名解放】 惊鸿过隙-你所在的地点受局势牌和事件牌影响时，其上印 刷的非 宝具属性均视为×魔术属性。 青鸟-行动阶段：花费4点魔力，将一张手牌中的×魔术攻 击加入攻击。
585,01从者\000已有从者\02枪兵\枪兵-迷之Alterego·A diy\3.1更新 (2).png,analyzed,2,逐条语义审阅的规则原文：魔术 3 5K 梅尔特之嫉妒 罪恶芭蕾-被动：当你移动至一处战场后，你可以重新部署 于其最高的地利位置处。 吸收-行动阶段：【感染】与你交战的所有对手各一张技能 牌直至回合结束（由你选择）。他们不能使用被【感染】的 牌的【行动阶段】和【战斗阶段】能力。
586,01从者\000已有从者\02枪兵\枪兵-迷之Alterego·A diy\3.1更新 (3).png,analyzed,2,原子位置交换/成组强制移动 | 逐条语义审阅的规则原文：魔术 2& 天鹅湖 完全流体-被动：你的移动不会受到卡牌效果的限制。若你 进行了移动，你可以将此牌加入攻击。 打出时：移动至除魔术工房外的任意地点，移动前令目的地 原地利位置的占领者失去其地利位置。
587,01从者\000已有从者\02枪兵\枪兵-迷之Alterego·A diy\httpcloud3steamusercontentcomugc181886963093817273831C63FA4D806944C725F3F6390E4FE4242115B8B.png,unclear,2,OCR无法可靠判定：881881081 00100101110000 188018810188 30 1388 188188181881818 101001010 001080108 1081881 8808 8111181 018818010818010010 00000111 阳 0000 1010010010 01881881081880 188 8881881 81881 81881 0000011111 0100100010000111 08180801111181888 188188188818 日日BLL 1018日801 010 001100 11088181801801 10810880 100101101010 010 0110010 001 日1日 101001100001000 188808811110100810
588,01从者\000已有从者\02枪兵\枪兵-迷之Alterego·A diy\旧\Melt Envy.png,analyzed,2,逐条语义审阅的规则原文：魔术 2 4K 梅尔特之嫉妒 被动/行动阶段：花费1点魔力，你本回合内进行的移动视为重新 部署。 行动阶段：【感染】与你交战的所有对手各一张技能牌到回合结 束（由你选择）。他们不能使用被【感染】的牌的【行动阶段】 和【战斗阶段】能力。
589,01从者\000已有从者\02枪兵\枪兵-迷之Alterego·A diy\旧\天鹅湖.png,analyzed,2,原子位置交换/成组强制移动 | 逐条语义审阅的规则原文：魔术 2& 天鹅湖 完全流体-被动：你的移动不会受到卡牌效果的限制。若你进 行了移动或重新部署，你可以将此牌加入攻击。 打出时：移动到任一地点，若为战场，移动前令原地利位置的 占领者失去该地利位置。
590,01从者\000已有从者\02枪兵\枪兵-迷之Alterego·A diy\旧\如琉璃般的夏露啊.png,analyzed,2,逐条语义审阅的规则原文：魔术 宝具 7K 如琉璃般的夏露啊 4 【真名解放】 行动阶段：你所在的地点受局势牌和事件牌影响时，其上印 刷的非 宝具属性均视为×属性。
591,01从者\000已有从者\02枪兵\枪兵-迷之Alterego·A diy\谜之Alterego.png,non_rule,2,仅为从者/牌面数值、卡背、标记或目录占位图，未见可执行规则文字
592,01从者\000已有从者\02枪兵\枪兵-长尾景虎\3.1更新.png,analyzed,2,逐条语义审阅的规则原文：特殊 宝具 8K 毗天八相车悬之阵 被动：当你移动之后，你可以打出一张攻击。 被动：你可以花费同时拥有8点及以上魔力和你的【裁决者 令咒】的玩家的魔力来支付你攻击消耗的三分之一（向上取 整）。 打出时：打出一张基本威力3及以下的攻击。
593,01从者\000已有从者\02枪兵\枪兵-长尾景虎\3.4.1更新毗沙门天.png,analyzed,2,逐条语义审阅的规则原文：特殊 3 7& 毗沙门天 【真名解放】 武运在天-战斗阶段结束后，选择一名不拥有你的【裁决者令 咒】且输掉战斗的其他玩家，他获得一枚你的【裁决者令咒】。 若他获得了，你获得1点战果。你视为被该拥有者束缚，他能 于自己的回合对你使用此【裁决者令咒】。
594,01从者\000已有从者\02枪兵\枪兵-长尾景虎\旧\毗沙门天.png,analyzed,2,逐条语义审阅的规则原文：特殊 3 7K 毗沙门天 【真名解放】 武运在天-战斗阶段结束后，选择一名不拥有你的【裁决者令 咒】且输掉战斗的其他玩家，他获得一枚你的【裁决者令咒】 若他获得了，你获得1点战果。只有该拥有者能使用此枚【裁 决者令咒】。
595,01从者\000已有从者\02枪兵\枪兵-长尾景虎\旧\车悬之阵.png,analyzed,2,逐条语义审阅的规则原文：特殊 宝具 8K 毗天八相车悬之阵 被动：当你移动之后，你可以打出一张攻击。 被动：你可以花费同时拥有8点及以上魔力和你的【裁决者 令咒】的玩家的魔力来支付你攻击消耗的一半（向上取整）。 打出时：打出一张基本威力3及以下的攻击。
596,01从者\000已有从者\02枪兵\枪兵-长尾景虎\旧\长尾景虎.png,non_rule,2,仅为从者/牌面数值、卡背、标记或目录占位图，未见可执行规则文字
597,01从者\000已有从者\02枪兵\枪兵-长尾景虎\枪兵-战斗续行.png,analyzed,2,逐条语义审阅的规则原文：迅捷 特殊 战斗续行 3 5& 行动阶段：移动至除魔术工房外的任意地点。
598,01从者\000已有从者\02枪兵\枪兵-长尾景虎\长尾景虎.png,non_rule,2,仅为从者/牌面数值、卡背、标记或目录占位图，未见可执行规则文字
599,01从者\000已有从者\02枪兵\枪兵-阿尔托莉雅·潘德拉贡(Lancer)diy\3.5更新神圣圆桌领域.png,analyzed,2,通用标记/计数 | 逐条语义审阅的规则原文：神圣圆桌领域 被动/前哨阶段：花费3点魔力，随机将一张游戏外的 【圆桌骑士】加入攻击。回合结束时，若你获胜，将该 【圆桌骑士】洗入你的牌库并获得一枚响应标记。
600,01从者\000已有从者\02枪兵\枪兵-阿尔托莉雅·潘德拉贡(Lancer)diy\3.5王之路途.png,analyzed,2,通用标记/计数 | 逐条语义审阅的规则原文：1+：你可于常规出牌时追加 打出一张【圆桌骑士】 2+：若你控制【圆桌骑士】 +3合计威力。 3+: 圆桌骑士】的魔力消 耗-2并失去归于大地 4+：当你使用【圆桌骑士】 的能力时，视为已为该能力 花费了2点魔力 5+：回合开始时，你获得 响应数一半（向上取整） 的魔力 6+：回合开始时，你可以 选择一张牌库内或游戏外 的【圆桌骑士】加入手牌。 王之路途 被动：当你获得一枚响应标记后，你可以将手牌或弃牌堆 的一张牌移除游戏。 根据响应标记数，你获得上述效果。若你于回合开始时拥 有7枚及以上响应标记并于该回合获胜，你获得游戏胜利。
601,01从者\000已有从者\02枪兵\枪兵-阿尔托莉雅·潘德拉贡(Lancer)diy\3.5闪耀于终焉之枪.png,analyzed,2,通用标记/计数 | 逐条语义审阅的规则原文：米 力量 宝具 12K 闪耀于终焉之枪 【真名解放】 光之奔流-行动阶段：从任意处（包括游戏外）选择一张 【圆桌骑士】加入攻击。若你获胜，获得一枚响应标记。
602,01从者\000已有从者\02枪兵\枪兵-阿尔托莉雅·潘德拉贡(Lancer)diy\ATK-圆桌骑士加拉哈德.png,analyzed,2,逐条语义审阅的规则原文：魔术 X 3 OK 圆桌骑士加拉哈德 【圆桌骑士】 归于大地-当你战败时，将此牌移除游戏。 已然遥远的理想之城-行动阶段：支付X点魔力（X最大为3）， 获得你所在战场的+X地利，之后将你的地利翻倍。
603,01从者\000已有从者\02枪兵\枪兵-阿尔托莉雅·潘德拉贡(Lancer)diy\atk-圆桌骑士兰斯洛特.png,analyzed,2,逐条语义审阅的规则原文：魔术 3 3K 圆桌骑士 兰斯洛特 【圆桌骑士】 归于大地-当你战败时，将此牌移除游戏。 无穷的武练-行动阶段：支付3点魔力，创造并激活一张你控制的 基础攻击的临时复制。
604,01从者\000已有从者\02枪兵\枪兵-阿尔托莉雅·潘德拉贡(Lancer)diy\atk-圆桌骑士加雷斯.png,analyzed,2,逐条语义审阅的规则原文：米 力量 3 圆桌骑士 加雷斯 【圆桌骑士】 归于大地-当你战败时，将此牌移除游戏。 狂暴少女狼-行动阶段：支付X点魔力（X最大为3），你的所有 攻击威力+X至回合结束。
605,01从者\000已有从者\02枪兵\枪兵-阿尔托莉雅·潘德拉贡(Lancer)diy\atk-圆桌骑士崔斯坦.png,analyzed,2,调用或重放指定卡牌能力 | 逐条语义审阅的规则原文：敏捷 3 5& 圆桌骑士崔斯坦 【圆桌骑士】 归于大地-当你战败时，将此牌移除游戏。 痛哭幻奏-行动阶段：支付3点魔力，若你于本回合战败，你的其 他攻击获得“残留”至下回合战斗阶段结束。
606,01从者\000已有从者\02枪兵\枪兵-阿尔托莉雅·潘德拉贡(Lancer)diy\atk-圆桌骑士玻西瓦尔.png,analyzed,2,逐条语义审阅的规则原文：魔术 3 3K 圆桌骑士玻西瓦尔 【圆桌骑士】 归于大地-当你战败时，将此牌移除游戏。 光耀的命运之枪-行动阶段：支付3点魔力，战力结算时，令所有 本回合移动至你所在的战场的对手【败北】。
607,01从者\000已有从者\02枪兵\枪兵-阿尔托莉雅·潘德拉贡(Lancer)diy\atk-圆桌骑士莫德雷德.png,analyzed,2,逐条语义审阅的规则原文：米 力量 3 5K 圆桌骑士 莫德雷德 【圆桌骑士】 归于大地-当你战败时，将此牌移除游戏。 灿然辉耀之王剑-行动阶段：支付3点魔力，若你于本回合战败， 恢复你本回合因打出攻击及其效果消耗的魔力的一半（向上取整）
608,01从者\000已有从者\02枪兵\枪兵-阿尔托莉雅·潘德拉贡(Lancer)diy\atk-圆桌骑士贝狄威尔.png,analyzed,2,逐条语义审阅的规则原文：米 力量 3 XK 圆桌骑士 贝狄威尔 【圆桌骑士】 X为你牌库与弃牌堆牌的数量差值的绝对值。 归于大地-当你战败时，将此牌移除游戏。 一闪即逝，银之臂-行动阶段：支付Y点魔力（Y最大为3），弃置 你牌堆顶的至多Y张牌。
609,01从者\000已有从者\02枪兵\枪兵-阿尔托莉雅·潘德拉贡(Lancer)diy\atk-圆桌骑士阿格规文.png,analyzed,2,逐条语义审阅的规则原文：特殊 3 3& 圆桌骑士阿格规文 【圆桌骑士】 归于大地-当你战败时，将此牌移除游戏。 铁之戒律-行动阶段：支付3点魔力，与你位于同一战场的对手计 算威力时，无法受到来自局势牌和事件牌的力量修正。
610,01从者\000已有从者\02枪兵\枪兵-阿尔托莉雅·潘德拉贡(Lancer)diy\atk-圆桌骑士高文.png,analyzed,2,逐条语义审阅的规则原文：米 力量 圆桌骑士 高文 3 3K 【圆桌骑士】 归于大地-当你战败时，将此牌移除游戏。 转轮胜利之剑-行动阶段：支付X点魔力（X最大为3），将一张战 果点数为X的【不夜的魅力】事件牌放置于你所在的战场。
611,01从者\000已有从者\02枪兵\枪兵-阿尔托莉雅·潘德拉贡(Lancer)diy\attacks.png,non_rule,2,仅为从者/牌面数值、卡背、标记或目录占位图，未见可执行规则文字
612,01从者\000已有从者\02枪兵\枪兵-阿尔托莉雅·潘德拉贡(Lancer)diy\skills.png,non_rule,2,仅为从者/牌面数值、卡背、标记或目录占位图，未见可执行规则文字
613,01从者\000已有从者\02枪兵\枪兵-阿尔托莉雅·潘德拉贡(Lancer)diy\事件牌-不夜的魅力.png,analyzed,2,全局事件/局势牌区访问与转移 | 逐条语义审阅的规则原文：X 不夜的魅力 米力量攻击于此战场获得威力+X。 战斗阶段结束后，将该事件牌移除游戏。
614,01从者\000已有从者\02枪兵\枪兵-阿尔托莉雅·潘德拉贡(Lancer)diy\响应x5.png,non_rule,2,仅为从者/牌面数值、卡背、标记或目录占位图，未见可执行规则文字
615,01从者\000已有从者\02枪兵\枪兵-阿尔托莉雅·潘德拉贡(Lancer)diy\旧\王之路途2.png,analyzed,2,逐条语义审阅的规则原文：王之路途 被动：根据响应的【圆桌骑士】数，你获得下列效果： 1+：你的【圆桌骑士】获得：“光之奔流-唯一：追加打出此牌”。 2+：你位于【卡美洛】时，获得+3合计威力。 3+：【圆桌骑士】的魔力消耗-2并失去归于大地。 4+：【圆桌骑士】的效果魔力消耗-2。 5+：所有地点均视为【卡美洛】。
616,01从者\000已有从者\02枪兵\枪兵-阿尔托莉雅·潘德拉贡(Lancer)diy\旧\神圣圆桌领域.png,analyzed,2,逐条语义审阅的规则原文：神圣圆桌领域 被动/前哨阶段：支付3点魔力，令一个战场成为【卡美洛】直至本回 合结束。 止境的加护-被动：每回合限一次，当你部署于或进入【卡美洛】时， 随机将一张游戏外的【圆桌骑士】加入你的攻击。若你获得战斗胜利， 令因此效果被加入攻击的【圆桌骑士】响应。（响应：洗入你的牌库）
617,01从者\000已有从者\02枪兵\枪兵-阿尔托莉雅·潘德拉贡(Lancer)diy\旧\闪耀于终焉之枪.png,analyzed,2,逐条语义审阅的规则原文：米 力量 宝具 9K 闪耀于终马之枪 【真名解放】 此牌魔力消耗-X。X为响应的【圆桌骑士】数。 领袖气质-行动阶段：从任意处（包括游戏外）将一张【圆 桌骑士】加入攻击。若你于本回合取得战斗胜利，令该【圆 桌骑士】响应。
618,01从者\000已有从者\02枪兵\枪兵-阿尔托莉雅·潘德拉贡(Lancer)diy\枪呆.png,non_rule,2,仅为从者/牌面数值、卡背、标记或目录占位图，未见可执行规则文字
619,01从者\000已有从者\03弓兵\从者：崔斯坦\3.2更新高声颂爱.jpg,analyzed,2,逐条语义审阅的规则原文：Magic 高声颂爱 2 X& 打出时：将你弃牌堆内任意数量的牌洗回牌库。 X为你以此效果洗回的牌的数量+2直至此牌关闭。 记忆渐熄-残留：你进行战斗的战斗阶段需花费X点魔力， 否则关闭此牌。
620,01从者\000已有从者\03弓兵\从者：崔斯坦\不被祝福的诞生.png,analyzed,2,逐条语义审阅的规则原文：★魔术 2 JX& 不被祝福的诞生 打出时：将你弃牌堆内任意数量的牌洗回牌库。X为你以此 效果洗回的牌的数量+2直至此牌关闭。 记忆渐熄-残留：若你于本回合进行了战斗，回合结束时， 支付X点魔力或关闭此牌。
621,01从者\000已有从者\03弓兵\从者：崔斯坦\崔斯坦.png,non_rule,2,仅为从者/牌面数值、卡背、标记或目录占位图，未见可执行规则文字
622,01从者\000已有从者\03弓兵\从者：崔斯坦\弓兵-单独行动.png,analyzed,2,逐条语义审阅的规则原文：特殊 单独行动 当你的行动顺位为当前回合前半数时（向下取整），你才能 使用此牌。 行动阶段：你获得3点战果。 如果你本回合战斗失败，失去5点战果，此效果不能被任何方 法阻止。
623,01从者\000已有从者\03弓兵\从者：崔斯坦\痛哭幻奏.png,analyzed,2,逐条语义审阅的规则原文：敏捷 宝具 5 7K 痛哭幻奏 【真名解放】 悲叹共鸣-战斗阶段：关闭你战斗中除此牌外的，所有与另 一张攻击具有相同基本威力的非残留攻击。若没有，更改为 弃置你牌库顶的三张牌。
624,01从者\000已有从者\03弓兵\弓兵-伊什塔尔\伊什塔尔.png,non_rule,2,仅为从者/牌面数值、卡背、标记或目录占位图，未见可执行规则文字
625,01从者\000已有从者\03弓兵\弓兵-伊什塔尔\山脉震撼明星之薪.png,analyzed,2,战斗胜者/游戏流程改写 | 逐条语义审阅的规则原文：特殊 宝具 14K 山脉震撼明星之薪 【真名解放】 打出时：将你从桌面上移除游戏。 战斗阶段：选择一处战场，若你的合计威力比该处获胜者的 合计威力更高，则你取代变为胜利者。
626,01从者\000已有从者\03弓兵\弓兵-伊什塔尔\弓兵-单独行动.png,analyzed,2,逐条语义审阅的规则原文：特殊 单独行动 当你的行动顺位为当前回合前半数时（向下取整），你才能 使用此牌。 行动阶段：你获得3点战果。 如果你本回合战斗失败，失去5点战果，此效果不能被任何方 法阻止。
627,01从者\000已有从者\03弓兵\弓兵-伊什塔尔\闪耀的大王冠.png,analyzed,2,调用或重放指定卡牌能力 | 逐条语义审阅的规则原文：闪耀的大王冠 被动：你的β特殊属性牌名为【幸运】并获得“战斗阶段： 你无视【败北】效果。” 被动/战斗阶段：【真名解放】。关闭你的一张【幸运】并打 出另一张【幸运】，支付其费用并使用其行动阶段能力。
628,01从者\000已有从者\03弓兵\弓兵-俄里翁（弓）diy\俄里翁.png,non_rule,2,仅为从者/牌面数值、卡背、标记或目录占位图，未见可执行规则文字
629,01从者\000已有从者\03弓兵\弓兵-俄里翁（弓）diy\弓兵-单独行动.png,analyzed,2,逐条语义审阅的规则原文：特殊 单独行动 当你的行动顺位为当前回合前半数时（向下取整），你才能 使用此牌。 行动阶段：你获得3点战果。 如果你本回合战斗失败，失去5点战果，此效果不能被任何方 法阻止。
630,01从者\000已有从者\03弓兵\弓兵-俄里翁（弓）diy\月女神的爱箭恋矢.png,analyzed,2,原子位置交换/成组强制移动 | 逐条语义审阅的规则原文：魔术 宝具 7 12K 月女神的爱箭恋矢 【真名解放】 行动阶段：若场上没有楔，选择一名与你位于同一地点的对手， 他获得楔。若如此做，本回合你无法使用爱之曲。 爱之曲-战斗阶段：选择一名拥有楔的对手，你移动至其所在的 战场。若如此做，回合结束时，你移除其楔。
631,01从者\000已有从者\03弓兵\弓兵-俄里翁（弓）diy\楔.png,non_rule,2,仅为从者/牌面数值、卡背、标记或目录占位图，未见可执行规则文字
632,01从者\000已有从者\03弓兵\弓兵-俄里翁（弓）diy\移情别恋之楔.png,analyzed,2,逐条语义审阅的规则原文：移情别恋之楔 被动：·当场上没有楔时，【月女神的爱箭恋矢】的魔力消耗-2。 ·当一名其他男性从者真名解放且未获得过楔时，他获得楔。 ·拥有楔的玩家不能于自己回合离开你所在的战场。 团子之梦-你每与一名拥有楔的玩家位于同一战场，则与其各 获得合计威力+3。
633,01从者\000已有从者\03弓兵\弓兵-克洛伊·冯·爱因兹贝伦\3.1更新投影魔术.png,analyzed,2,逐条语义审阅的规则原文：魔术 X 4& 投影魔术 磁想聚合-行动阶段：你的基础攻击获得：“行动阶段：你 每控制一张与你控制的其他攻击不具有相同属性的攻击， 此牌+1威力。”直至回合结束。此效果不能被任何方式阻止。 战斗阶段：若你赢得战斗，获得2点战果。
634,01从者\000已有从者\03弓兵\弓兵-克洛伊·冯·爱因兹贝伦\克洛伊·冯·爱因兹贝伦.png,non_rule,2,仅为从者/牌面数值、卡背、标记或目录占位图，未见可执行规则文字
635,01从者\000已有从者\03弓兵\弓兵-克洛伊·冯·爱因兹贝伦\干将·莫邪.png,analyzed,2,逐条语义审阅的规则原文：米 力量 宝具 5K 干将·莫邪 被动/行动阶段：若你激活的攻击印刷基本威力之和恰好为5， 打出一张牌。 鹤翼三连-战斗阶段：如果你本回合于一处战场打出此牌，关 闭之。若如此，在下回合开始时将此牌加入攻击。
636,01从者\000已有从者\03弓兵\弓兵-克洛伊·冯·爱因兹贝伦\无限剑制.png,analyzed,2,逐条语义审阅的规则原文：特殊 201& 无限剑制 【真名解放】 残留：于你的行动阶段中关闭一张自己控制的攻击，从你的 手牌或牌库中打出至多2张基本威力与之印刷基本威力相同 的牌，若你打出的牌少于两张，关闭此【无限剑制】。
637,01从者\000已有从者\03弓兵\弓兵-克洛伊·冯·爱因兹贝伦\旧\投影魔术.png,analyzed,2,逐条语义审阅的规则原文：魔術 3 4& 投影魔术 行动阶段：直至回合结束，你的基础攻击拥有“你激活的 攻击中，每有一张属性与其他攻击皆不同的牌，则此牌威 力+1”。该效果无法被阻止
638,01从者\000已有从者\03弓兵\弓兵-南丁格尔（圣诞）\3.6天使雨滴.png,analyzed,2,逐条语义审阅的规则原文：米 力量 天使雨滴， 3 6K 恶魔泪滴 被动：玩家拆开【礼物】时，其获得1点魔力。 战地医疗-被动/行动阶段：若你控制【单独行动（圣诞）】， 关闭一张你激活的攻击，移动至一处非侦查地点。 突击药物-行动阶段：若你战败且不为你战斗中合计威力最 低的败者，令你的所有交战对手失去3点魔力。
639,01从者\000已有从者\03弓兵\弓兵-南丁格尔（圣诞）\单独行动-圣诞.png,analyzed,2,逐条语义审阅的规则原文：特殊 单独行动（圣诞） 6K 当你的行动顺位为当前回合前半数（向下取整）时，你才 能使用此牌。若你战败，失去5点战果，此效果不能被任何 方式阻止。 行动阶段：你获得3点战果，然后令所有与你位于同一地点 的其他玩家将一张游戏外的【礼物】洗入牌库。
640,01从者\000已有从者\03弓兵\弓兵-南丁格尔（圣诞）\南丁格尔（圣诞）.png,non_rule,2,仅为从者/牌面数值、卡背、标记或目录占位图，未见可执行规则文字
641,01从者\000已有从者\03弓兵\弓兵-南丁格尔（圣诞）\天使在呐喊.png,analyzed,2,逐条语义审阅的规则原文：敏捷 宝具 天使在呐喊 6 K 恶魔消失于影中 【真名解放】 若你所在的战场的其他玩家均控制【礼物】，你可以将此牌 基本威力设为0免费打出此牌。 行动阶段：令与你位于同一战场的其他玩家减少8点魔力。
642,01从者\000已有从者\03弓兵\弓兵-南丁格尔（圣诞）\天使雨滴.png,analyzed,2,逐条语义审阅的规则原文：米 力量 天使雨滴， 3 6K 恶魔泪滴 被动：玩家拆开【礼物】时，其获得1点魔力。 突击药物-行动阶段：将与你位于同一战场的其他玩家的魔 力减少至8点，若不存在其他玩家，翻倍你的地利。
643,01从者\000已有从者\03弓兵\弓兵-卫宫(Alter)\3.1更新.png,analyzed,2,逐条语义审阅的规则原文：特殊 单独行动 当你的行动顺位为当前回合前半数时（向下取整），你才能 使用此牌。 行动阶段：你获得3点战果。 如果你本回合战斗失败，失去5点战果，此效果不能被任何方 法阻止。
644,01从者\000已有从者\03弓兵\弓兵-卫宫(Alter)\3.4.1更新无限剑制.png,analyzed,2,逐条语义审阅的规则原文：特殊 5 3& 无限剑制 笑铁心-战斗阶段：选择一种属性和一名你战斗中的玩家， 令其展示其弃牌堆。将所有具有选择的属性的牌洗回其牌库， 每以此效果洗回一张牌，便令你获得+2合计威力。 若因此效果洗回了4张以上的牌，令该玩家【败北】。
645,01从者\000已有从者\03弓兵\弓兵-卫宫(Alter)\卫宫（Alter）.png,non_rule,2,仅为从者/牌面数值、卡背、标记或目录占位图，未见可执行规则文字
646,01从者\000已有从者\03弓兵\弓兵-卫宫(Alter)\嗤笑铁心.png,analyzed,2,效果保护/改目标/来源过滤 | 逐条语义审阅的规则原文：l笑铁心 万善皆虚-被动：你的攻击威力或合计威力因其他玩家的影 减少时，其可以支付3点魔力，否则，此效果同时影响对手 及其攻击。 万恶皆允-被动：当一名对手令你【败北】后，你可以花费 一枚令咒，若如此做，其被【败北】。
647,01从者\000已有从者\03弓兵\弓兵-卫宫(Alter)\干将·莫邪.png,analyzed,2,逐条语义审阅的规则原文：宝具 05K 干将·莫邪 【真名解放】 投影-此牌需追加打出。 防弹加工-打出此牌需移除你弃牌堆的两张牌，此牌获得因 此效果被移除的牌属性至回合结束。
648,01从者\000已有从者\03弓兵\弓兵-卫宫(Alter)\无限剑制.png,analyzed,2,逐条语义审阅的规则原文：特殊 3& 无限剑制 笑铁心-战斗阶段：选择一种属性和一名你战斗中的玩家， 令其展示其弃牌堆。将所有具有选择的属性的牌洗回其牌库， 每以此效果洗回一张牌，便令你获得+2合计威力。 若因此效果洗回了4张以上的牌，令该玩家【败北】。
649,01从者\000已有从者\03弓兵\弓兵-卫宫士郎\3.1更新无限剑制.png,analyzed,2,批量回收与牌库事务 | 逐条语义审阅的规则原文：特殊 8 无限剑制 【真名解放】 打出时：以你打出的牌、手牌、牌库和弃牌堆任意组建一组 至多12张牌的手牌。 残留：你的常规出牌改为打出0~4张牌，你不能抽牌，当你 的手牌数为0时，关闭此牌。
650,01从者\000已有从者\03弓兵\弓兵-卫宫士郎\七重圆环.png,analyzed,2,逐条语义审阅的规则原文：特殊 2 4& 炽天覆七重圆环 战斗阶段：将同一战场所有对手的 属性威力变为0。
651,01从者\000已有从者\03弓兵\弓兵-卫宫士郎\伪-螺旋剑.png,analyzed,2,逐条语义审阅的规则原文：迅捷 宝具 伪·螺旋剑 4K 2 【真名解放】 <每局游戏限一次> 行动阶段：将你的地利变为3倍。 战斗阶段：若赢得本场战斗，获得4战果。
652,01从者\000已有从者\03弓兵\弓兵-卫宫士郎\卫宫士郎.png,non_rule,2,仅为从者/牌面数值、卡背、标记或目录占位图，未见可执行规则文字
653,01从者\000已有从者\03弓兵\弓兵-卫宫士郎\旧\无限剑制.png,analyzed,2,批量回收与牌库事务 | 逐条语义审阅的规则原文：特殊 无限剑制 010K X 【真名解放】 打出时：生成一个由你打出的牌，手牌，牌堆以及弃牌堆形 成的12张牌的手牌。 残留：你每回合可以打出0-4张手牌，你不能抽牌。当你没 有手牌时，关闭此牌。
654,01从者\000已有从者\03弓兵\弓兵-吉尔伽美什2.7diy\atk+\宝具·射杀百头.png,analyzed,2,逐条语义审阅的规则原文：敏捷 5& 宝具?射杀百头 战斗阶段：与你战斗的对手失去X点合计威力，X等于 其自身的攻击数减去2。 此攻击为[原典]每回合你仅可正面激活一张[原典]。
655,01从者\000已有从者\03弓兵\弓兵-吉尔伽美什2.7diy\atk+\宝具·方天画戟.png,analyzed,2,逐条语义审阅的规则原文：米 力量 4& 宝具?方天画戟 使用时：本回合计算威力时，若你正面激活了X张(此 卡以外)力量属性的攻击，则你的合计威力-2X。 此攻击为[原典]每回合你仅可正面激活一张[原典]。
656,01从者\000已有从者\03弓兵\弓兵-吉尔伽美什2.7diy\atk+\宝具·格拉墨.png,analyzed,2,逐条语义审阅的规则原文：米 力量 5& 宝具·格拉墨 使用时：本回合与你部署同一战场的对手，他们的 攻击消耗-1。 此攻击为[原典]每回合你仅可正面激活一张[原典]。
657,01从者\000已有从者\03弓兵\弓兵-吉尔伽美什2.7diy\atk+\宝具·螺旋剑.png,analyzed,2,逐条语义审阅的规则原文：敏捷 宝具·螺旋剑 4K 使用时：本回合计算威力时，若你正面激活了X张(此 卡以外)敏捷属性的攻击，则你的合计威力-2X。 此攻击为[原典]每回合你仅可正面激活一张[原典]。
658,01从者\000已有从者\03弓兵\弓兵-吉尔伽美什2.7diy\atk+\宝具·赫帕尔.png,analyzed,2,"逐条语义审阅的规则原文：敏捷 宝具·赫帕尔 2V 战斗阶段：与你同一战场对手的每张特殊属性攻击, 为此攻击+1威力。 此攻击为[原典]每回合你仅可正面激活一张[原典]。"
659,01从者\000已有从者\03弓兵\弓兵-吉尔伽美什2.7diy\atk+\宝具·赫格尼之剑.png,analyzed,2,逐条语义审阅的规则原文：魔术 3& 宝具·赫格尼之剑 行动阶段：花费1点战果，获得2点魔力。 行动阶段：花费1点战果，此攻击的威力+3。 此攻击为[原典]每回合你仅可正面激活一张[原典]。
660,01从者\000已有从者\03弓兵\弓兵-吉尔伽美什2.7diy\atk+\宝具·返老还童药.png,analyzed,2,逐条语义审阅的规则原文：魔术 2K 宝具·返老还童药 使用时：与你同一战场的所有人可以选择以下其一 回复3点魔力并且本回合合计威力为0。 回复1点魔力。 此攻击为[原典]每回合你仅可正面激活一张[原典]。
661,01从者\000已有从者\03弓兵\弓兵-吉尔伽美什2.7diy\atk+\宝具·迪兰达尔.png,analyzed,2,效果保护/改目标/来源过滤 | 逐条语义审阅的规则原文：米 力量 宝具·迪兰达尔 2& 使用时：本回合你的攻击不会被无效化，它们的威力 不能被减少 此攻击为[原典]每回合你仅可正面激活一张[原典]。
662,01从者\000已有从者\03弓兵\弓兵-吉尔伽美什2.7diy\atk+\宝县·因陀罗之雷.png,analyzed,2,逐条语义审阅的规则原文：魔术 4& 宝具·因陀罗之雷 使用时：本回合计算威力时，若你正面激活了X张(此 卡以外)魔术属性的攻击，则你的合计威力-2X。 此攻击为[原典]每回合你仅可正面激活一张[原典]。
663,01从者\000已有从者\03弓兵\弓兵-吉尔伽美什2.7diy\吉尔伽美什.png,non_rule,2,仅为从者/牌面数值、卡背、标记或目录占位图，未见可执行规则文字
664,01从者\000已有从者\03弓兵\弓兵-吉尔伽美什2.7diy\天之锁.png,analyzed,2,逐条语义审阅的规则原文：宝具 特殊 天之锁 3 4K 【真名解放】 使用时：移除与你同一战场对手的地利并【缠绕】他 们。【缠绕】维持到战斗阶段结束后，处于【缠绕】中 使用宝具属性的攻击魔力消耗+2。
665,01从者\000已有从者\03弓兵\弓兵-吉尔伽美什2.7diy\天地乖离·开辟之星.png,analyzed,2,逐条语义审阅的规则原文：宝具 16& 天地乖离?开辟之星 ? 【真名解放】 战斗阶段：每有1名被［缠绕］的对手在你的战场 时， 你获得1点魔力。 你可以额外消耗×点魔力 增加 2*×点合计威力 (X≤3)。当你获得胜利时， 你可以将本战场的任意事件牌移除游戏。
666,01从者\000已有从者\03弓兵\弓兵-吉尔伽美什2.7diy\王之财宝.png,analyzed,2,逐条语义审阅的规则原文：王之财宝 被动/准备阶段：当你重整牌库时，先将移除游戏的 【原典】加入你的牌库。 被动/前哨阶段：你可以抽两张牌并弃置两张。 被动/行动阶段：花费2点魔力从弃牌堆选择最多2张 【原典】加入攻击，追加的攻击失去卡牌文字效果，增 加<一局游戏限一次>并且其基本威力为 2。
667,01从者\000已有从者\03弓兵\弓兵-吉尔伽美什\3.1更新 (1).png,analyzed,2,逐条语义审阅的规则原文：Noble Phantasm 9 15k 天地乖离开辟之星 【真名解放】 切裂世界-战斗阶段：令所有控制区 特殊属性宝具的交 战对手【败北】。
668,01从者\000已有从者\03弓兵\弓兵-吉尔伽美什\3.1更新 (2).png,analyzed,2,逐条语义审阅的规则原文：Noble Phantasm XO 4K 巴比伦之门 【真名解放】 打出时：自由选择X。此牌获得X种非β特殊属性（由你 选择）。 行动阶段：翻倍你的地利。
669,01从者\000已有从者\03弓兵\弓兵-吉尔伽美什\单独行动.png,analyzed,2,逐条语义审阅的规则原文：特殊 单独行动 当你的行动顺位为当前回合前半数时（向下取整），你才能 使用此牌。 行动阶段：你获得3点战果。 如果你本回合战斗失败，失去5点战果，此效果不能被任何方 法阻止。
670,01从者\000已有从者\03弓兵\弓兵-吉尔伽美什\吉尔伽美什.png,non_rule,2,仅为从者/牌面数值、卡背、标记或目录占位图，未见可执行规则文字
671,01从者\000已有从者\03弓兵\弓兵-吉尔伽美什\旧\乖离之剑.png,analyzed,2,逐条语义审阅的规则原文：宝具 15K 天地乖离开辟之星 9 【真名解放】
672,01从者\000已有从者\03弓兵\弓兵-吉尔伽美什\旧\真-王之财宝.png,analyzed,2,逐条语义审阅的规则原文：米 力量 迅捷 魔術 宝具 4K 王之财宝 3 【真名解放】 局势牌无法禁止此牌的使用。 行动阶段：将你的地利翻倍。
673,01从者\000已有从者\03弓兵\弓兵-吉尔伽美什diy\3.1更新 (1).png,analyzed,2,逐条语义审阅的规则原文：米 力量 敏捷 魔术 宝具 15K 天地乖离开辟之星 9 【真名解放】 此牌的威力无法被减少。
674,01从者\000已有从者\03弓兵\弓兵-吉尔伽美什diy\3.1更新 (2).png,analyzed,2,逐条语义审阅的规则原文：宝具 3 4K 王之财宝 【真名解放】 残留：回合结束时，若你于本回合进行了战斗，关闭此牌。 行动阶段：翻倍你的地利。
675,01从者\000已有从者\03弓兵\弓兵-吉尔伽美什diy\吉尔伽美什.png,non_rule,2,仅为从者/牌面数值、卡背、标记或目录占位图，未见可执行规则文字
676,01从者\000已有从者\03弓兵\弓兵-吉尔伽美什diy\弓兵-单独行动.png,analyzed,2,逐条语义审阅的规则原文：特殊 单独行动 当你的行动顺位为当前回合前半数时（向下取整），你才能 使用此牌。 行动阶段：你获得3点战果。 如果你本回合战斗失败，失去5点战果，此效果不能被任何方 法阻止。
677,01从者\000已有从者\03弓兵\弓兵-吉尔伽美什diy\旧\天地乖离开辟之星.png,analyzed,2,逐条语义审阅的规则原文：米 力量 敏捷 魔术 宝具 15K 天地乖离开辟之星 【真名解放】
678,01从者\000已有从者\03弓兵\弓兵-吉尔伽美什diy\旧\王之财宝.png,analyzed,2,逐条语义审阅的规则原文：宝具 3 3K 王之财宝 【真名解放】 残留：当你使用黄金律后，于回合结束时关闭此牌。 黄金律-行动阶段：根据一张你激活的攻击的所有属性，你获得： 米合计威力+3 将你的地利翻倍×获得2点魔力 你的攻击于本回合不会因其他玩家的影响无效关闭或降低威力。
679,01从者\000已有从者\03弓兵\弓兵-吉尔伽美什（旧）beta\全知且全能之星.png,analyzed,2,逐条语义审阅的规则原文：宝具 全知且全能之星 局势牌无法禁止此牌的使用。 千里眼-被动/任意阶段：每回合限一次，支付X点魔力， 查看你所在的地点除你控制的所有暗置牌。回合结束时， 每有一张被查看的暗置牌更改为正面，你获得1点战果 （至多为X）。
680,01从者\000已有从者\03弓兵\弓兵-吉尔伽美什（旧）beta\新全知.png,analyzed,2,逐条语义审阅的规则原文：特殊 宝具 6V 全知且全能之星 千里眼-行动阶段：查看一名其他玩家的技能区、手牌、牌 库以及弃牌堆，若你未查看过该玩家，获得1点战果。
681,01从者\000已有从者\03弓兵\弓兵-吉尔伽美什（旧）beta\旧闪.png,non_rule,2,仅为从者/牌面数值、卡背、标记或目录占位图，未见可执行规则文字
682,01从者\000已有从者\03弓兵\弓兵-吉尔伽美什（旧）beta\王律键.png,analyzed,2,逐条语义审阅的规则原文：宝具 200K 王律键·Bab-ilu 【真名解放】 残留：局势牌无法禁止王之财宝的使用。 王之财宝-行动阶段：打出你牌堆顶的一张牌，回合结束时，关闭 此牌并将因王之财宝打出的牌移除游戏。你可以花费1点魔力重复 使用王之财宝，每回合你至多使用王之财宝3次。
683,01从者\000已有从者\03弓兵\弓兵-吉尔伽美什（旧）beta\终末剑.png,analyzed,2,全局事件/局势牌区访问与转移 | 战斗胜者/游戏流程改写 | 逐条语义审阅的规则原文：宝具 14K 终末剑·Enki 【真名解放】 纳比斯汀之怒涛袭来-若你获胜，下回合开始时你获胜的战 场不抽取事件牌。
684,01从者\000已有从者\03弓兵\弓兵-周瑜\单独行动.png,analyzed,2,逐条语义审阅的规则原文：特殊 单独行动 当你的行动顺位为当前回合前半数时（向下取整），你才能 使用此牌。 行动阶段：你获得3点战果。 如果你本回合战斗失败，失去5点战果，此效果不能被任何方 法阻止。
685,01从者\000已有从者\03弓兵\弓兵-周瑜\周瑜.png,non_rule,2,仅为从者/牌面数值、卡背、标记或目录占位图，未见可执行规则文字
686,01从者\000已有从者\03弓兵\弓兵-周瑜\战祸.png,analyzed,2,逐条语义审阅的规则原文：米 力量 2 5k 赤壁战祸·地狱摇篮 你可以额外花费2点魔力来追加打出此牌。 业炎-战斗阶段：令所有与你位于同一战场且控制区特殊 攻击的对手的每张攻击-1威力。
687,01从者\000已有从者\03弓兵\弓兵-周瑜\轰鸣长江.png,analyzed,2,逐条语义审阅的规则原文：米 力量 宝具 1K 轰鸣长江之业火战船 【真名解放】 残留：你的移动不会受到卡牌效果的限制，你交战对手的 攻击减少的威力翻倍。回合结束时若你战败，关闭此牌。 琴音-行动阶段：若你于本回合进行过移动，获得4点地利。
688,01从者\000已有从者\03弓兵\弓兵-咯戎\咯戎.png,non_rule,2,仅为从者/牌面数值、卡背、标记或目录占位图，未见可执行规则文字
689,01从者\000已有从者\03弓兵\弓兵-咯戎\天蝎一射.png,analyzed,2,逐条语义审阅的规则原文：迅捷 宝具 807K 天蝎一射 【真名解放】 被动/战斗阶段：支付此牌的魔力消耗，将之加入你的攻击中。
690,01从者\000已有从者\03弓兵\弓兵-咯戎\弓兵-单独行动.png,analyzed,2,逐条语义审阅的规则原文：特殊 单独行动 当你的行动顺位为当前回合前半数时（向下取整），你才能 使用此牌。 行动阶段：你获得3点战果。 如果你本回合战斗失败，失去5点战果，此效果不能被任何方 法阻止。
691,01从者\000已有从者\03弓兵\弓兵-咯戎\神授智慧.png,analyzed,2,卡牌控制权/跨玩家区域转移 | 逐条语义审阅的规则原文：神授智慧 被动/战斗阶段：战斗结束后，你可选择你的基础牌和一张 与你战斗的对手的相同属性的基础牌；选择的2张牌互相加 入对方的手牌中，若你的牌拥有更高的基本威力，获得2点 战果。
692,01从者\000已有从者\03弓兵\弓兵-尼古拉·特斯拉\3.1更新 (1).png,analyzed,2,逐条语义审阅的规则原文：Magic Noble Phantasm 50 12k 人类神话·雷电降临 【真名解放】 打出时：与你位于同一地点的对手获得2点魔力。 战斗阶段：与你位于同一地点的对手获得2点魔力，此效果 具有强制性。
693,01从者\000已有从者\03弓兵\弓兵-尼古拉·特斯拉\3.1更新 (2).png,analyzed,2,逐条语义审阅的规则原文：Noble Phantasm 人类神话·雷电降临 3K 【真名解放】 过载－被动：当一名位于你所在战场的对手获得的魔力超过 其上限时，令其【败北】。 打出时：失去你的所有魔力，本回合你每失去一点魔力便+1 合计威力。
694,01从者\000已有从者\03弓兵\弓兵-尼古拉·特斯拉\3.6更新特斯拉.png,non_rule,2,仅为从者/牌面数值、卡背、标记或目录占位图，未见可执行规则文字
695,01从者\000已有从者\03弓兵\弓兵-尼古拉·特斯拉\旧\人类神话·雷电降临.png,analyzed,2,逐条语义审阅的规则原文：宝具 人类神话·雷电降临 5K 【真名解放】 被动：与你位于同一战场的其他玩家获得的魔力超过上限时， 使其【败北】。 打出时：失去你的所有魔力，本回合你每失去1点魔力，合计 威力便+1。
696,01从者\000已有从者\03弓兵\弓兵-尼古拉·特斯拉\旧\人类神话·雷电降临1.png,analyzed,2,逐条语义审阅的规则原文：魔術 宝具 5014K 人类神话·雷电降临 【真名解放】 打出时：与你位于同一地点的其他玩家获得2点魔力。 战斗阶段：与你位于同一地点的其他玩家获得2点魔力，此 效果具有强制性。
697,01从者\000已有从者\03弓兵\弓兵-尼古拉·特斯拉\旧\尼古拉·特斯拉.png,non_rule,2,仅为从者/牌面数值、卡背、标记或目录占位图，未见可执行规则文字
698,01从者\000已有从者\03弓兵\弓兵-尼古拉·特斯拉\雷电之手.png,analyzed,2,通用标记/计数 | 逐条语义审阅的规则原文：特殊 雷电之手 残留：与你位于同一地点的其他玩家花费2点或更多的魔力 时，你获得2点魔力。每当你获得魔力超过上限时，合计威 力+5，然后于战斗阶段结束时关闭此牌。
699,01从者\000已有从者\03弓兵\弓兵-巴万希DIY\httpssteamusercontentaakamaihdnetugc2495647088239075107BA9D3D092CCAC0B179A9AF13A9A87B09C280257A.png,analyzed,2,逐条语义审阅的规则原文：魔术 猫之优雅 3 4K 妖精吸血-被动/行动阶段：偷取你所在的战场合计威力低于 你的对手各1点战果。 战斗阶段：移动至一处相邻的战场。若如此做，你可以立即 再使用一次妖精吸血。
700,01从者\000已有从者\03弓兵\弓兵-巴万希DIY\httpssteamusercontentaakamaihdnetugc2495647088239075754FBD0653B58F0A041BD0AD272FA11EB5BF3FE7A5F.png,analyzed,2,复制或替换卡牌特征/效果 | 卡牌控制权/跨玩家区域转移 | 逐条语义审阅的规则原文：敏捷 宝具 分身】-复制其从者牌 即使其未【真名解放】） （分身）视为0/0且<每局游戏 限一次>的攻击牌 （不更改卡背 痛幻哭奏 5 8K 【真名解放】 被动/战斗阶段：将你战斗中未拥有【分身】玩家的【分身】 洗入你的牌库，然后抽一张牌。 行动阶段：展示一张你手牌中的【分身】，战力结算时， 令该【分身】的拥有者【败北】后将该【分身】移除游戏。
701,01从者\000已有从者\03弓兵\弓兵-巴万希DIY\httpssteamusercontentaakamaihdnetugc249564708823907607515D7751AF471BD6D50B3180BADC41BE9768D5D66.png,analyzed,2,复制或替换卡牌特征/效果 | 卡牌控制权/跨玩家区域转移 | 逐条语义审阅的规则原文：受祝福的继承者 精美收藏-被动：【分身】不占用手牌上限，每当你抽到【分身】 时，你可以再抽一张牌。当你以效果影响你所在地点时可以移除 任意张手牌中的【分身】令拥有者们同时视为与你位于同一地点。 被动/行动阶段：打出任意张【分身】并令它们视为其牌印刷上的 任意基础攻击（由你选择），战力结算时，将你自己以外的【分 身】移除游戏。
702,01从者\000已有从者\03弓兵\弓兵-巴万希DIY\巴万希-diy.png,non_rule,2,仅为从者/牌面数值、卡背、标记或目录占位图，未见可执行规则文字
703,01从者\000已有从者\03弓兵\弓兵-托勒密\3.6更新对魔力.png,analyzed,2,逐条语义审阅的规则原文：Special 对魔力 3& 宝具绽放-被动/战斗阶段：若你于本回合打出了你战斗中 魔力消耗最高的 宝具攻击，获得1点战果。 若其消耗≥4，你额外获得1点战果。 魔术抗性-战斗阶段：将与你位于同一战场的交战对手控制 的×魔术属性攻击威力设置为0。
704,01从者\000已有从者\03弓兵\弓兵-托勒密\httpssteamusercontentaakamaihdnetugc248663418202904214580AD738091CCDE1B5C2DC07CC03C1360052BB40B.png,analyzed,2,复制或替换卡牌特征/效果 | 逐条语义审阅的规则原文：宝具 王之书库 【真名解放】 救济的魅力-被动：此牌获得本局游戏托勒密因更换职阶获 得过的所有职阶技能的属性。 行动阶段：移除X个【灵基】（X至多为3），然后创造并激 活X张相应且临时的职阶技能直至回合结束。
705,01从者\000已有从者\03弓兵\弓兵-托勒密\httpssteamusercontentaakamaihdnetugc24866341820290427785CD2C3B6BA8167EDE93E53CBDB8409A2BB91275C.png,analyzed,2,复制或替换卡牌特征/效果 | 逐条语义审阅的规则原文：宝具 7 13K 月所不识的久远之光 【真名解放】 救济的魅力-被动：此牌获得本局游戏托勒密因更换职阶获 得过的所有职阶技能的属性。 回合开始时，若托勒密本局游戏已拥有过3+种职阶，切换 此牌。
706,01从者\000已有从者\03弓兵\弓兵-托勒密\httpssteamusercontentaakamaihdnetugc2486634182029044131244DDEC28D3422D7EF85BF1E57575072369B22EF.png,analyzed,2,复制或替换卡牌特征/效果 | 逐条语义审阅的规则原文：同睿智接触 被动：战斗阶段结束后你可以查看一名其他从者的职阶，若 该从者未记录过，你可以花费1点魔力将其记录为【灵基】。 分割思考（王）-被动/前哨阶段：移除托勒密的职阶技能后， 将托勒密的职阶更改为一种【灵基】记录的常规职阶并将该 职阶技能加入技能区。（狂战士为米3/7，可8蓝以下打出）
707,01从者\000已有从者\03弓兵\弓兵-托勒密\httpssteamusercontentaakamaihdnetugc24866341820290445787AB02DCBD5DF2F0029601E6B5E43B75E9F44AD35.png,analyzed,2,"复制或替换卡牌特征/效果 | 逐条语义审阅的规则原文：同睿智接触 被动：战斗阶段结束后你可以查看一名其他从者的职阶，若 该从者未记录过，你可以花费1点魔力将其记录为【灵基】。 分割思考（王）-被动/前哨阶段：移除托勒密的职阶技能后, 将托勒密的职阶更改为一种【灵基】记录的常规职阶并将该 职阶技能加入技能区。（狂战士为米3/7，可8蓝以下打出）"
708,01从者\000已有从者\03弓兵\弓兵-托勒密\str 7.png,unclear,2,OCR无法可靠判定：米Strength 30 7K Berserker Class
709,01从者\000已有从者\03弓兵\弓兵-托勒密\托勒密 (1).png,non_rule,2,仅为从者/牌面数值、卡背、标记或目录占位图，未见可执行规则文字
710,01从者\000已有从者\03弓兵\弓兵-托勒密\托勒密 (2).png,non_rule,2,仅为从者/牌面数值、卡背、标记或目录占位图，未见可执行规则文字
711,01从者\000已有从者\03弓兵\弓兵-托勒密\普通职介技能 (1).png,analyzed,2,逐条语义审阅的规则原文：迅捷 特殊 战斗续行 3 5& 行动阶段：移动至除魔术工房外的任意地点。
712,01从者\000已有从者\03弓兵\弓兵-托勒密\普通职介技能 (2).png,analyzed,2,逐条语义审阅的规则原文：魔術 X02& 阵地建造 X为16-（当前回合数×2） 残留：当你部署于魔术工房时，获得1点魔力和2点战果。
713,01从者\000已有从者\03弓兵\弓兵-托勒密\普通职介技能 (5).png,analyzed,2,逐条语义审阅的规则原文：Special 300K 骑乘 打出时：若此牌与一张基础攻击一同打出，抽一张牌。 坐骑召唤-行动阶段：打出至多3张基本威力为3或更低的手 牌。
714,01从者\000已有从者\03弓兵\弓兵-托勒密\普通职介技能 (6).png,analyzed,2,逐条语义审阅的规则原文：Agility 气息遮断 4K 刺杀-战斗阶段：战力结算后，如果你满足以下条件，令战 力最高的所有交战对手【败北】： 1.你的战力低于战力最高的所有交战对手。 2.没有除战力最高的交战对手外其他战力高于你的交战对手。 3.此战斗有3名及以上的参与者。
715,01从者\000已有从者\03弓兵\弓兵-托勒密\普通职介技能 (7).png,analyzed,2,逐条语义审阅的规则原文：特殊 单独行动 当你的行动顺位为当前回合前半数时（向下取整），你才能 使用此牌。 行动阶段：你获得3点战果。 如果你本回合战斗失败，失去5点战果，此效果不能被任何方 法阻止。
716,01从者\000已有从者\03弓兵\弓兵-拿破仑\3.4.1更新-隐藏王牌.png,analyzed,2,战斗胜者/游戏流程改写 | 逐条语义审阅的规则原文：SUR LE TRONE 隐藏王牌 【真名解放】 <每局游戏限一次> 被动/战斗阶段：将一张你手牌中的【幸运】移除游戏， 结算胜者时，你无视【败北】与当前战斗的其他胜者一同 赢得战斗，此战斗的胜者不均分战果，改为一同获得相应 战果。
717,01从者\000已有从者\03弓兵\弓兵-拿破仑\3.4.1更新高歌凯旋之虹弓.png,analyzed,2,逐条语义审阅的规则原文：米 力量 宝具 10% 高歌凯旋之虹弓 【真名解放】 可能性之光-战斗阶段：若一名战果比你多的对手与你交战， 抽一张牌并打出一张手牌。
718,01从者\000已有从者\03弓兵\弓兵-拿破仑\弓兵-单独行动.png,analyzed,2,逐条语义审阅的规则原文：特殊 单独行动 当你的行动顺位为当前回合前半数时（向下取整），你才能 使用此牌。 行动阶段：你获得3点战果。 如果你本回合战斗失败，失去5点战果，此效果不能被任何方 法阻止。
719,01从者\000已有从者\03弓兵\弓兵-拿破仑\拿破仑.png,analyzed,2,"逐条语义审阅的规则原文：Archer 拿破仑 米2,2,3,4,5,5 βLuck @ 2,3,5 βSurveil βPreparation"
720,01从者\000已有从者\03弓兵\弓兵-拿破仑\旧\3.1更新 (1).png,analyzed,2,战斗胜者/游戏流程改写 | 逐条语义审阅的规则原文：SUR LE TRONE 隐藏王牌 【真名解放】 <每局游戏限一次> 被动/战斗阶段：将你攻击区的一张正面或背面朝上的 【幸运】移除游戏，你立即赢得当前战斗且无视【败北】 效果。（结算战果并弃置此处的事件牌，然后将其他参与 者从游戏中移除）
721,01从者\000已有从者\03弓兵\弓兵-拿破仑\旧\3.1更新 (2).png,analyzed,2,逐条语义审阅的规则原文：米 力量 宝具 5 9K 高歌凯旋之虹弓 【真名解放】 可能性之光-战斗阶段：若一名战果比你多的对手与你交战， 抽一张牌并打出一张手牌。
722,01从者\000已有从者\03弓兵\弓兵-拿破仑\旧\隐藏王牌.png,analyzed,2,战斗胜者/游戏流程改写 | 逐条语义审阅的规则原文：SUR LE TRONE 隐藏王牌 【真名解放】 <每局游戏限一次> 被动/战斗阶段：将你攻击区的一张正面或背面朝上的 【幸运】移除游戏，你立即赢得当前战斗且无视【败北】 效果。（结算战果并弃置此处的事件牌，然后将其他参与 者从游戏中移除）
723,01从者\000已有从者\03弓兵\弓兵-拿破仑\旧\高歌凯旋之虹弓.png,analyzed,2,逐条语义审阅的规则原文：米 力量 宝具 5 9K 高歌凯旋之虹弓 【真名解放】 可能性之光-战斗阶段：若一名战果比你多的对手与你交战， 抽一张牌并打出一张手牌。
724,01从者\000已有从者\03弓兵\弓兵-比利小子\坏音露雾.png,analyzed,2,逐条语义审阅的规则原文：坏音霹雳 【真名解放】 被动/战斗阶段：关闭比利小子的技能牌，激活你控制的至多 2张暗置的&迅捷基础攻击。你可以花费3点魔力改为激活 你所有暗置的 迅捷基础攻击。
725,01从者\000已有从者\03弓兵\弓兵-比利小子\坏音霹雳.png,analyzed,2,逐条语义审阅的规则原文：迅捷 宝具 aea 坏音霹雳 8K 4 【真名解放】 战斗阶段：激活你的一张暗置的基础【幸运】牌，若如此 将此牌的基本威力翻倍。
726,01从者\000已有从者\03弓兵\弓兵-比利小子\快速拔枪.png,analyzed,2,逐条语义审阅的规则原文：特殊 快速拔枪 行动阶段：将一张手牌暗置打出，然后抽1张牌。你可以花 费1点魔力重复进行此操作，每回合合计使用此效果暗置至 多6张牌。
727,01从者\000已有从者\03弓兵\弓兵-比利小子\比利小子.png,analyzed,2,"逐条语义审阅的规则原文：NTEW REWAR REWARD Archer THEKI B ORALINE TE 比利小子 米2,2,3  Luck @ 2,3,3,4,4,5 βSurveil βPreparation"
728,01从者\000已有从者\03弓兵\弓兵-泳装伊莉雅diy\3.4.1更新夏日水枪atkx3.png,analyzed,2,逐条语义审阅的规则原文：夏日水枪 5& 彩虹飞溅！-此牌被打出或加入攻击时，立即获得一种你控 制的攻击不具有的属性（若已没有则不获得）直至被关闭。
729,01从者\000已有从者\03弓兵\弓兵-泳装伊莉雅diy\3.4.1更新少女啊，化为彩虹吧.png,analyzed,2,逐条语义审阅的规则原文：宝具 4 2& 少女啊，化为彩虹吧 【真名解放】 喷射彩虹-被动：此牌+2X威力，X为此牌具有的属性数。若此 牌具有所有属性，此牌不会被无效关闭，也不会被降低威力。 行动阶段：此牌获得所有你控制的其他攻击的属性。
730,01从者\000已有从者\03弓兵\弓兵-泳装伊莉雅diy\伊莉雅斯菲尔（夏）.png,analyzed,2,"逐条语义审阅的规则原文：Archer 伊莉雅丝菲尔（夏） 米 2,3 Watergun β Luck 2,3,4 Watergun × 2,3,4 Watergun"
731,01从者\000已有从者\03弓兵\弓兵-泳装伊莉雅diy\扩散彩虹.png,analyzed,2,逐条语义审阅的规则原文：2 扩散☆彩虹! 【真名解放】 此牌获得局势牌所印刷的非 宝具属性。 行动阶段：若你控制的攻击不具有相同的属性，打出一张牌。 你可以令之后打出的牌魔力消耗+1（不叠加）重复进行此操 作至多三次。
732,01从者\000已有从者\03弓兵\弓兵-泳装伊莉雅diy\旧\夏日水枪atkx3.png,analyzed,2,逐条语义审阅的规则原文：夏日水枪 5K 打出时：选择一种你控制的其他攻击不具有的属性，此牌于 本回合结束前获得。
733,01从者\000已有从者\03弓兵\弓兵-泳装伊莉雅diy\旧\少女啊，化为彩虹吧.png,analyzed,2,逐条语义审阅的规则原文：宝具 4 2K 少女啊，化为彩虹吧 【真名解放】 被动：此牌每具有一种属性则威力+2。若此牌具有所有属性， 此牌不会被无效关闭，也不会被降低威力。 行动阶段：此牌获得所有你控制的其他攻击的属性直至回合结束。
734,01从者\000已有从者\03弓兵\弓兵-泳装伊莉雅diy\旧\强水压！.png,analyzed,2,逐条语义审阅的规则原文：米 力量 敏捷 强水压！ 2 2& 打出时：随机展示一张手牌至回合结束，称为【水花】。若【水 花】与此牌具有相同的属性且不与其他【水花】具有相同的属性， 你可以重复进行此操作。 行动阶段：弃置所有【水花】，此牌增加被弃置【水花】的威力 之和的威力。
735,01从者\000已有从者\03弓兵\弓兵-泳装伊莉雅diy\红宝石喷洒模式.png,analyzed,2,卡牌附件/叠放区 | 逐条语义审阅的规则原文：1K 红宝石『喷洒模式』 你拥有的魔力少于8点也可以使用此牌，你可以将此牌作为唯一的一张牌打出。 再装填-打出时：将任意张手牌暗置于此牌上。 强水压！-被动/前哨阶段：花费区点魔力，展示此牌上的X张牌，这些牌于本回 合内可以如同手牌一般被使用或打出。此牌获得因强水压！展示的牌的属性并 增加其中最高的威力至回合结束。战斗阶段结束后，弃置所有被展示的牌。
736,01从者\000已有从者\03弓兵\弓兵-浅上藤乃\3.5犹如跨越慢慢长夜.png,analyzed,2,逐条语义审阅的规则原文：犹如跨越漫漫长夜 未来福音-被动：当你获胜时，你每控制一张【唯识·歪 曲之魔眼】，便获得1点战果。 被动/行动阶段：若你控制向左和向右歪曲的【唯识·歪 曲之魔眼】，令与你位于同一战场的对手视为进行一次 移动（触发相应效果，不改变所在地点并失去地利位置）
737,01从者\000已有从者\03弓兵\弓兵-浅上藤乃\歪曲魔眼右.png,analyzed,2,逐条语义审阅的规则原文：敏捷 3 4K 唯识·歪曲之魔眼 【真名解放】 此牌需追加打出。 向右歪曲-战斗阶段：与你位于同一战场的玩家控制的基本 威力低于此牌的攻击-X威力。 X=当前回合－此牌上次被使用的回合（初始回合数为0）
738,01从者\000已有从者\03弓兵\弓兵-浅上藤乃\歪曲魔眼左.png,analyzed,2,逐条语义审阅的规则原文：米 力量 3 4K 唯识·歪曲之魔眼 【真名解放】 此牌需追加打出。 向左歪曲-行动阶段：与你位于同一战场的玩家进行移动后， 失去X点魔力。 X=当前回合－此牌上次被使用的回合（初始回合数为0）
739,01从者\000已有从者\03弓兵\弓兵-浅上藤乃\浅上藤乃.png,analyzed,2,"逐条语义审阅的规则原文：rcher 浅上藤乃 米 3,4,4,4 Preparation  2,3,4,4,4 Preparation ×2"
740,01从者\000已有从者\03弓兵\弓兵-浅上藤乃\犹如跨越慢慢长夜.png,analyzed,2,逐条语义审阅的规则原文：犹如跨越漫漫长夜 未来福音-被动：高潮阶段若未被淘汰的玩家均已成为过 向左或右歪曲的对象，将X固定为当前未被淘汰的玩家数。 被动/行动阶段：若你同时控制向左和向右歪曲的【唯识· 歪曲之魔眼】，令与你位于同一战场的对手视为进行一次 移动（触发相应效果，不改变所在地点并失去地利位置）。
741,01从者\000已有从者\03弓兵\弓兵-清少纳言\3.4更新暮云春树.png,analyzed,2,复制或替换卡牌特征/效果 | 逐条语义审阅的规则原文：暮云春树 若你获胜，你与清少纳言各获得2点战果。清少纳言每回合 至多通过此效果获得3点战果。 尊酒重文-打出时：此攻击获得你上回合打出的所有基础攻 击基本威力之和的威力（最大为10）、属性和至多一种你选 择的阶段能力。
742,01从者\000已有从者\03弓兵\弓兵-清少纳言\3.4更新枕草子 .png,analyzed,2,复制或替换卡牌特征/效果 | 逐条语义审阅的规则原文：Special Noble Phantasm 3 8K 枕草子·春曙抄 【真名解放】 战斗阶段：令所有未拥有【暮云春树】的你的交战对手将一 张【暮云春树】的<每局游戏限一次>的复制加入其技能区。 你战斗中的【暮云春树】的威力无法超过0。
743,01从者\000已有从者\03弓兵\弓兵-清少纳言\旧\暮云春树.png,analyzed,2,复制或替换卡牌特征/效果 | 逐条语义审阅的规则原文：暮云春树 若你获胜，你与清少纳言获得1点战果。清少纳言每回合至 多通过此效果获得3点战果。 尊酒重文-打出时：此攻击获得所有你上回合打出的基础攻 击的威力（最大为10）、属性和至多1种你选择的阶段能力。
744,01从者\000已有从者\03弓兵\弓兵-清少纳言\旧\枕草子.png,analyzed,2,复制或替换卡牌特征/效果 | 逐条语义审阅的规则原文：Special Noble Phantasm 3 7K 枕草子·春曙抄 【真名解放】 战斗阶段：令所有未拥有【暮云春树】的你的交战对手将一 张【暮云春树】的<每局游戏限一次>的复制加入其技能区。 你战斗中的【暮云春树】的威力无法超过0。
745,01从者\000已有从者\03弓兵\弓兵-清少纳言\星是昂星.png,analyzed,2,复制或替换卡牌特征/效果 | 卡牌控制权/跨玩家区域转移 | 调用或重放指定卡牌能力 | 逐条语义审阅的规则原文：Magic Noble Phantasm 4& 星是昂星 月是满月－行动阶段：从其他对手的技能区打出任意张【暮 云春树】（你拥有的魔力少于8点也可以打出）且它们的尊 酒重文更改为受相应对手上回合打出的牌影响。仅有1种或 更少属性且激活的【暮云春树】获得+3威力。
746,01从者\000已有从者\03弓兵\弓兵-清少纳言\清少纳言.png,analyzed,2,"逐条语义审阅的规则原文：Archer 清少纳言 米 2,2 Luck @ 2,3,3,5 Surveil * 3,4,4 Preparation"
747,01从者\000已有从者\03弓兵\弓兵-源为朝diy\3.6更新 (1).png,analyzed,2,卡牌换面/多状态模板 | 逐条语义审阅的规则原文：米 力量 魔术 机械弓术 3K 毁灭之矢 冷却-被动：当此牌返回技能区时，切换回【月轴检查】。 爆裂-行动阶段：将你技能区的【轰沉·弓张月】加入攻击 并令其失去<每局游戏限一次>直至回合结束。
748,01从者\000已有从者\03弓兵\弓兵-源为朝diy\3.6更新 (2).png,analyzed,2,逐条语义审阅的规则原文：米 力量 宝具 7K 轰沉·弓张月 【真名解放】 <每局游戏限一次> 一击斩船-行动阶段：选择一名其他玩家，他的战斗阶段开 始时，令其【败北】。
749,01从者\000已有从者\03弓兵\弓兵-源为朝diy\3.6更新 (3).png,analyzed,2,卡牌换面/多状态模板 | 逐条语义审阅的规则原文：米 力量 魔术 idoi6b6e@ 机械弓术 3K 桩式锚定 冷却-被动：（略）链接-残留：回合结束时，你需花费 3点魔力使此牌切换为【毁灭之矢】或关闭此牌。 填充-你无法移动或使用源为朝的技能牌，你的基础攻击 获得“锁定-打出时：此牌威力翻倍至回合结束”。
750,01从者\000已有从者\03弓兵\弓兵-源为朝diy\3.6机械弓术·月轴检查.png,analyzed,2,卡牌换面/多状态模板 | 逐条语义审阅的规则原文：米 力量 魔术 X 机械弓术 3 6K 月轴检查 冷却-被动：当此牌返回技能区时，切换回【月轴检查】。 链接-残留：回合结束时，你需花费3点魔力使此牌切换 为【桩式锚定】或关闭此牌。
751,01从者\000已有从者\03弓兵\弓兵-源为朝diy\3.6源为朝.png,analyzed,2,"逐条语义审阅的规则原文：rcher 源为朝 米 2,2,4,5 β Luck ? 2 β Preparation * 2,2,4,4,5"
752,01从者\000已有从者\03弓兵\弓兵-源为朝diy\弓-闪闪 (2).png,analyzed,2,逐条语义审阅的规则原文：特殊 单独行动 当你的行动顺位为当前回合前半数时（向下取整），你才能 使用此牌。 行动阶段：你获得3点战果。 如果你本回合战斗失败，失去5点战果，此效果不能被任何方 法阻止。
753,01从者\000已有从者\03弓兵\弓兵-源为朝diy\旧\机械弓术·月轴检查.png,analyzed,2,卡牌换面/多状态模板 | 逐条语义审阅的规则原文：米 力量 魔术 X 机械弓术 3 6K 月轴检查 残留：回合结束时，支付3点魔力使此牌切换至【桩式锚定】 或关闭此牌。 （切换：更改此牌的状态，保留其他一切影响。）
754,01从者\000已有从者\03弓兵\弓兵-源为朝diy\旧\机械弓术·桩式锚定.png,analyzed,2,卡牌换面/多状态模板 | 逐条语义审阅的规则原文：米 力量 魔术 机械弓术 3K 桩式锚定 残留：你仅可打出基础牌，你的基础牌基本威力翻倍。 回合结束时，支付3点魔力使此牌切换至【毁灭之矢】或关 闭此牌。 被动：此牌返回技能区时，切换至【月轴检查】。
755,01从者\000已有从者\03弓兵\弓兵-源为朝diy\旧\机械弓术·毁灭之矢.png,analyzed,2,卡牌换面/多状态模板 | 逐条语义审阅的规则原文：米 力量 魔术 机械弓术 6 毁灭之矢 残留：你技能区的【轰沉·弓张月】失去<每局游戏限一次> 且获得：“你拥有的魔力少于8点也可以使用此牌”。 回合结束时，支付3点魔力使此牌切换至【月轴检查】或关 闭此牌。 被动：此牌返回技能区时，切换至【月轴检查】。
756,01从者\000已有从者\03弓兵\弓兵-源为朝diy\旧\源为朝.png,analyzed,2,"逐条语义审阅的规则原文：rcher 源为朝 米 2,3,4,5 Luck 2 Preparation × 2,3,4,5 Surveil"
757,01从者\000已有从者\03弓兵\弓兵-源为朝diy\旧\轰沉·弓张月.png,analyzed,2,逐条语义审阅的规则原文：米 力量 宝具 7K 轰沉·弓张月 【真名解放】 <每局游戏限一次> 行动阶段：使一名对手于他们的战斗阶段回合开始时【败北】。
758,01从者\000已有从者\03弓兵\弓兵-源为朝（英文）\弓沉月.png,unclear,2,OCR无法可靠判定：轰张·弓沉月 10 19&
759,01从者\000已有从者\03弓兵\弓兵-源为朝（英文）\机械弓术.png,unclear,2,OCR无法可靠判定：11K 米 机械弓术
760,01从者\000已有从者\03弓兵\弓兵-源为朝（英文）\源为朝 - 副本.png,unclear,2,OCR无法可靠判定：Archer 源为朝 米5 β Luckβ Surveil β Preparation @ 4β Luck Surveil β Preparation × 3β Luck KβSurveil βPreparation 当源为朝的2个技能被明置时，其【真名解放】
761,01从者\000已有从者\03弓兵\弓兵-源为朝（英文）\源为朝.png,unclear,2,OCR无法可靠判定：Archer 源为朝 米5 β Luckβ Surveil β Preparation @ 4β Luck Surveil β Preparation × 3β Luck KβSurveil βPreparation 当源为朝的2个技能被明置时，其【真名解放】
762,01从者\000已有从者\03弓兵\弓兵-源为朝（英文）\迅捷射击.png,unclear,2,OCR无法可靠判定：迅捷射击 7K 2
763,01从者\000已有从者\03弓兵\弓兵-织田信胜diy\3.1更新 (1).png,analyzed,2,批量回收与牌库事务 | 逐条语义审阅的规则原文：宝具 @tama _gohan-0  吾，以身殉魔天 4 【真名解放】 地狱之火-行动阶段：将你的手牌与弃牌堆洗回牌库，然后移 除你牌堆顶的X张牌并获得X点战果（X至多为4）。若【魔王 信长】位于战场，其增加等于因地狱之火移除的牌的印刷基本 威力的合计威力直至本回合结束。
764,01从者\000已有从者\03弓兵\弓兵-织田信胜diy\3.1更新 (2).png,analyzed,2,逐条语义审阅的规则原文：米 力量 3 5K 战乱的谎花 献祭-被动/准备阶段：花费1点战果，你每因献祭花费一点 战果，【魔王信长】便获得+1合计威力直至游戏结束。 稚拙的谋略-行动阶段：【魔王回天·曼殊沙华】于本回合 不会因第六天魔王返回技能区。
765,01从者\000已有从者\03弓兵\弓兵-织田信胜diy\token\14.png,non_rule,2,仅为从者/牌面数值、卡背、标记或目录占位图，未见可执行规则文字
766,01从者\000已有从者\03弓兵\弓兵-织田信胜diy\token\15.png,non_rule,2,仅为从者/牌面数值、卡背、标记或目录占位图，未见可执行规则文字
767,01从者\000已有从者\03弓兵\弓兵-织田信胜diy\token\16.png,non_rule,2,仅为从者/牌面数值、卡背、标记或目录占位图，未见可执行规则文字
768,01从者\000已有从者\03弓兵\弓兵-织田信胜diy\token\17.png,non_rule,2,仅为从者/牌面数值、卡背、标记或目录占位图，未见可执行规则文字
769,01从者\000已有从者\03弓兵\弓兵-织田信胜diy\token\18.png,non_rule,2,仅为从者/牌面数值、卡背、标记或目录占位图，未见可执行规则文字
770,01从者\000已有从者\03弓兵\弓兵-织田信胜diy\token\19.png,non_rule,2,仅为从者/牌面数值、卡背、标记或目录占位图，未见可执行规则文字
771,01从者\000已有从者\03弓兵\弓兵-织田信胜diy\token\20.png,non_rule,2,仅为从者/牌面数值、卡背、标记或目录占位图，未见可执行规则文字
772,01从者\000已有从者\03弓兵\弓兵-织田信胜diy\token\21.png,non_rule,2,仅为从者/牌面数值、卡背、标记或目录占位图，未见可执行规则文字
773,01从者\000已有从者\03弓兵\弓兵-织田信胜diy\token\22.png,non_rule,2,仅为从者/牌面数值、卡背、标记或目录占位图，未见可执行规则文字
774,01从者\000已有从者\03弓兵\弓兵-织田信胜diy\token\23.png,non_rule,2,仅为从者/牌面数值、卡背、标记或目录占位图，未见可执行规则文字
775,01从者\000已有从者\03弓兵\弓兵-织田信胜diy\token\24.png,non_rule,2,仅为从者/牌面数值、卡背、标记或目录占位图，未见可执行规则文字
776,01从者\000已有从者\03弓兵\弓兵-织田信胜diy\token\25.png,non_rule,2,仅为从者/牌面数值、卡背、标记或目录占位图，未见可执行规则文字
777,01从者\000已有从者\03弓兵\弓兵-织田信胜diy\token\26.png,non_rule,2,仅为从者/牌面数值、卡背、标记或目录占位图，未见可执行规则文字
778,01从者\000已有从者\03弓兵\弓兵-织田信胜diy\token\27.png,non_rule,2,仅为从者/牌面数值、卡背、标记或目录占位图，未见可执行规则文字
779,01从者\000已有从者\03弓兵\弓兵-织田信胜diy\token\29.png,non_rule,2,仅为从者/牌面数值、卡背、标记或目录占位图，未见可执行规则文字
780,01从者\000已有从者\03弓兵\弓兵-织田信胜diy\token\30.png,non_rule,2,仅为从者/牌面数值、卡背、标记或目录占位图，未见可执行规则文字
781,01从者\000已有从者\03弓兵\弓兵-织田信胜diy\token\31.png,non_rule,2,仅为从者/牌面数值、卡背、标记或目录占位图，未见可执行规则文字
782,01从者\000已有从者\03弓兵\弓兵-织田信胜diy\token\信长13.png,non_rule,2,仅为从者/牌面数值、卡背、标记或目录占位图，未见可执行规则文字
783,01从者\000已有从者\03弓兵\弓兵-织田信胜diy\token\信长28.png,non_rule,2,仅为从者/牌面数值、卡背、标记或目录占位图，未见可执行规则文字
784,01从者\000已有从者\03弓兵\弓兵-织田信胜diy\旧\以身殉魔天.png,analyzed,2,批量回收与牌库事务 | 逐条语义审阅的规则原文：宝具 @tama _gohan_0 吾，以身殉魔天 3 【真名解放】 地狱之火-行动阶段：将你的手牌与弃牌堆洗回牌库，然后移 除你牌堆顶的一张牌。【魔王信长】增加因此效果移除的牌的 印刷基本威力的合计威力直至返回。你可以花费1点魔力， 额外使用一次地狱之火。每回合合计使用此效果最多四次。
785,01从者\000已有从者\03弓兵\弓兵-织田信胜diy\旧\战乱的谎花.png,analyzed,2,逐条语义审阅的规则原文：米 力量 6& 战乱的谎花 4 献祭-被动：准备阶段开始时，若【魔王信长】位于一处战 场，你失去1点战果。每当你因献祭失去战果时，【魔王信 长】获得合计威力+1直至游戏结束。 稚拙的谋略-行动阶段：你的【魔王回天·曼殊沙华】于本 回合不会因魔王之路返回技能区。
786,01从者\000已有从者\03弓兵\弓兵-织田信胜diy\曼殊沙华.png,analyzed,2,逐条语义审阅的规则原文：魔王回天·曼殊沙华 被动/行动阶段：花费6点魔力，将此牌放置于一处战场。 魔王之路-被动：【魔王信长】存在于此牌所在的战场，其视为独立 存在的对手且初始合计威力为13（可以被改动）并与织田信胜视为拥 有相同的战果，其获得胜利时，视作织田信胜获得该战场的胜利并于 回合结束时令此牌返回技能区。战力结算时，若织田信胜【败北】， 【魔王信长】同时【败北】。
787,01从者\000已有从者\03弓兵\弓兵-织田信胜diy\织田信胜.png,non_rule,2,仅为从者/牌面数值、卡背、标记或目录占位图，未见可执行规则文字
788,01从者\000已有从者\03弓兵\弓兵-织田信长\3.1更新 (1).png,analyzed,2,逐条语义审阅的规则原文：米Strength 7K 尾张的大傻瓜 被动：当你被【败北】时，获得3点战果。 无前之谋-若你输掉战斗，失去2点战果。若你因此效果失去 了战果，所有你战斗中的胜者获得2点战果。
789,01从者\000已有从者\03弓兵\弓兵-织田信长\3.1更新 (2).png,analyzed,2,逐条语义审阅的规则原文：Special Noble Phantasm 第六天魔王波旬 3K 地狱之火-残留：准备阶段，你需花费2点魔力，否则关闭 此牌。每当一名玩家【败北】或淘汰时，此牌+1威力直至 游戏结束（至多+7）。 亵渎-战斗阶段：令你战斗中所有控制【幸运】的玩家【败 北】，然后关闭他们的所有【幸运】。
790,01从者\000已有从者\03弓兵\弓兵-织田信长\3.1更新 (3).png,analyzed,2,逐条语义审阅的规则原文：Agility Noble Phantasm 三段击 705k 【真名解放】 三千世界-战斗阶段：与你位于同一战场的对手控制的非× 魔术攻击威力-2，战力结算时，令所有控制威力为0的非残 留攻击的交战对手【败北】。
791,01从者\000已有从者\03弓兵\弓兵-织田信长\弓-界信长(X13).png,non_rule,2,仅为从者/牌面数值、卡背、标记或目录占位图，未见可执行规则文字
792,01从者\000已有从者\03弓兵\弓兵-织田信长\织田信长.png,non_rule,2,仅为从者/牌面数值、卡背、标记或目录占位图，未见可执行规则文字
793,01从者\000已有从者\03弓兵\弓兵-织田信长（界diy\三千世界.png,analyzed,2,逐条语义审阅的规则原文：敏捷 宝具 5 7K 三千世界 【真名解放】 弹丸填充-当你所在的战场有攻击的威力于战斗阶段变化至0时， 你可以立即额外使用一次三段击。每回合合计使用三段击最多三次。 三段击-战斗阶段：若你所在的战场存在于本回合使用的， 威力为0的攻击，令与你交战的所有对手的每张攻击威力-1。
794,01从者\000已有从者\03弓兵\弓兵-织田信长（界diy\弓-界信长(X13).png,non_rule,2,仅为从者/牌面数值、卡背、标记或目录占位图，未见可执行规则文字
795,01从者\000已有从者\03弓兵\弓兵-织田信长（界diy\弓兵-单独行动.png,analyzed,2,逐条语义审阅的规则原文：特殊 单独行动 当你的行动顺位为当前回合前半数时（向下取整），你才能 使用此牌。 行动阶段：你获得3点战果。 如果你本回合战斗失败，失去5点战果，此效果不能被任何方 法阻止。
796,01从者\000已有从者\03弓兵\弓兵-织田信长（界diy\旧\三干世界.png,analyzed,2,逐条语义审阅的规则原文：敏捷 宝具 三千世界 5 7K KO 【真名解放】 战斗阶段：所有此战场的玩家合计威力-2X，X为游 戏开始时其牌堆中[幸运]的数量。 骑阶从者额外失去2点威力。
797,01从者\000已有从者\03弓兵\弓兵-织田信长（界diy\旧\弓-界信长(X13).png,non_rule,2,仅为从者/牌面数值、卡背、标记或目录占位图，未见可执行规则文字
798,01从者\000已有从者\03弓兵\弓兵-织田信长（界diy\旧\弓兵-单独行动.png,analyzed,2,逐条语义审阅的规则原文：特殊 单独行动 当你的行动顺位为当前回合前半数时（向下取整），你才能 使用此牌。 行动阶段：你获得3点战果。 如果你本回合战斗失败，失去5点战果，此效果不能被任何方 法阻止。
799,01从者\000已有从者\03弓兵\弓兵-织田信长（界diy\旧\第六天魔王波旬.png,analyzed,2,逐条语义审阅的规则原文：特殊 宝具 0& 第六天魔王波旬 战斗阶段：关闭此战场所有激活【幸运】玩家的幸运，并使 他们【败北】。 地狱之火-残留：准备阶段，你需要花费2点魔力否则关闭此 牌。每当你因【地狱之火】消耗魔力时，此牌获得威力+1。
800,01从者\000已有从者\03弓兵\弓兵-织田信长（界diy\旧\织田信长.png,non_rule,2,仅为从者/牌面数值、卡背、标记或目录占位图，未见可执行规则文字
801,01从者\000已有从者\03弓兵\弓兵-织田信长（界diy\界-织田信长.png,non_rule,2,仅为从者/牌面数值、卡背、标记或目录占位图，未见可执行规则文字
802,01从者\000已有从者\03弓兵\弓兵-织田信长（界diy\第六天魔王波旬.png,analyzed,2,逐条语义审阅的规则原文：宝具 0 第六天魔王波旬 地狱之火-残留：准备阶段开始时，你需要支付2点魔力，否则关闭此 牌。你的合计威力+X，X为本局游戏内你因地狱之火支付魔力的次数。 军略-行动阶段：展示并弃置一张手牌。战斗阶段，你可令一张你所 在的战场与此牌属性相同的基础攻击失去所有卡牌文字效果并将其威 力变为0。
803,01从者\000已有从者\03弓兵\弓兵-罗宾汉\中毒x6.png,non_rule,2,仅为从者/牌面数值、卡背、标记或目录占位图，未见可执行规则文字
804,01从者\000已有从者\03弓兵\弓兵-罗宾汉\弓兵-单独行动.png,analyzed,2,逐条语义审阅的规则原文：特殊 单独行动 当你的行动顺位为当前回合前半数时（向下取整），你才能 使用此牌。 行动阶段：你获得3点战果。 如果你本回合战斗失败，失去5点战果，此效果不能被任何方 法阻止。
805,01从者\000已有从者\03弓兵\弓兵-罗宾汉\无貌之王.png,analyzed,2,效果保护/改目标/来源过滤 | 逐条语义审阅的规则原文：迅捷 无貌之王 1& 你拥有的魔力少于8也可使用此牌。 你不能将此牌与其他技能同时打出。隐藏真名，本牌获得以下 效果：“行动阶段：沿着箭头移动至下一地点” 或“行动阶段：将你的地利翻倍，战斗阶段：如果你赢得本场 战斗获得2战果。”
806,01从者\000已有从者\03弓兵\弓兵-罗宾汉\祈祷之弓.png,analyzed,2,效果保护/改目标/来源过滤 | 逐条语义审阅的规则原文：迅捷 宝具 8K 祈祷之弓 【真名解放】 当你真名隐藏打出此牌时不需要消耗魔力。 战斗阶段：令所有与你交战的【中毒】玩家【败北】。之 后，令与你交战的所有玩家【中毒】。【中毒】状态持续 到下一回合的结束。
807,01从者\000已有从者\03弓兵\弓兵-罗宾汉\罗宾汉.png,non_rule,2,仅为从者/牌面数值、卡背、标记或目录占位图，未见可执行规则文字
808,01从者\000已有从者\03弓兵\弓兵-芝诺比阿\巴尔米拉的余辉.jpg,analyzed,2,逐条语义审阅的规则原文：宝具 巴尔米拉的余辉 609K 【真名解放】 一雪前耻一若你的交战对手控制威力不小于此牌的攻击， 你的攻击-2威力。否则，你的攻击+2威力。
809,01从者\000已有从者\03弓兵\弓兵-芝诺比阿\弓兵-单独行动.png,analyzed,2,逐条语义审阅的规则原文：特殊 单独行动 当你的行动顺位为当前回合前半数时（向下取整），你才能 使用此牌。 行动阶段：你获得3点战果。 如果你本回合战斗失败，失去5点战果，此效果不能被任何方 法阻止。
810,01从者\000已有从者\03弓兵\弓兵-芝诺比阿\粉碎吧黄金的枷锁.jpg,analyzed,2,逐条语义审阅的规则原文：宝具 8 19K 粉碎吧，黄金的咖锁 【真名解放】 <每局游戏限一次> 理想的女王一打出时：回合结束时你获得以下效果至游戏结束： 1.称的奥古斯塔一你的攻击+1威力。 2.奥勒里安努斯的围攻-行动阶段：抽一张牌，打出一张牌。 3.蒸蒸日上的巴尔米拉一你的攻击-1魔力消耗。
811,01从者\000已有从者\03弓兵\弓兵-芝诺比阿\芝诺比阿.jpg,non_rule,2,仅为从者/牌面数值、卡背、标记或目录占位图，未见可执行规则文字
812,01从者\000已有从者\03弓兵\弓兵-芭万希\3.4.1更新痛幻哭奏.png,analyzed,2,逐条语义审阅的规则原文：魔术 宝具 7 12K 痛幻哭奏 【真名解放】 妖精吸血-行动阶段：选择一名【分身】，在你的战斗阶段， 若你的合计威力超过该【分身】，令【分身】的本体【败北】。 回合结束时，移除该【分身】。
813,01从者\000已有从者\03弓兵\弓兵-芭万希\弓兵-单独行动.png,analyzed,2,逐条语义审阅的规则原文：特殊 单独行动 当你的行动顺位为当前回合前半数时（向下取整），你才能 使用此牌。 行动阶段：你获得3点战果。 如果你本回合战斗失败，失去5点战果，此效果不能被任何方 法阻止。
814,01从者\000已有从者\03弓兵\弓兵-芭万希\痛幻哭奏.png,analyzed,2,逐条语义审阅的规则原文：魔术 宝具 7 10K 痛幻哭奏 【真名解放】 妖精吸血-行动阶段：选择一名【分身】，在你的战斗阶段， 若你的合计威力超过该【分身】，令【分身】的本体【败北】。 回合结束时，移除该【分身】。
815,01从者\000已有从者\03弓兵\弓兵-芭万希\精美收藏.png,analyzed,2,逐条语义审阅的规则原文：特殊 3& 妖精的精美收藏 受祝福的后继者-战斗阶段：选择任意名与你位于同一地点 的，不具有【分身】的对手，战力结算时，除非你处于【败 北】状态或被选择的对手离开该地点，以他们各自的当前合 计威力创造相应的【分身】。
816,01从者\000已有从者\03弓兵\弓兵-芭万希\芭万希.png,non_rule,2,仅为从者/牌面数值、卡背、标记或目录占位图，未见可执行规则文字
817,01从者\000已有从者\03弓兵\弓兵-莫里亚蒂（弓）diy\skills.png,non_rule,2,仅为从者/牌面数值、卡背、标记或目录占位图，未见可执行规则文字
818,01从者\000已有从者\03弓兵\弓兵-莫里亚蒂（弓）diy\弓-莫里亚蒂.png,non_rule,2,仅为从者/牌面数值、卡背、标记或目录占位图，未见可执行规则文字
819,01从者\000已有从者\03弓兵\弓兵-莫里亚蒂（弓）diy\终局的犯罪.png,analyzed,2,通用标记/计数 | 逐条语义审阅的规则原文：宝具 4& 终局的犯罪 【真名解放】 此牌不能与其他牌一起打出，是你本回合打出唯一的一张牌。 打出时：你可以花费你当前【魔弹】计数的魔力，清空你的【魔弹】计数。 魔弹射手-被动：你真名解放后拥有【魔弹】计数，当你的【魔弹】计数于本 回合到达过7后，你本回合的合计威力变为0并于回合结束时清空【魔弹】计数。 行动阶段：从你的牌库选择一张基础牌加入攻击，令【魔弹】计数+1。 你可重复此效果任意次。
820,01从者\000已有从者\03弓兵\弓兵-莫里亚蒂（弓）diy\莱辛巴赫.png,analyzed,2,逐条语义审阅的规则原文：米 力量 莱辛巴赫 XO 13K X等于玩家数减去回合数。 残留：所有其他玩家获得“行动阶段：向莫里亚蒂支付1点 战果，使用【蛛丝的尽头】。” 行动阶段：若你未进行常规打牌，将你的所有手牌洗回牌库， 获得1点魔力。
821,01从者\000已有从者\03弓兵\弓兵-莫里亚蒂（弓）diy\蛛丝的尽头.png,analyzed,2,逐条语义审阅的规则原文：蛛丝的尽头 被动/行动阶段：跳过你于行动阶段的常规打牌并更改为于你 的战斗阶段进行常规打牌。若场上存在激活的【莱辛巴赫】， 你可于战斗阶段使用因【蛛丝的尽头】打出的攻击的行动阶 段能力（令咒，御主能力等仍于行动阶段进行使用）。
822,01从者\000已有从者\03弓兵\弓兵-莫里蒂亚\终极犯罪.png,analyzed,2,复制或替换卡牌特征/效果 | 逐条语义审阅的规则原文：Agility Noble Phantasm 70 11K 终极犯罪 【真名解放】 邪来之笔-行动阶段：此牌变成一张未激活的增幅技能的 复制（包括增幅牌及效果）且本回合原增幅技能不能被使 用，回合结束时将受此效果影响的技能的增幅牌弃置。
823,01从者\000已有从者\03弓兵\弓兵-莫里蒂亚\莫里亚蒂.png,non_rule,2,仅为从者/牌面数值、卡背、标记或目录占位图，未见可执行规则文字
824,01从者\000已有从者\03弓兵\弓兵-莫里蒂亚\蛛丝的尽头.png,analyzed,2,逐条语义审阅的规则原文：Special O0K 蛛丝的尽头 残留：当你获胜后，关闭此牌。 清算-行动阶段：偷取所有与你位于同一地点且控制激活的 增幅技能的对手1点战果。 谎味-战斗阶段：将一张增幅牌从增幅技能上移除并加入你 的攻击。
825,01从者\000已有从者\03弓兵\弓兵-莫里蒂亚\邪智的魅力.png,analyzed,2,复制或替换卡牌特征/效果 | 逐条语义审阅的规则原文：邪智的魅力 增幅-被动：当一名从者首次真名解放时，你抽一张牌并 以一张基础手牌作为增幅牌置于其的一个技能上。被增幅 的技能获得增幅牌的属性，威力，费用和卡牌文字效果。 （增幅后的魔力至多12，若其不是一张攻击，变成攻击）
826,01从者\000已有从者\03弓兵\弓兵-超人俄里翁\兽性的豪腕.png,analyzed,2,逐条语义审阅的规则原文：触及月亮的猎人 被动/行动阶段：花费4点魔力并随机弃置一张手牌，你发 动此效果后打出的基础攻击+2威力。同时，若你在常规打 牌时打出了至少两张具有相同属性的攻击，+3合计威力。
827,01从者\000已有从者\03弓兵\弓兵-超人俄里翁\吾之箭矢.png,analyzed,2,逐条语义审阅的规则原文：米 力量 宝具 7 10% 吾之箭矢无兽弗届 【真名解放】 行动阶段：将你手牌或弃牌堆中的X张【幸运】移除游戏， 获得+6X合计威力，X至多为2。
828,01从者\000已有从者\03弓兵\弓兵-超人俄里翁\海神的祝福.png,analyzed,2,逐条语义审阅的规则原文：特殊 8 海〔月］神的祝福 【真名解放】 行动阶段：从你的手牌和/或牌库将至多2张【幸运】加入你 的攻击并令它们获得“残留”和“唯一：战斗结束后，若你 战败或【败北】，关闭此牌。”直至被关闭。
829,01从者\000已有从者\03弓兵\弓兵-超人俄里翁\超人俄里翁.png,non_rule,2,仅为从者/牌面数值、卡背、标记或目录占位图，未见可执行规则文字
830,01从者\000已有从者\03弓兵\弓兵-超人俄里翁diy\3.6兽性的豪腕.png,analyzed,2,逐条语义审阅的规则原文：兽性的豪腕 被动：每局游戏限一次，当你失去战果后，你可以立即获 得你失去战果数的战果并【真名解放】。 【真名解放】后，你的米力量属性攻击+3魔力消耗和威力 且你的【单独行动】获得米力量属性并失去其他所有卡牌 文字效果。
831,01从者\000已有从者\03弓兵\弓兵-超人俄里翁diy\3.6月女神的无瑕之爱.png,analyzed,2,逐条语义审阅的规则原文：宝具 月女神的无瑕之爱 被动/行动阶段：花费3点魔力，选择下列一项效果，你每 回合至多使用该能力2次。 1.【真名解放】。 2.你获得+3合计威力。 3.你打出攻击时-2魔力消耗。 4.其他玩家无法以移动进入或离开你所在的战场。
832,01从者\000已有从者\03弓兵\弓兵-超人俄里翁diy\3.6超人俄里翁.png,non_rule,2,仅为从者/牌面数值、卡背、标记或目录占位图，未见可执行规则文字
833,01从者\000已有从者\03弓兵\弓兵-超人俄里翁diy\弓兵-单独行动.png,analyzed,2,逐条语义审阅的规则原文：特殊 单独行动 当你的行动顺位为当前回合前半数时（向下取整），你才能 使用此牌。 行动阶段：你获得3点战果。 如果你本回合战斗失败，失去5点战果，此效果不能被任何方 法阻止。
834,01从者\000已有从者\03弓兵\弓兵-超人俄里翁diy\旧\兽性的豪腕.png,analyzed,2,逐条语义审阅的规则原文：兽性的豪腕 被动：当你因【单独行动】的效果失去战果后，你的【单独 行动】更改为米属性并失去所有卡牌文字效果。你【真名 解放】并获得等同于你失去战果数的战果。 三星弓手-被动：【真名解放】后，你的米属性攻击基本威 力和魔力消耗+3。
835,01从者\000已有从者\03弓兵\弓兵-超人俄里翁diy\旧\月女神的无瑕之爱.png,analyzed,2,逐条语义审阅的规则原文：魔术 宝具 3 1K 月女神的无瑕之爱 你的魔力少于8点也可打出此牌，此牌不会被局势牌禁止打出。 残留：此牌持续激活至你使用女神之力的回合结束。 女神之力-行动阶段：获得下列效果中的一个，你可花费3点魔力再 获得一次效果，重复获得的效果叠加。 一你的攻击魔力消耗-2。-所有其他玩家不能离开或进入你所在的战场。 -你的合计威力+3。 －【真名解放】。
836,01从者\000已有从者\03弓兵\弓兵-超人俄里翁diy\旧\超人俄里翁.png,non_rule,2,仅为从者/牌面数值、卡背、标记或目录占位图，未见可执行规则文字
837,01从者\000已有从者\03弓兵\弓兵-阿周那\天授的英雄.png,analyzed,2,逐条语义审阅的规则原文：天授的英雄 被动/行动阶段：花费1点魔力，选择牌库或弃牌堆中的一张 基础牌加入手牌。你可以额外花费2点魔力将其打出（支付 魔力消耗）。
838,01从者\000已有从者\03弓兵\弓兵-阿周那\炎神咆哮.png,analyzed,2,逐条语义审阅的规则原文：迅捷 宝具 3 7K 炎神咆哮 【真名解放】 行动阶段：弃置0-3张手牌。当一名对手打出的一张攻击基 本威力等于你剩余手牌的基本威力之和时，弃置你的所有手 牌并令其【败北】。
839,01从者\000已有从者\03弓兵\弓兵-阿周那\破坏神之手影.png,analyzed,2,逐条语义审阅的规则原文：宝具 15k 破坏神之手影 9 【真名解放】 每局游戏限一次> 战斗阶段：关闭所有玩家的【幸运】，使所有未打出 宝 具牌的交战对手【败北】。
840,01从者\000已有从者\03弓兵\弓兵-阿周那\阿周那.png,non_rule,2,仅为从者/牌面数值、卡背、标记或目录占位图，未见可执行规则文字
841,01从者\000已有从者\03弓兵\弓兵-阿塔兰忒\弓兵-单独行动.png,analyzed,2,逐条语义审阅的规则原文：特殊 单独行动 当你的行动顺位为当前回合前半数时（向下取整），你才能 使用此牌。 行动阶段：你获得3点战果。 如果你本回合战斗失败，失去5点战果，此效果不能被任何方 法阻止。
842,01从者\000已有从者\03弓兵\弓兵-阿塔兰忒\神罚的野猪.png,analyzed,2,逐条语义审阅的规则原文：宝具 500& 神罚的野猪 【真名解放】 残留：你不能再使用单独行动；阿塔兰忒的其他攻击基本威 力+4，并将魔力消耗增加其印刷威力数的魔力。
843,01从者\000已有从者\03弓兵\弓兵-阿塔兰忒\诉状箭书.png,analyzed,2,逐条语义审阅的规则原文：迅捷 宝具 4K 诉状箭书 2 【真名解放】 唯一/行动阶段：若你拥有地利，创造并激活一张你本回合 打出的其他攻击的临时复制。
844,01从者\000已有从者\03弓兵\弓兵-阿塔兰忒\阿塔兰忒.png,non_rule,2,仅为从者/牌面数值、卡背、标记或目录占位图，未见可执行规则文字
845,01从者\000已有从者\03弓兵\弓兵-阿尔喀德斯diy\3.5更新12荣光.png,analyzed,2,逐条语义审阅的规则原文：宝具 十二荣光 XO 12K 【真名解放】 X=12－你技能区的从者技能数 百般武艺-被动/行动阶段：当你的一张技能牌上提到从者名 或职阶名时，视为提到的是阿尔喀德斯。
846,01从者\000已有从者\03弓兵\弓兵-阿尔喀德斯diy\3.5更新天风的篡夺者.png,analyzed,2,逐条语义审阅的规则原文：天风的纂夺者 被动：当你的交战对手使用了 宝具牌后，若你未拥有该牌 的复制且本局游戏内令咒未因使用，花费或失去减少至0， 你可以弃置一张手牌令该对手选择：1.将该技能失去宝具 属性并获得<每局游戏限一次>的复制加入阿尔喀德斯的技能区。 2.回合结束时，花费一枚令咒，否则将该技能移除游戏。
847,01从者\000已有从者\03弓兵\弓兵-阿尔喀德斯diy\3.5更新射杀百头.png,analyzed,2,逐条语义审阅的规则原文：特殊 射杀百头 0 6K 英雄的高洁-你仅可在你的回合顺位为你所在地点的首置位 时打出此牌。 半神之弓-行动阶段：展示你的至多3张手牌，然后于你的 战斗阶段为每张被展示牌分别选择：1.花费其印刷威力的魔 力将其加入攻击。 2.将其弃置，若你获胜，获得1点战果。
848,01从者\000已有从者\03弓兵\弓兵-阿尔喀德斯diy\3.5更新阿尔咯德斯.png,non_rule,2,仅为从者/牌面数值、卡背、标记或目录占位图，未见可执行规则文字
849,01从者\000已有从者\03弓兵\弓兵-阿尔喀德斯diy\旧\十二荣光.png,analyzed,2,逐条语义审阅的规则原文：宝具 120 12K 十二荣光 【真名解放】 此牌魔力消耗-X，X为阿尔喀德斯技能区技能的数量。 天风的纂夺者-被动：当与阿尔喀德斯交战的对手使用了一张不在阿尔喀德斯区域内的宝具 牌时且阿尔喀德斯有手牌时，令其选择： 1.若该宝具不具有“<每局游戏限一次>”，你获得3点战果并令该宝具牌获得“<每局游戏 限一次>”至本局游戏结束。若已具有，令阿尔喀德斯获得3点战果。 之后令阿尔喀德斯随机移除一张手牌。
850,01从者\000已有从者\03弓兵\弓兵-阿尔喀德斯diy\旧\射杀百头.png,analyzed,2,逐条语义审阅的规则原文：米 力量 9K 射杀百头 【真名解放】 与【射杀百头】一同打出的另一张 宝具牌或游戏开始时 不位于你技能区的技能牌魔力消耗-3。 心眼（真）-行动阶段：直到你的下个回合行动阶段开始前， 你的所有牌上提到从者名或职阶时，视为提到的是阿尔喀德斯。
851,01从者\000已有从者\03弓兵\弓兵-阿尔喀德斯diy\旧\歪曲.png,analyzed,2,逐条语义审阅的规则原文：歪曲 被动：当你没有令咒时，阿尔喀德斯真名隐藏且不能通过 任何方法解放，你不可再使用阿尔喀德斯的 宝具牌。 忘却补正-被动/行动阶段：移除一张阿尔喀德斯技能区的 其他技能，将一张游戏外的【复仇者】加入你的攻击。
852,01从者\000已有从者\03弓兵\弓兵-阿尔喀德斯diy\旧\阿尔喀德斯.png,non_rule,2,仅为从者/牌面数值、卡背、标记或目录占位图，未见可执行规则文字
853,01从者\000已有从者\03弓兵\弓兵-阿拉什\3.6阿什拉.png,non_rule,2,仅为从者/牌面数值、卡背、标记或目录占位图，未见可执行规则文字
854,01从者\000已有从者\03弓兵\弓兵-阿拉什\千里眼.png,analyzed,2,逐条语义审阅的规则原文：特殊 千里眼 306& 行动阶段：将你的地利变为2倍。 战斗阶段：选择你的一张生效的基础攻击，然后弃置牌库顶 的牌。若弃置的牌与你选择的牌拥有相同的基本威力，则合 计威力+3。
855,01从者\000已有从者\03弓兵\弓兵-阿拉什\流星一条.png,analyzed,2,逐条语义审阅的规则原文：米 力量 宝具 15K 流星一条 【真名解放】 <每局游戏限一次> 此牌不能被复制、盗用或无效关闭。若你赢得战斗，获得六点 战果。战斗结束后阿拉什【死亡】。他将不再是你的从者。将 【神圣的献身】以外的阿拉什技能移除游戏。
856,01从者\000已有从者\03弓兵\弓兵-阿拉什\神圣的献身.png,analyzed,2,逐条语义审阅的规则原文：神圣的献身 【真名解放】 被动/准备阶段：若没有玩家拥有的战果数比你多，获得1点 战果。若处于高潮阶段，额外获得2点战果。
857,01从者\000已有从者\03弓兵\弓兵-阿拉什\阿拉什.png,non_rule,2,仅为从者/牌面数值、卡背、标记或目录占位图，未见可执行规则文字
858,01从者\000已有从者\03弓兵\弓兵-阿蒂拉（圣诞）\3.6星者的礼物-圣诞.png,analyzed,2,逐条语义审阅的规则原文：十 星者的礼物 被动：玩家拆开【礼物】时，其技能区的攻击-1魔力消 耗（不可叠加）。 被动/行动阶段：阿蒂拉〔圣诞］手牌和技能区的攻击-X 魔力消耗并-X基本威力，X为控制【礼物】的玩家数。
859,01从者\000已有从者\03弓兵\弓兵-阿蒂拉（圣诞）\军神之剑.png,analyzed,2,全局事件/局势牌区访问与转移 | 逐条语义审阅的规则原文：米 力量 敏捷 魔术 宝具 7 10K 圣夜之虹，军神之剑 【真名解放】 被动/行动阶段：阿蒂拉〔圣诞】的攻击不受控制【礼物】 的对手影响。 耀星之纹章-行动阶段：弃置一张你所在战场的事件牌， 然后于该战场选择并创造一张临时的【文明废墟】事件牌。
860,01从者\000已有从者\03弓兵\弓兵-阿蒂拉（圣诞）\圣者的礼物-圣诞.png,analyzed,2,逐条语义审阅的规则原文：X 星者的礼物 被动：玩家拆开【礼物】时，其技能区的从者技能于本 回合被打出时-1魔力消耗（不可叠加）。 被动/行动阶段：阿蒂拉〔圣诞］手牌和技能区的攻击-X 魔力消耗，X为控制【礼物】的玩家数。
861,01从者\000已有从者\03弓兵\弓兵-阿蒂拉（圣诞）\阿蒂拉（圣诞）.png,non_rule,2,仅为从者/牌面数值、卡背、标记或目录占位图，未见可执行规则文字
862,01从者\000已有从者\03弓兵\弓兵-阿蒂拉（圣诞）\骑乘-圣诞.png,analyzed,2,逐条语义审阅的规则原文：特殊 骑乘（圣诞） 3 打出时：若此牌与一张基础攻击一同打出，抽一张牌。 驰骋于夜空之虹-行动阶段：打出至多3张基本威力为3或更 低的手牌，然后将等量的【礼物】从游戏外洗入位于同一地 点的其他玩家的牌库（由你选择）。
863,01从者\000已有从者\03弓兵\弓兵-马嘶2.7DIY\摩尼宝珠.png,analyzed,2,逐条语义审阅的规则原文：摩尼宝珠 被动：当你的真名公开时，将此技能移除游戏。 被动：你的所有攻击获得米力量属性。
864,01从者\000已有从者\03弓兵\弓兵-马嘶2.7DIY\至尊战士.png,analyzed,2,逐条语义审阅的规则原文：米 力量 305& 至尊战士 前哨阶段：本回合所有未与其他玩家进行战斗的玩家，于下 一回合开始时【败北】。此效果只可于真名隐藏时使用，然 后【真名解放】。 被动/前哨阶段：若你于上一回合战败，你可打出此牌。
865,01从者\000已有从者\03弓兵\弓兵-马嘶2.7DIY\转轮啊，卷起愤怒之炎吧.png,analyzed,2,逐条语义审阅的规则原文：宝具 米 力量 转轮啊，卷起愤怒之炎吧 被动：你的米力量攻击不会被关闭，也不会被禁止使用。 行动阶段：你可打出你弃牌堆中任意张米力量牌。回合结束 时，你的牌不进入弃牌堆改为洗入牌库。
866,01从者\000已有从者\03弓兵\弓兵-马嘶2.7DIY\马嘶.png,non_rule,2,仅为从者/牌面数值、卡背、标记或目录占位图，未见可执行规则文字
867,01从者\000已有从者\03弓兵\弓兵-马嘶\愤怒之炎.png,analyzed,2,逐条语义审阅的规则原文：米 力量 宝具 转轮啊 7 10% 卷起愤怒之炎吧 【真名解放】 此牌的魔力消耗-X，X为你拥有的地利数 尘归尘-行动阶段：从局势牌弃牌堆中移除至多3张牌（不可 移除激活的局势牌），每以此效果移除一张牌便令此牌威力 +2至回合结束。
868,01从者\000已有从者\03弓兵\弓兵-马嘶\时间回转.png,analyzed,2,全局事件/局势牌区访问与转移 | 逐条语义审阅的规则原文：宝具 伟大的时间啊 3 6K 于此回转 【真名解放】 空无边处天-行动阶段：下个回合在抽取局势牌后，从局势牌 弃牌堆中额外选择一张局势牌激活。回合结束时，将因此效 果激活的局势牌移除游戏。
869,01从者\000已有从者\03弓兵\弓兵-马嘶\狱死之海.png,analyzed,2,全局事件/局势牌区访问与转移 | 逐条语义审阅的规则原文：米 力量 光赫啊 3K 显现狱死之海吧 奎师那的诅咒-残留：当你赢得一场战斗后，你需花费1点战 果，否则关闭此牌。 愤怒化身-行动阶段：你因局势牌提升的威力翻倍。回合结束 时，将所有激活的局势牌移除游戏。
870,01从者\000已有从者\03弓兵\弓兵-马嘶\马嘶.png,non_rule,2,仅为从者/牌面数值、卡背、标记或目录占位图，未见可执行规则文字
871,01从者\000已有从者\03弓兵\弓兵巴御前\token.png,non_rule,2,仅为从者/牌面数值、卡背、标记或目录占位图，未见可执行规则文字
872,01从者\000已有从者\03弓兵\弓兵巴御前\巴御前.png,non_rule,2,仅为从者/牌面数值、卡背、标记或目录占位图，未见可执行规则文字
873,01从者\000已有从者\03弓兵\弓兵巴御前\弓兵-单独行动.png,analyzed,2,逐条语义审阅的规则原文：特殊 单独行动 当你的行动顺位为当前回合前半数时（向下取整），你才能 使用此牌。 行动阶段：你获得3点战果。 如果你本回合战斗失败，失去5点战果，此效果不能被任何方 法阻止。
874,01从者\000已有从者\03弓兵\弓兵巴御前\真言.png,analyzed,2,逐条语义审阅的规则原文：敏捷 宝具 7 [9K 真言·圣观世音菩萨 【真名解放】 炽焰之雨-战斗阶段：令同一战场所有未拥有地利的对手-5 合计威力。
875,01从者\000已有从者\03弓兵\弓兵巴御前\鬼种之魔.png,analyzed,2,逐条语义审阅的规则原文：米 力量 3 5K 鬼种之魔 无间业火-行动阶段：下个回合，所有对手部署于此战场前 可以花费至多5点战果，所有基础地利数高于其支付战果数 的地利位置视为已被占据，无法部署。 战斗阶段：将你的地利翻倍。
876,01从者\000已有从者\04骑兵\从者：达芬奇（骑）\3.1更新骑乘.png,analyzed,2,逐条语义审阅的规则原文：Special 300K 骑乘 打出时：若此牌与一张基础攻击一同打出，抽一张牌。 坐骑召唤-行动阶段：打出至多3张基本威力为3或更低的手 牌。
877,01从者\000已有从者\04骑兵\从者：达芬奇（骑）\3.2小达芬奇.jpg,non_rule,2,仅为从者/牌面数值、卡背、标记或目录占位图，未见可执行规则文字
878,01从者\000已有从者\04骑兵\从者：达芬奇（骑）\3.2更新虚数潜航艇.jpg,analyzed,2,逐条语义审阅的规则原文：米 力量 2& 虚数潜航艇 残留：若你使用了加速过弯，于回合结束时关闭此牌。 打出时：此牌威力翻倍至回合结束。 加速过弯-行动阶段：弃置所有手牌，然后抽3张牌。
879,01从者\000已有从者\04骑兵\从者：达芬奇（骑）\3.2更新超越边界.jpg,analyzed,2,调用或重放指定卡牌能力 | 战斗胜者/游戏流程改写 | 逐条语义审阅的规则原文：宝具 4 3& 超越边界的存在 【真名解放】 本回合结束前，令任何与予星以梦和零度潜航冲突的规则或效果无效化。 予星以梦-行动阶段：花费3点魔力，将【骑乘】从你的技能区加入攻击。 零度潜航-行动阶段：每回合限一次，将你从桌面上移除游戏，重新部署 于任意位置（包括已被占领的地利、侦查等）。
880,01从者\000已有从者\04骑兵\从者：达芬奇（骑）\旧\3.1更新 (1).png,analyzed,2,逐条语义审阅的规则原文：米 力量 0K 虚数潜航艇 加速过弯-残留：行动阶段，你可以弃置所有手牌后抽3张 牌，若如此做，于回合结束时关闭此牌。 打出时：合计威力+3。
881,01从者\000已有从者\04骑兵\从者：达芬奇（骑）\旧\3.1更新 (2).png,analyzed,2,调用或重放指定卡牌能力 | 战斗胜者/游戏流程改写 | 逐条语义审阅的规则原文：宝具 4 2& 超越边界的存在 【真名解放】 本回合结束前，令任何与予星以梦和零度潜航冲突的规则或效果无效化。 予星以梦-行动阶段：花费3点魔力，将【骑乘】从你的技能区加入攻击。 零度潜航-行动阶段：每回合限一次，将你从桌面上移除游戏，重新部署 于任意位置（包括已被占领的地利、侦查等）。
882,01从者\000已有从者\04骑兵\从者：达芬奇（骑）\旧\小达芬奇.png,non_rule,2,仅为从者/牌面数值、卡背、标记或目录占位图，未见可执行规则文字
883,01从者\000已有从者\04骑兵\从者：达芬奇（骑）\旧\虚数潜航艇.png,analyzed,2,逐条语义审阅的规则原文：米 力量 2 虚数潜航艇 加速过弯-残留：行动阶段，你可以弃置所有手牌后抽3张牌， 若如此做，于回合结束时关闭此牌。 打出时：合计威力+5。
884,01从者\000已有从者\04骑兵\从者：达芬奇（骑）\旧\超越边界的存在.png,analyzed,2,调用或重放指定卡牌能力 | 逐条语义审阅的规则原文：宝具 4 2& 超越边界的存在 【真名解放】 本回合结束前，令任何与予星以梦和零度潜航冲突的规则或效果无效化。 予星以梦-行动阶段：花费3点魔力，将【骑乘】从你的技能区加入攻击。 零度潜航-行动阶段：每回合限一次，将你从桌面上移除游戏，重新部署 于任意位置（包括已被占领的地利、侦查等）。
885,01从者\000已有从者\04骑兵\从者：达芬奇（骑）\旧\骑兵-骑乘.png,analyzed,2,逐条语义审阅的规则原文：特殊 300& 骑乘 行动阶段：从手牌中追加打出至多3张基本威力3及以下的牌。
886,01从者\000已有从者\04骑兵\骑兵-丑御前\httpssteamusercontentaakamaihdnetugc25215347176831478578A0C8AA06F9D69595B7C2574D860DD70D346BE29.png,analyzed,2,逐条语义审阅的规则原文：宝具 13 牛王反转·迅雷风烈 卸甲-被动：若你未真名解放，你的行动阶段开始时，你可 以抽一张牌。若你已真名解放并获胜，你战斗中战果最高的 所有败者失去3点战果。打出时：回合结束时【真名解放】。 帝释天-行动阶段：抽取并展示至多4张牌后弃置，然后你创 造并激活这些牌失去卡牌文字效果的临时复制直至回合结束。
887,01从者\000已有从者\04骑兵\骑兵-丑御前\httpssteamusercontentaakamaihdnetugc2521534717707144313182E1EFECE9C79FAAE51E4E108EFCF7A5601895C.png,analyzed,2,逐条语义审阅的规则原文：米 力量 敏捷 童子切安纲 7 9K 被动：丑御前的技能攻击获得“雷祭-被动/行动阶段：你打出此 牌的魔力消耗减半（减少值向下取整）且你的魔力少于8点也可 以使用此牌。回合结束时，将此牌移除游戏。”鬼神之象-被动： 若你获胜，你可以令一张因雷祭被移除的非<每局游戏限一次>的 技能攻击返回你的技能区，此效果于丑御前不会因任何方式失效。
888,01从者\000已有从者\04骑兵\骑兵-丑御前\丑御前.png,non_rule,2,仅为从者/牌面数值、卡背、标记或目录占位图，未见可执行规则文字
889,01从者\000已有从者\04骑兵\骑兵-丑御前\普通职介技能 (5).png,analyzed,2,逐条语义审阅的规则原文：Special 300K 骑乘 打出时：若此牌与一张基础攻击一同打出，抽一张牌。 坐骑召唤-行动阶段：打出至多3张基本威力为3或更低的手 牌。
890,01从者\000已有从者\04骑兵\骑兵-乔尔乔斯\3.4.1更新贝亚德.png,analyzed,2,逐条语义审阅的规则原文：特殊 宝具 3 贝亚德 守护骑士-被动：当【龙】移动至一处战场时，你可以打出 此牌。若如此做，你移动至【龙】所在的战场。 打出时：抽一张牌。从手牌中追加打出至多3张基本威力3及 以下的牌。
891,01从者\000已有从者\04骑兵\骑兵-乔尔乔斯\httpcloud3steamusercontentcomugc199568792107025607378826146BEE764B4A6B07AC51E290B195CDEDFD5.png,non_rule,2,仅为从者/牌面数值、卡背、标记或目录占位图，未见可执行规则文字
892,01从者\000已有从者\04骑兵\骑兵-乔尔乔斯\httpcloud3steamusercontentcomugc20227122369978322134E64F0DF7D5A9FE99B0854E95C0AFE16CB388B40.png,unclear,2,OCR无法可靠判定：（未识别到文字）
893,01从者\000已有从者\04骑兵\骑兵-乔尔乔斯\刚力屠戮祝福之剑3.4.1更新.png,analyzed,2,逐条语义审阅的规则原文：米 力量 宝具 7 10K 刚力屠祝福之剑 【真名解放】 若你与【龙】战斗，此牌威力+5。 你也是龙-被动：当一名对手赢得一场有另一名对手参与的 争夺战时，你可以令其成为【龙】直至你再次发动你也是龙。
894,01从者\000已有从者\04骑兵\骑兵-乔尔乔斯\旧\刚力屠戮祝福之剑.png,analyzed,2,逐条语义审阅的规则原文：米 力量 宝具 8 10K 刚力屠祝福之剑 【真名解放】 若你与【龙】战斗，此牌威力+5。 你也是龙-被动：当一名对手赢得一场有另一名对手参与的 争夺战时，你可以令其成为【龙】直至你再次发动你也是龙。
895,01从者\000已有从者\04骑兵\骑兵-乔尔乔斯\殉教者之魂.png,analyzed,2,逐条语义审阅的规则原文：殉教者之魂 坚定信仰-被动：你的【幸运】获得：“残留：此牌持续 激活两个回合。” 圣者之心-被动/行动阶段：禁止使用 宝具的局势牌对 你更改为令你的 宝具和【幸运】威力+3。
896,01从者\000已有从者\04骑兵\骑兵-乔尔乔斯\贝亚德.png,analyzed,2,逐条语义审阅的规则原文：特殊 宝具 OK 贝亚德 4 守护骑士-被动：当【龙】移动至一处战场时，你可以打出 此牌。若如此做，你移动至【龙】所在的战场。 打出时：抽一张牌。从手牌中追加打出至多3张基本威力3及 以下的牌。
897,01从者\000已有从者\04骑兵\骑兵-伊什塔尔\httpssteamusercontentaakamaihdnetugc25012784902425996159679E1E0669D1C744D1D4909D73AEAD09989F43E.png,analyzed,2,原子位置交换/成组强制移动 | 逐条语义审阅的规则原文：特殊 加速过弯 2 2& 被动：当你因移动或被移动即将进入一处地点时，你可以打出 一张基本威力3或以下的手牌来取消本次移动（消耗不返还）。 乌鲁克漂移-打出时：选择一名合计威力不高于你的交战对手， 你与其移动至下一地点，本次移动无视因双方产生的人数限制。
898,01从者\000已有从者\04骑兵\骑兵-伊什塔尔\httpssteamusercontentaakamaihdnetugc25012784902426002107FD2231AA6B09F1378CD2C99628895A033903D92.png,analyzed,2,逐条语义审阅的规则原文：闪耀的水之衣 被动：你的区特殊属性牌名为【急行】并获得“行动 阶段：无视交战状态，沿箭头移动至下一非侦查地点。 被动/战斗阶段：【真名解放】，关闭你的一张【急行】 并打出另一张【急行】，你可以花费其消耗的魔力使用 其行动阶段能力。
899,01从者\000已有从者\04骑兵\骑兵-伊什塔尔\httpssteamusercontentaakamaihdnetugc2501278490242601384087B7B55E8633F0B5826FE12882C0D0BC86579E9.png,analyzed,2,逐条语义审阅的规则原文：特殊 宝具 9K 神峰天回明星之虹 【真名解放】 打出时：选择一处战场。 马安娜小摩托-战斗阶段：从另一处地点根据你所在位置获 得收益（工坊-魔力地利位置-该位置的地利侦查-战果） 后，移动至你选择的战场。
900,01从者\000已有从者\04骑兵\骑兵-伊什塔尔\伊什塔尔（骑）.png,non_rule,2,仅为从者/牌面数值、卡背、标记或目录占位图，未见可执行规则文字
901,01从者\000已有从者\04骑兵\骑兵-伊凡雷帝\3.1更新骑阶.png,analyzed,2,逐条语义审阅的规则原文：Special 300K 骑乘 打出时：若此牌与一张基础攻击一同打出，抽一张牌。 坐骑召唤-行动阶段：打出至多3张基本威力为3或更低的手 牌。
902,01从者\000已有从者\04骑兵\骑兵-伊凡雷帝\伊凡雷帝.png,non_rule,2,仅为从者/牌面数值、卡背、标记或目录占位图，未见可执行规则文字
903,01从者\000已有从者\04骑兵\骑兵-伊凡雷帝\雷帝宝具.png,analyzed,2,逐条语义审阅的规则原文：宝具 于吾梦路 3K 潜行而出之黑犬 【真名解放】 行动阶段：选择下列一项： 沙皇之眼-获得2点战果。 沙皇之律-从一名玩家处偷取1点魔力。 沙皇之怒-你的攻击获得+1威力。
904,01从者\000已有从者\04骑兵\骑兵-伊凡雷帝\骑兵-骑乘.png,analyzed,2,逐条语义审阅的规则原文：特殊 300& 骑乘 行动阶段：从手牌中追加打出至多3张基本威力3及以下的牌。
905,01从者\000已有从者\04骑兵\骑兵-伊凡雷帝\魔兽外形.png,analyzed,2,逐条语义审阅的规则原文：魔術 500K 魔兽外形 被动：你不能移动也不能被移动。 被动：此牌展示后，与你位于同一地点的对手获得的战果减 半（向上取整）。 行动阶段：将与你位于同一战场的一名对手移动至侦察。获 得等于回合数的合计威力。
906,01从者\000已有从者\04骑兵\骑兵-伊斯坎达尔\3.1更新.png,analyzed,2,逐条语义审阅的规则原文：Special 300K 骑乘 打出时：若此牌与一张基础攻击一同打出，抽一张牌。 坐骑召唤-行动阶段：打出至多3张基本威力为3或更低的手 牌。
907,01从者\000已有从者\04骑兵\骑兵-伊斯坎达尔\3.2更新王之军势.jpg,analyzed,2,逐条语义审阅的规则原文：特殊 宝具 王之军势 3 OK 【真名解放】 远征永无终结-行动阶段：选择米力量或敏捷属性的一 种并花费X点魔力，然后创造并激活X张该属性临时的、基 本威力为2的基础攻击（X至多为5）。
908,01从者\000已有从者\04骑兵\骑兵-伊斯坎达尔\伊斯坎达尔.png,non_rule,2,仅为从者/牌面数值、卡背、标记或目录占位图，未见可执行规则文字
909,01从者\000已有从者\04骑兵\骑兵-伊斯坎达尔\旧\骑乘.png,analyzed,2,逐条语义审阅的规则原文：特殊 300& 骑乘 行动阶段：从手牌中追加打出至多3张基本威力3及以下的牌。
910,01从者\000已有从者\04骑兵\骑兵-伊斯坎达尔\王之军势.png,analyzed,2,逐条语义审阅的规则原文：特殊 宝具 王之军势 【真名解放】 行动阶段：创造并激活5张临时的威力2的米或&属性的基 础攻击直至回合结束。
911,01从者\000已有从者\04骑兵\骑兵-伊斯坎达尔\神威车轮.png,analyzed,2,全局事件/局势牌区访问与转移 | 逐条语义审阅的规则原文：米 力量 宝具 4 7K 神威车轮 【真名解放】 行动阶段：将你所在地点的一张事件牌弃置，然后抽2张新 的事件牌。将其中1张作为新的事件牌，另一张洗回牌堆。
912,01从者\000已有从者\04骑兵\骑兵-伊斯坎达尔（界）\3.1更新.png,analyzed,2,逐条语义审阅的规则原文：Special 300K 骑乘 打出时：若此牌与一张基础攻击一同打出，抽一张牌。 坐骑召唤-行动阶段：打出至多3张基本威力为3或更低的手 牌。
913,01从者\000已有从者\04骑兵\骑兵-伊斯坎达尔（界）\3.2更新王之军势.jpg,analyzed,2,全局事件/局势牌区访问与转移 | 逐条语义审阅的规则原文：特殊 宝具 王之军势 8 【真名解放】 远征永无终结-行动阶段：选择一种非区特殊属性，将你 的手牌、牌库和弃牌堆中至多5张该属性的基础牌加入攻击。
914,01从者\000已有从者\04骑兵\骑兵-伊斯坎达尔（界）\3.2更新神威车轮.jpg,analyzed,2,全局事件/局势牌区访问与转移 | 逐条语义审阅的规则原文：米 力量 宝具 7K 神威车轮 4 【真名解放】 雷之征服者-行动阶段：选择下列一项：1.抽2张新的事件牌， 并用其中至多一张替换你所在战场的事件牌，然后弃置剩余 的事件牌。2.若你位于地利位置，弃置你所在战场的一张事 件牌并获得等于其战果数的魔力。
915,01从者\000已有从者\04骑兵\骑兵-伊斯坎达尔（界）\伊斯坎达尔（界）.jpg,non_rule,2,仅为从者/牌面数值、卡背、标记或目录占位图，未见可执行规则文字
916,01从者\000已有从者\04骑兵\骑兵-吕布奉先\三国无双.png,analyzed,2,逐条语义审阅的规则原文：三国无双 人中吕布，马中赤兔-被动/行动阶段：【真名解放】将游戏外的军神五兵 及赤兔加入你的技能区，然后你可以支付5点战果将这两张卡加入攻击。< 每局游戏限一次> 飞将-战斗阶段：支付3点魔力，移动至另一处战场，若该战场有至少有3名 对手，抽一张牌然后随机将一张手卡加入攻击。
917,01从者\000已有从者\04骑兵\骑兵-吕布奉先\军神5兵.png,analyzed,2,逐条语义审阅的规则原文：宝具 30 XK 军神五兵 （每局游戏限一次） 残留：X为你控制的卡上的属性种类数（力量、敏捷、魔术、宝具、 特殊）。 战斗阶段：此卡威力翻倍，回合结束时关闭此卡。
918,01从者\000已有从者\04骑兵\骑兵-吕布奉先\吕布（骑）.png,non_rule,2,仅为从者/牌面数值、卡背、标记或目录占位图，未见可执行规则文字
919,01从者\000已有从者\04骑兵\骑兵-吕布奉先\头像-吕布.png,non_rule,2,仅为从者/牌面数值、卡背、标记或目录占位图，未见可执行规则文字
920,01从者\000已有从者\04骑兵\骑兵-吕布奉先\御主-吕布.png,analyzed,2,逐条语义审阅的规则原文：吕布奉先 九原鸠虎-被动：你控制的卡+1基本威力，你所在战场对手控制的卡 -1基本威力。 特勇无谋-被动：你获得的竞争战果翻倍，你从事件牌上获得的战果 减半（向下取整）。 辕门射戟-战斗阶段：你所在战场仅有2名对手时，将所有人从你所 在的战场移除，你获得3点战果。（每局游戏限一次）
921,01从者\000已有从者\04骑兵\骑兵-吕布奉先\赤兔.png,analyzed,2,逐条语义审阅的规则原文：特殊 20 赤兔 3& （每局游戏限一次） 残留：当你移动时，无视交战状态且你可以沿着箭头反向移动。 战斗阶段：关闭此卡并移动至任意地点。
922,01从者\000已有从者\04骑兵\骑兵-吕布奉先\轻狡反覆.png,analyzed,2,逐条语义审阅的规则原文：轻狡反覆，唯利是视 利驭-被动：与你交战的对手在他的战斗阶段可以向你支付1点战果，然后 随机将你的一张手牌加入他的攻击（此卡在回合结束时回到你的弃牌堆）， 大丈夫生居天地间，岂能郁郁久居人下-被动：非高潮回合开始时，若你没 有令咒且至少有3名对手的战果比你多，你的御主死亡并将其与此卡移除， 魔力、战果、令咒保持不变，你的御主变为吕布直到游戏结束。
923,01从者\000已有从者\04骑兵\骑兵-吕布奉先\鬼神降世.png,analyzed,2,逐条语义审阅的规则原文：米 力量 敏捷 魔术 XO 鬼神降世 【真名解放】 你的合计威力+2X，直到下回合的结束阶段你无法获得魔力。 根据你支付的魔力数，此卡获得以下效果： X≥8，你无视败北效果直到回合结束； X≥10，战斗阶段：关闭你所在战场的一张卡； X=12，战斗阶段：将一张你所在战场的事件卡移除游戏。 (X最大为12，你少于8点魔力也能打出此卡）
924,01从者\000已有从者\04骑兵\骑兵-君士坦丁11世\3.1更新骑乘.png,analyzed,2,逐条语义审阅的规则原文：Special 300K 骑乘 打出时：若此牌与一张基础攻击一同打出，抽一张牌。 坐骑召唤-行动阶段：打出至多3张基本威力为3或更低的手 牌。
925,01从者\000已有从者\04骑兵\骑兵-君士坦丁11世\三重高墙.png,analyzed,2,逐条语义审阅的规则原文：Noble Phantasm 70 誓之所祈乃三重高墙 10% 【真名解放】 信仰之墙-被动：每回合限一次，当你抽到一张基础攻击时， 你可以花费3点魔力将其展示并令其威力翻倍（于在场时）。 命定之败-战斗阶段：若你战败，获得3点战果。
926,01从者\000已有从者\04骑兵\骑兵-君士坦丁11世\君士坦丁十一世.png,non_rule,2,仅为从者/牌面数值、卡背、标记或目录占位图，未见可执行规则文字
927,01从者\000已有从者\04骑兵\骑兵-君士坦丁11世\落日帝国.png,analyzed,2,战斗胜者/游戏流程改写 | 逐条语义审阅的规则原文：落日帝国 尽归尘土-被动：当你即将被淘汰时，改为将此牌移除游戏 并令你于下回合获得的战果翻倍。
928,01从者\000已有从者\04骑兵\骑兵-君士坦丁十一世diy\3.1更新骑乘.png,analyzed,2,逐条语义审阅的规则原文：Special 300K 骑乘 打出时：若此牌与一张基础攻击一同打出，抽一张牌。 坐骑召唤-行动阶段：打出至多3张基本威力为3或更低的手 牌。
929,01从者\000已有从者\04骑兵\骑兵-君士坦丁十一世diy\3.2更新终焉特权.jpg,analyzed,2,逐条语义审阅的规则原文：宝具 终马特权 3 OOK 【真名解放】 打出时：选择一个印刷基本威力数值作为辉。 至死不渝的驱驰一行动阶段：抽一张牌，若你选择了辉，你 可以将其魔力消耗设为2X打出，X为其印刷威力与辉的差值。 你每回合可以使用此效果至多三次（即使不打出牌）。
930,01从者\000已有从者\04骑兵\骑兵-君士坦丁十一世diy\3.6三重高墙.png,analyzed,2,逐条语义审阅的规则原文：米 力量 宝具 定当祈以誓者 3K 乃三重高墙 【真名解放】 落日帝国-残留：回合结束时若你战败，你【淘汰】。 打出时：你的其他攻击+3威力直至回合结束。 被动/前哨阶段：花费3点魔力，抽3张牌，然后将3张手牌分 别弃置或以任意顺序放回牌堆顶。
931,01从者\000已有从者\04骑兵\骑兵-君士坦丁十一世diy\君士坦丁十一世.png,non_rule,2,仅为从者/牌面数值、卡背、标记或目录占位图，未见可执行规则文字
932,01从者\000已有从者\04骑兵\骑兵-君士坦丁十一世diy\旧\三重高墙.png,analyzed,2,逐条语义审阅的规则原文：米 力量 宝具 定当祈以誓者 3K 乃三重高墙 【真名解放】 <每局游戏限一次> 落日帝国-被动：高潮阶段开始时，将此牌加入攻击。 打出时：你的所有攻击基本威力×3至回合结束。 残留：回合结束时，若你于本回合战败，你【淘汰】。此牌激活的第三个 回合结束时，关闭此牌。 前哨阶段：抽三张牌，你可分别将三张手牌弃置或以任意顺序放回牌堆顶。
933,01从者\000已有从者\04骑兵\骑兵-君士坦丁十一世diy\旧\终焉特权.png,analyzed,2,逐条语义审阅的规则原文：宝具 3 010K 终焉特权 【真名解放】 此牌可追加打出。 行动阶段：宣言一个印刷基本威力数值。 至死不渝的驱驰-行动阶段：抽一张牌并展示。若你宣言了一个印 刷基本威力数值，你可以将其魔力消耗设为2X打出。X为其印刷基 本威力与你宣言的威力的差值。你每回合可以使用此效果至多三次。
934,01从者\000已有从者\04骑兵\骑兵-坂本龙马\坂本龙马.png,non_rule,2,仅为从者/牌面数值、卡背、标记或目录占位图，未见可执行规则文字
935,01从者\000已有从者\04骑兵\骑兵-坂本龙马\骑-坂本龙马 (1).png,analyzed,2,逐条语义审阅的规则原文：魔术 维新之刃 1& 与子成说-被动：若你打出了恰好两张米力量攻击，你可以 打出一张×魔术或迅捷牌。 船中八策-残留：当你打出一张或更多的&迅捷基础攻击时 ，令他们获得威力+2并于回合结束时关闭此牌。
936,01从者\000已有从者\04骑兵\骑兵-坂本龙马\骑-坂本龙马 (2).png,analyzed,2,逐条语义审阅的规则原文：米 力量 宝具 7 OK 如翱翔天际之龙 【真名解放】 <每局游戏限一次> 打出时：此牌获得+10威力至回合结束。 残留：坂本龙马的其他米力量攻击魔力消耗与威力+3。回合 结束时，若你的魔力小于4点，关闭此牌。
937,01从者\000已有从者\04骑兵\骑兵-坂本龙马\骑-坂本龙马 (3).png,analyzed,2,逐条语义审阅的规则原文：米 力量 维新之龙 3 6K 死生契阔-被动：若你打出了恰好两张迅捷攻击，你可以 打出一张米力量或β特殊牌。 龙神之怒-行动阶段：支付3点魔力，抽两张牌并弃置任意数 量的手牌。每张因此效果弃置的米力量属性牌令此牌获得威 力+2至回合结束。
938,01从者\000已有从者\04骑兵\骑兵-多布蕾尼娅diy\3.1更新骑乘.png,analyzed,2,逐条语义审阅的规则原文：Special 300K 骑乘 打出时：若此牌与一张基础攻击一同打出，抽一张牌。 坐骑召唤-行动阶段：打出至多3张基本威力为3或更低的手 牌。
939,01从者\000已有从者\04骑兵\骑兵-多布蕾尼娅diy\3.4更新吾之爱马.png,analyzed,2,通用标记/计数 | 逐条语义审阅的规则原文：魔术 宝具 3 1K 雪白闪耀的吾之爱马 残留：当你进入战场后，于该战场放置一枚【炎之吐息】。 回合结束时，若版图内的【炎之吐息】不少于3枚，将它们 移除，然后你获得1点魔力。 永远的年轻肉体-行动阶段：你的非技能牌-1魔力消耗。 你印刷魔力消耗为0的非技能牌获得“打出时：此牌+1威力。”
940,01从者\000已有从者\04骑兵\骑兵-多布蕾尼娅diy\3.4更新邪龙降临.png,analyzed,2,通用标记/计数 | 逐条语义审阅的规则原文：米 力量 宝具 3 3K 邪龙降临喷吐罪恶 【真名解放】 被动：每名对手于他们的回合内首次进入存在【炎之吐息】 的战场时，随机弃置等于该战场【炎之吐息】数量的手牌。 三重龙息-行动阶段：每回合限三次，花费3点魔力并移除 一枚版图内的【炎之吐息】，此牌+6威力。
941,01从者\000已有从者\04骑兵\骑兵-多布蕾尼娅diy\多布蕾尼娅.png,non_rule,2,仅为从者/牌面数值、卡背、标记或目录占位图，未见可执行规则文字
942,01从者\000已有从者\04骑兵\骑兵-多布蕾尼娅diy\旧1\吾之爱马.png,analyzed,2,逐条语义审阅的规则原文：魔术 宝具 3 雪白闪耀的吾之爱马 <每局游戏限一次> 残留：当你部署于或进入一处战场时，放置一枚【炎之吐息】。回合结束时，若 游戏内的【炎之吐息】于本回合内达到或超过三枚，移除所有游戏内的【炎之吐 息】并获得1点魔力。 永远的年轻肉体-行动阶段：花费1点魔力，抽一张牌。你的手牌魔力消耗-1至回 合结束。若魔力消耗原本为0，改为令其获得：“打出时：威力+1”至回合结束。
943,01从者\000已有从者\04骑兵\骑兵-多布蕾尼娅diy\旧1\邪龙降临.png,analyzed,2,逐条语义审阅的规则原文：米 力量 宝具 4 3K 邪龙降临喷吐罪恶 【真名解放】 戈尔里奇-被动：当其他玩家每回合第一次部署或进入存在【炎之吐 息】的战场时，随机弃置x张手牌，X为该战场【炎之吐息】的数量。 三重龙息-行动阶段：移除一枚游戏内的【炎之吐息】，此牌基本威 力翻倍。你可以花费此牌的魔力消耗，再使用一次三重龙息。每回合 合计使用此效果至多三次。
944,01从者\000已有从者\04骑兵\骑兵-多布蕾尼娅diy\纹章：野兽.png,non_rule,2,仅为从者/牌面数值、卡背、标记或目录占位图，未见可执行规则文字
945,01从者\000已有从者\04骑兵\骑兵-太公望diy\3.2更新太公望.jpg,analyzed,2,逐条语义审阅的规则原文：特殊 原始兵法 3 打出时：若此牌与一张基础攻击一同打出，抽一张牌。 行动阶段：从手牌中打出至多3张具有相同属性的牌，选择一种 它们最多的属性，此牌获得相应基础牌的名称和卡牌文字效果。 米为“幸运” 为“疾行” ×为“远隔操作” 选择上述任意一种
946,01从者\000已有从者\04骑兵\骑兵-太公望diy\3.6封神执行.png,analyzed,2,逐条语义审阅的规则原文：特殊 4& 封神执行 你可以花费2点魔力来追加打出此牌。 愿者上钩-被动/准备阶段：花费1点魔力，将此牌放置于一 处战场。当未被册封的其他玩家进入此牌被放置的地点时， 其可以将此牌加入攻击并被册封，回合结束时，令此牌返 回太公望的技能区。
947,01从者\000已有从者\04骑兵\骑兵-太公望diy\skills.png,non_rule,2,仅为从者/牌面数值、卡背、标记或目录占位图，未见可执行规则文字
948,01从者\000已有从者\04骑兵\骑兵-太公望diy\册封.png,non_rule,2,仅为从者/牌面数值、卡背、标记或目录占位图，未见可执行规则文字
949,01从者\000已有从者\04骑兵\骑兵-太公望diy\册封过.png,non_rule,2,仅为从者/牌面数值、卡背、标记或目录占位图，未见可执行规则文字
950,01从者\000已有从者\04骑兵\骑兵-太公望diy\太公望.png,non_rule,2,仅为从者/牌面数值、卡背、标记或目录占位图，未见可执行规则文字
951,01从者\000已有从者\04骑兵\骑兵-太公望diy\打神鞭.png,analyzed,2,通用标记/计数 | 逐条语义审阅的规则原文：敏捷 宝具 打神鞭 10% 【真名解放】 被动：当一名被册封的玩家赢得胜利时，你可移除其册封并获 得2点战果。 战斗阶段：移除一名交战对手的册封并令其【败北】。
952,01从者\000已有从者\04骑兵\骑兵-太公望diy\旧\原始兵法.png,analyzed,2,逐条语义审阅的规则原文：特殊 原始兵法 3 行动阶段：从手牌中追加打出至多3张具有相同属性的牌。根据 最多的属性，创造并激活一张临时的基本威力为0的相应基础牌。 米为“幸运” 为“疾行” ×为“远隔操作” ◆选择上述任意一种
953,01从者\000已有从者\04骑兵\骑兵-太公望diy\旧\封神执行.png,analyzed,2,逐条语义审阅的规则原文：特殊 2 4& 封神执行 被动/前哨阶段：支付此牌的魔力消耗，将其设置在一处战场上。 当一名未被册封的对手进入有此牌的地点时，其可以选择是否将此 牌加入攻击中。若其加入，其被册封。 太公望的行动阶段开始时，若此牌未被其他玩家加入攻击，太公望 可将其加入攻击。战斗结束后，此牌返回太公望的技能区。
954,01从者\000已有从者\04骑兵\骑兵-奥兹曼迪亚斯\3.2更新光辉大复合神殿.jpg,analyzed,2,逐条语义审阅的规则原文：Noble Phantasm 光辉大复合神殿 被动/行动阶段：花费4点魔力，将此牌放置于你所在的地点。 此牌被放置后的地点若为战场，你对手的区特殊或 宝具 牌于此处+3魔力消耗（最大为12）。你位于此处时，对手 无法以移动进入或离开此地点。
955,01从者\000已有从者\04骑兵\骑兵-奥兹曼迪亚斯\3.2更新热砂狮身兽.jpg,analyzed,2,逐条语义审阅的规则原文：米 Strength Magic Noble Phantasm 7 4K 热砂狮身兽 【真名解放】 打出时：此牌威力翻倍至回合结束。 残留：当你的对手进入你所在的战场时，失去2点魔力。 当你战败时，与你位于同一地点的所有玩家获得3点魔力， 然后关闭此牌。
956,01从者\000已有从者\04骑兵\骑兵-奥兹曼迪亚斯\丹德拉大电球.png,analyzed,2,逐条语义审阅的规则原文：特殊 宝具 丹德拉大电球 018K 【真名解放】 魔力炮击-若你没在另外一处地点设置【光辉大复合神殿】， 则关闭此牌。战斗之后将【光辉大复合神殿】放回技能区。此 牌可以追加打出。
957,01从者\000已有从者\04骑兵\骑兵-奥兹曼迪亚斯\奥兹曼迪亚斯.png,non_rule,2,仅为从者/牌面数值、卡背、标记或目录占位图，未见可执行规则文字
958,01从者\000已有从者\04骑兵\骑兵-奥兹曼迪亚斯\旧\光辉大复合神殿.png,analyzed,2,逐条语义审阅的规则原文：宝具 光辉大复合神殿 被动/行动阶段：花费6点魔力。将此牌置于你所在的地点。 若是一处战场，当你位于此战场时，所有其他玩家不能移出 或进入此战场。此战场的对手打出 ）和区属性牌时，魔力 消耗+3（最大为12）。
959,01从者\000已有从者\04骑兵\骑兵-奥兹曼迪亚斯\旧\热砂狮身兽.png,analyzed,2,逐条语义审阅的规则原文：米 力量 魔術 宝具 4K 热砂狮身兽 4 【真名解放】 残留：进入你所在战场的对手失去1点魔力。当你战败时， 关闭此牌。
960,01从者\000已有从者\04骑兵\骑兵-奥德修斯\3.1更新骑乘.png,analyzed,2,逐条语义审阅的规则原文：Special 300K 骑乘 打出时：若此牌与一张基础攻击一同打出，抽一张牌。 坐骑召唤-行动阶段：打出至多3张基本威力为3或更低的手 牌。
961,01从者\000已有从者\04骑兵\骑兵-奥德修斯\3.2更新终焉的大木马.jpg,analyzed,2,卡牌控制权/跨玩家区域转移 | 逐条语义审阅的规则原文：宝具 终马的大木马 3 3& 你需将此牌借给一名与你位于同一地点的其他玩家才可打出。 残留：回合结束时，奥德修斯偷取此牌的控制者1点战果。 除此牌打出的回合，进行战力结算时若奥德修斯与控制者交 战，令此牌返回奥德修斯的攻击区并于回合结束时关闭此牌。 战术支援-你的区特殊属性攻击+3威力。
962,01从者\000已有从者\04骑兵\骑兵-奥德修斯\奥德修斯.png,non_rule,2,仅为从者/牌面数值、卡背、标记或目录占位图，未见可执行规则文字
963,01从者\000已有从者\04骑兵\骑兵-奥德修斯\旧\3.1更新.png,analyzed,2,卡牌控制权/跨玩家区域转移 | 逐条语义审阅的规则原文：宝具 3 3& 终焉的大木马 你需将此牌借给一名与你位于同一地点的其他玩家才可打出。 残留：每回合结束时，奥德修斯偷取此牌的控制者1点战果。 之后回合的战斗阶段，若奥德修斯与控制者处于交战状态， 令此牌返回奥德修斯的攻击区并于战斗阶段结束后关闭此牌。 战术支援-你的β特殊属性攻击+3威力。
964,01从者\000已有从者\04骑兵\骑兵-奥德修斯\旧\终焉的大木马.png,analyzed,2,卡牌控制权/跨玩家区域转移 | 逐条语义审阅的规则原文：宝具 3 3& 终焉的大木马 你需将此牌借给一名与你位于同一地点的其他玩家才可打出。 残留：每回合结束时，奥德修斯偷取此牌的控制者1点战果。 之后回合的战斗阶段，若奥德修斯与控制者处于交战状态， 令此牌返回奥德修斯的攻击区并于战斗阶段结束后关闭此牌。 战术支援-你的β特殊属性攻击+3威力。
965,01从者\000已有从者\04骑兵\骑兵-奥德修斯\旧\骑兵-骑乘.png,analyzed,2,逐条语义审阅的规则原文：特殊 300& 骑乘 行动阶段：从手牌中追加打出至多3张基本威力3及以下的牌。
966,01从者\000已有从者\04骑兵\骑兵-奥德修斯\神体结界.png,analyzed,2,原子位置交换/成组强制移动 | 逐条语义审阅的规则原文：特殊 宝具 7 5K 神体结界 【真名解放】 行动阶段：所有玩家依次逆着箭头移动至下一地点除非其 支付4点魔力。没有移动的玩家合计威力-5。每个空间的移 动成本+2。
967,01从者\000已有从者\04骑兵\骑兵-安妮 ，玛莉\3.6.1棉布杰克.png,analyzed,2,逐条语义审阅的规则原文：宝具 棉布杰克 海盗本色-被动：当你赢得战斗后，偷取此战斗其他胜利 者因获胜获得的战果。 被动/前哨阶段：弃置一张手牌，若你未独自位于战场或 花费2点魔力，将一张游戏外临时的【接舷突击】事件牌 加入你所在的战场直至回合结束。
968,01从者\000已有从者\04骑兵\骑兵-安妮 ，玛莉\3.6.1比翼连理.png,analyzed,2,全局事件/局势牌区访问与转移 | 逐条语义审阅的规则原文：宝具 比翼连理 O 【真名解放】 配合-行动阶段：展示你牌堆顶和底的牌，若它们分别属于 安妮和玛莉，你可以花费4点魔力将它们加入攻击且你本回 合可额外使用一次配合，否则将其弃置。
969,01从者\000已有从者\04骑兵\骑兵-安妮 ，玛莉\3.6.1绚丽的海盗公主.png,analyzed,2,逐条语义审阅的规则原文：米 力量 敏捷 3K 绚丽的海盗公主 2 双妹-被动：你的米力量攻击和【幸运】属于安妮·伯妮， 你的&敏捷攻击和【疾行】属于玛莉·瑞德。 劫掠准备-被动/前哨阶段：将你的两张手牌分别放置于牌堆 顶和底，若如此做，你获得+4合计威力。
970,01从者\000已有从者\04骑兵\骑兵-安妮 ，玛莉\事件-接舷突击.png,analyzed,2,逐条语义审阅的规则原文：2 接艇突击 Fate/Grand Order Oceanus 此战场的玩家手牌和技能区中的区特殊攻击+2 魔力消耗。 每有一名位于此战场的对手，玩家便需花费2点 魔力才可进入此战场。
971,01从者\000已有从者\04骑兵\骑兵-安妮 ，玛莉\安妮和玛莉.jpg,non_rule,2,仅为从者/牌面数值、卡背、标记或目录占位图，未见可执行规则文字
972,01从者\000已有从者\04骑兵\骑兵-安妮 ，玛莉\旧\棉布杰克.png,analyzed,2,逐条语义审阅的规则原文：宝具 488882 棉布杰克 接弦突击-被动/前哨阶段：花费2点魔力并弃置一张手 牌，将一张游戏外临时的【吓】事件牌加入你所在的 战场直至回合结束。
973,01从者\000已有从者\04骑兵\骑兵-安妮 ，玛莉\旧\比翼连理.jpg,analyzed,2,逐条语义审阅的规则原文：宝具 比翼连理 【真名解放】 配合-行动阶段：展示你牌堆顶和底的牌，若它们分别属于 安妮和玛莉，你可以花费3点魔力将它们打出且你本回合可 额外使用一次配合，否则将其弃置。
974,01从者\000已有从者\04骑兵\骑兵-安妮 ，玛莉\旧\绚丽的海盗公主.png,analyzed,2,逐条语义审阅的规则原文：米 力量 敏捷 3K 绚丽的海盗公主 2 双妹-被动：你的米力量攻击和【幸运】属于安妮·伯妮， 你的敏捷攻击和【疾行】属于玛莉·瑞德。 劫掠准备-被动/前哨阶段：将你的两张手牌分别放置于牌堆 顶和底，若如此做，你获得+4合计威力。
975,01从者\000已有从者\04骑兵\骑兵-尼莫3.6DIY\3.1更新骑乘.png,analyzed,2,逐条语义审阅的规则原文：Special 300K 骑乘 打出时：若此牌与一张基础攻击一同打出，抽一张牌。 坐骑召唤-行动阶段：打出至多3张基本威力为3或更低的手 牌。
976,01从者\000已有从者\04骑兵\骑兵-尼莫3.6DIY\分割思考.png,analyzed,2,卡牌附件/叠放区 | 逐条语义审阅的规则原文：【幸运】 一【尼莫护士】 【远隔】【尼莫烘焙师】 【疾行】 三【尼莫引擎】 其他一相应属性的【尼莫水兵 分割思考 【真名解放】 <每局游戏限一次> 被动：每回合前哨阶段限一次，花费2X-1点魔力，将X张 基础牌明置于此牌上后抽等量的牌。 被动/行动阶段：移除此牌上的所有牌，将相应的【船员】 从游戏外加入你的手牌并于回合结束时将这些牌弃置。
977,01从者\000已有从者\04骑兵\骑兵-尼莫3.6DIY\尼莫船员 (1).png,analyzed,2,逐条语义审阅的规则原文：米 力量 尼莫水兵 0 3K 【船员】 报道！-行动阶段：你获得2点合计威力。
978,01从者\000已有从者\04骑兵\骑兵-尼莫3.6DIY\尼莫船员 (10).png,analyzed,2,逐条语义审阅的规则原文：魔术 尼莫水兵 3K 【船员】 报道！-行动阶段：你获得2点合计威力。
979,01从者\000已有从者\04骑兵\骑兵-尼莫3.6DIY\尼莫船员 (11).png,analyzed,2,逐条语义审阅的规则原文：魔术 尼莫水兵 3K 【船员】 报道！-行动阶段：你获得2点合计威力。
980,01从者\000已有从者\04骑兵\骑兵-尼莫3.6DIY\尼莫船员 (12).png,analyzed,2,逐条语义审阅的规则原文：敏捷 尼莫水兵 O 3K 【船员】 报道！-行动阶段：你获得2点合计威力。
981,01从者\000已有从者\04骑兵\骑兵-尼莫3.6DIY\尼莫船员 (13).png,analyzed,2,逐条语义审阅的规则原文：敏捷 尼莫水兵 O 3K 【船员】 报道！-行动阶段：你获得2点合计威力。
982,01从者\000已有从者\04骑兵\骑兵-尼莫3.6DIY\尼莫船员 (14).png,analyzed,2,逐条语义审阅的规则原文：米 力量 尼莫水兵 0 3K 【船员】 报道！-行动阶段：你获得2点合计威力。
983,01从者\000已有从者\04骑兵\骑兵-尼莫3.6DIY\尼莫船员 (15).png,analyzed,2,逐条语义审阅的规则原文：敏捷 尼莫水兵 O 3K 【船员】 报道！-行动阶段：你获得2点合计威力。
984,01从者\000已有从者\04骑兵\骑兵-尼莫3.6DIY\尼莫船员 (16).png,analyzed,2,逐条语义审阅的规则原文：米 力量 尼莫水兵 0 3K 【船员】 报道！-行动阶段：你获得2点合计威力。
985,01从者\000已有从者\04骑兵\骑兵-尼莫3.6DIY\尼莫船员 (17).png,analyzed,2,逐条语义审阅的规则原文：敏捷 尼莫水兵 O 3K 【船员】 报道！-行动阶段：你获得2点合计威力。
986,01从者\000已有从者\04骑兵\骑兵-尼莫3.6DIY\尼莫船员 (18).png,analyzed,2,逐条语义审阅的规则原文：米 力量 尼莫水兵 0 3K 【船员】 报道！-行动阶段：你获得2点合计威力。
987,01从者\000已有从者\04骑兵\骑兵-尼莫3.6DIY\尼莫船员 (2).png,analyzed,2,逐条语义审阅的规则原文：特殊 3& 尼莫烘焙师 【船员】 行动阶段：将你的地利翻至三倍。 甜蜜气息-战斗阶段：与你位于同一战场的玩家获得1点战 果，若你获胜，你获得2点战果。
988,01从者\000已有从者\04骑兵\骑兵-尼莫3.6DIY\尼莫船员 (3).png,analyzed,2,逐条语义审阅的规则原文：米 力量 尼莫水兵 0 3K 【船员】 报道！-行动阶段：你获得2点合计威力。
989,01从者\000已有从者\04骑兵\骑兵-尼莫3.6DIY\尼莫船员 (4).png,analyzed,2,逐条语义审阅的规则原文：特殊 尼莫护士 3K O 【船员】 天使医护-行动阶段：你不受其他玩家的能力影响。
990,01从者\000已有从者\04骑兵\骑兵-尼莫3.6DIY\尼莫船员 (5).png,analyzed,2,逐条语义审阅的规则原文：特殊 3& 尼莫工程师 【船员】 热情似火-行动阶段：沿或逆箭头移动一步并保留你的地利。
991,01从者\000已有从者\04骑兵\骑兵-尼莫3.6DIY\尼莫船员 (6).png,analyzed,2,逐条语义审阅的规则原文：敏捷 尼莫水兵 O 3K 【船员】 报道！-行动阶段：你获得2点合计威力。
992,01从者\000已有从者\04骑兵\骑兵-尼莫3.6DIY\尼莫船员 (7).png,analyzed,2,逐条语义审阅的规则原文：魔术 尼莫水兵 3K 【船员】 报道！-行动阶段：你获得2点合计威力。
993,01从者\000已有从者\04骑兵\骑兵-尼莫3.6DIY\尼莫船员 (8).png,analyzed,2,逐条语义审阅的规则原文：魔术 尼莫水兵 3K 【船员】 报道！-行动阶段：你获得2点合计威力。
994,01从者\000已有从者\04骑兵\骑兵-尼莫3.6DIY\尼莫船员 (9).png,analyzed,2,逐条语义审阅的规则原文：魔术 尼莫水兵 3K 【船员】 报道！-行动阶段：你获得2点合计威力。
995,01从者\000已有从者\04骑兵\骑兵-尼莫3.6DIY\尼莫（3.6diy）.png,non_rule,2,仅为从者/牌面数值、卡背、标记或目录占位图，未见可执行规则文字
996,01从者\000已有从者\04骑兵\骑兵-尼莫3.6DIY\鹦鹉螺号.png,analyzed,2,逐条语义审阅的规则原文：宝具 鹦鹉螺号 3& 4 旅途的引导-残留：你于常规出牌打出【船员】时抽一张牌。 虚数潜航-行动阶段：每回合限一次，将你从桌面移除游戏， 然后重新部署于一处战场，令与虚数潜航冲突的规则或效果 无效化直至回合结束并于回合结束时关闭此牌。
997,01从者\000已有从者\04骑兵\骑兵-尼莫\atk\尼莫工程师.png,analyzed,2,逐条语义审阅的规则原文：特殊 2K 尼莫工程师 【尼莫】 热情似火-行动阶段：将你的地利翻倍。你可再发动一次热 情似火，若如此做，回合结束时将此牌移除游戏。 博爱-战斗阶段：令同一战场的玩家获得1点战果。若你赢 得战斗，你获得3点战果。
998,01从者\000已有从者\04骑兵\骑兵-尼莫\atk\尼莫护士.png,analyzed,2,调用或重放指定卡牌能力 | 逐条语义审阅的规则原文：特殊 尼莫护士 4& 【尼莫】 天使医护-打出时：你可以额外花费2点魔力令此牌获得： “此牌残留至下个回合结束并且下个回合中此牌威力-2。 若如此做，此牌关闭时改为移除游戏。 常规治疗-战斗阶段：你无视【败北】效果。
999,01从者\000已有从者\04骑兵\骑兵-尼莫\atk\尼莫教授.png,analyzed,2,调用或重放指定卡牌能力 | 逐条语义审阅的规则原文：特殊 尼莫教授 【 尼莫】 被动：当【尼莫教授】位于牌堆内时，始终位于牌堆顶。 作战制定-残留：前哨阶段，将至多一张【尼莫】从牌库或弃牌堆加入手牌。 解析-战斗阶段：花费3点魔力，打出一张【尼莫】。你可以发动其行动阶段 能力。回合结束时，将因解析打出的【尼莫】移除游戏并令此牌返回牌堆内。
1000,01从者\000已有从者\04骑兵\骑兵-尼莫\atk\尼莫水兵红x3.png,analyzed,2,逐条语义审阅的规则原文：米 力量 3& 尼莫水兵 【尼莫】 报到！-唯一/被动/行动阶段：弃置此牌，抽一张牌。或移除 此牌，抽一张牌并获得2点合计威力。
1001,01从者\000已有从者\04骑兵\骑兵-尼莫\atk\尼莫水兵绿x2.png,analyzed,2,逐条语义审阅的规则原文：敏捷 3& 尼莫水兵 【尼莫】 报到！-唯一/被动/行动阶段：弃置此牌，抽一张牌。或移除 此牌，抽一张牌并获得2点合计威力。
1002,01从者\000已有从者\04骑兵\骑兵-尼莫\atk\尼莫水兵蓝x2.png,analyzed,2,逐条语义审阅的规则原文：魔术 3& 尼莫水兵 【尼莫】 报到！-唯一/被动/行动阶段：弃置此牌，抽一张牌。或移除 此牌，抽一张牌并获得2点合计威力。
1003,01从者\000已有从者\04骑兵\骑兵-尼莫\atk\尼莫烘焙师.png,analyzed,2,逐条语义审阅的规则原文：特殊 尼莫烘焙师 1K 【尼莫】 家的味道-行动阶段：令X张被移除游戏的，游戏外的【尼 莫】返回弃牌堆，然后获得X点魔力或2X点合计威力。
1004,01从者\000已有从者\04骑兵\骑兵-尼莫\atk\鹦鹉螺的大冲角.png,analyzed,2,逐条语义审阅的规则原文：宝具 吾将远征 OK 鹦鹉螺的大冲角 【真名解放】 <每局游戏限一次> 海底两万里-行动阶段：支付X点魔力，从手牌、牌堆和弃牌 库打出X张名称不同的【尼莫】。
1005,01从者\000已有从者\04骑兵\骑兵-尼莫\skill\3.4更新分割思考.png,analyzed,2,卡牌附件/叠放区 | 逐条语义审阅的规则原文：特殊 分割思考 被动/行动阶段：花费2X-1点魔力，将X张手牌背面朝上放 置于此牌上。你无法于【分割思考】上放置卡名相同的牌 （非β特殊属性的同属性基础牌视为同一卡名）。 齐心协力-行动阶段：打出所有此牌上非本回合被放置的牌。
1006,01从者\000已有从者\04骑兵\骑兵-尼莫\skill\3.4更新海神加护.png,analyzed,2,逐条语义审阅的规则原文：海神的加护 唤潮之佑-被动：计算你的威力时，你可以视为受到所有 你本回合停留过的地点的事件牌影响。 疏通航道-被动/行动阶段：从深山町移动至新都，或从新 都移动至深山町。
1007,01从者\000已有从者\04骑兵\骑兵-尼莫\skill\新.png,analyzed,2,卡牌附件/叠放区 | 逐条语义审阅的规则原文：特殊 分割思考 0V 被动/行动阶段：花费2X-1点魔力，将X张手牌背面朝上放 置于此牌上。你无法于【分割思考】上放置卡名相同的牌 （非β特殊属性的同属性基础牌视为同一卡名）。 齐心协力-行动阶段：打出任意张非你本回合放置于【分割 思考】上的牌。
1008,01从者\000已有从者\04骑兵\骑兵-尼莫\skill\旧\3.1更新骑乘.png,analyzed,2,逐条语义审阅的规则原文：Special 300K 骑乘 打出时：若此牌与一张基础攻击一同打出，抽一张牌。 坐骑召唤-行动阶段：打出至多3张基本威力为3或更低的手 牌。
1009,01从者\000已有从者\04骑兵\骑兵-尼莫\skill\旧\分割思考.png,analyzed,2,卡牌附件/叠放区 | 逐条语义审阅的规则原文：特殊 分割思考 被动/行动阶段：花费2X-1点魔力，将X张手牌正面朝上放 置于此牌上。你无法于【分割思考】上放置卡名相同的牌 （非β特殊属性的同属性基础牌视为同一卡名）。 齐心协力-行动阶段：打出所有非你本回合放置的，【分割 思考】上的牌。
1010,01从者\000已有从者\04骑兵\骑兵-尼莫\skill\海神的加护.png,analyzed,2,逐条语义审阅的规则原文：海神的加护 唤潮之佑-被动：计算你的威力时，你可以视为受到所有 你本回合停留过的地点的事件牌影响。 疏通航道-被动/行动阶段：从深山町移动至新都，或从新 都移动至深山町。若你以此效果进行了移动，+2合计威力。
1011,01从者\000已有从者\04骑兵\骑兵-尼莫\skill\鹦鹉螺号.png,analyzed,2,逐条语义审阅的规则原文：宝具 10& 鹦鹉螺号 5 残留：每当你部署于魔术工房，此牌威力+1直至被关闭。 大冲角-行动阶段：【真名解放】。获得等同于此牌威力的 地利，战斗结束后关闭此牌。
1012,01从者\000已有从者\04骑兵\骑兵-尼莫\从者\尼莫.png,non_rule,2,仅为从者/牌面数值、卡背、标记或目录占位图，未见可执行规则文字
1013,01从者\000已有从者\04骑兵\骑兵-尼莫diy\3.1更新骑乘.png,analyzed,2,逐条语义审阅的规则原文：Special 300K 骑乘 打出时：若此牌与一张基础攻击一同打出，抽一张牌。 坐骑召唤-行动阶段：打出至多3张基本威力为3或更低的手 牌。
1014,01从者\000已有从者\04骑兵\骑兵-尼莫diy\3.2更新分割思考.jpg,analyzed,2,批量回收与牌库事务 | 逐条语义审阅的规则原文：分割思考 【真名解放】 <每局游戏限一次> 被动/前哨阶段：若你的从者是尼莫，你需花费7点魔力并 移除【骑乘】和【次元境界穿孔舰】以外尼莫的所有牌， 然后以【尼莫】组成一副新的牌库使用并将你的手牌补至 上限。
1015,01从者\000已有从者\04骑兵\骑兵-尼莫diy\3.2更新尼莫工程师.jpg,analyzed,2,逐条语义审阅的规则原文：特殊 2K 尼莫工程师 【尼莫】 热情似火一行动阶段：将你的地利翻倍。你可以改为三倍化 你的地利，若如此做，回合结束时将此牌移除游戏。 博爱-战斗阶段：令同一战场的玩家获得1点战果。若你赢 得战斗，你获得3点战果。
1016,01从者\000已有从者\04骑兵\骑兵-尼莫diy\3.2更新尼莫护士.jpg,analyzed,2,逐条语义审阅的规则原文：特殊 4& 尼莫护士 【尼莫】 天使医护一战斗阶段：你无视【败北】效果。你可以改为 你于本回合不受其他玩家的能力影响，若如此做，回合结 束时将此牌移除游戏。
1017,01从者\000已有从者\04骑兵\骑兵-尼莫diy\3.2更新尼莫教授.jpg,analyzed,2,逐条语义审阅的规则原文：特殊 尼莫教授 1& 【尼莫】 被动：当此牌位于牌堆内时，始终位于牌堆顶。 作战制定-残留：前哨阶段，将至多一张【尼莫】从牌库或弃 牌堆展示并加入手牌，你可以改为从游戏外将一张【尼莫】 展示加入手牌，若如此做，回合结束时将此牌移除游戏。
1018,01从者\000已有从者\04骑兵\骑兵-尼莫diy\3.2更新鹦鹉螺.jpg,analyzed,2,逐条语义审阅的规则原文：宝具 吾将远征 鹦鹉螺的大冲角 【真名解放】 <每局游戏限一次> 海底两万里-行动阶段：若你是尼莫船长，你可以花费X点魔 力，从任意处（包括游戏外）打出x张名称不同的【尼莫】。
1019,01从者\000已有从者\04骑兵\骑兵-尼莫diy\atk\尼莫水兵红x3.png,analyzed,2,逐条语义审阅的规则原文：米 力量 3& 尼莫水兵 【尼莫】 报到！-唯一/被动/行动阶段：弃置此牌，抽一张牌。或移除 此牌，抽一张牌并获得2点合计威力。
1020,01从者\000已有从者\04骑兵\骑兵-尼莫diy\atk\尼莫水兵绿x2.png,analyzed,2,逐条语义审阅的规则原文：敏捷 3& 尼莫水兵 【尼莫】 报到！-唯一/被动/行动阶段：弃置此牌，抽一张牌。或移除 此牌，抽一张牌并获得2点合计威力。
1021,01从者\000已有从者\04骑兵\骑兵-尼莫diy\atk\尼莫水兵蓝x2.png,analyzed,2,逐条语义审阅的规则原文：魔术 3& 尼莫水兵 【尼莫】 报到！-唯一/被动/行动阶段：弃置此牌，抽一张牌。或移除 此牌，抽一张牌并获得2点合计威力。
1022,01从者\000已有从者\04骑兵\骑兵-尼莫diy\atk\尼莫烘焙师.png,analyzed,2,逐条语义审阅的规则原文：特殊 尼莫烘焙师 1K 【尼莫】 家的味道-行动阶段：令X张被移除游戏的，游戏外的【尼 莫】返回弃牌堆，然后获得X点魔力或2X点合计威力。
1023,01从者\000已有从者\04骑兵\骑兵-尼莫diy\尼莫diy (1).png,non_rule,2,仅为从者/牌面数值、卡背、标记或目录占位图，未见可执行规则文字
1024,01从者\000已有从者\04骑兵\骑兵-尼莫diy\尼莫diy (2).png,non_rule,2,仅为从者/牌面数值、卡背、标记或目录占位图，未见可执行规则文字
1025,01从者\000已有从者\04骑兵\骑兵-尼莫diy\旧\httpcloud3steamusercontentcomugc18887249943768039060473C28B47922B8D4D28631D4ECA486AB456F385.png,analyzed,2,逐条语义审阅的规则原文：宝具 吾将远征 鹦鹉螺的大冲角 【真名解放】 <每局游戏限一次> 海底两万里-行动阶段：支付X点魔力，从任意处（包括游戏 外）打出X张名称不同的【尼莫】。
1026,01从者\000已有从者\04骑兵\骑兵-尼莫diy\旧\尼莫工程师.png,analyzed,2,逐条语义审阅的规则原文：特殊 2K 尼莫工程师 【尼莫】 热情似火-行动阶段：将你的地利翻倍。你可再发动一次热 情似火，若如此做，回合结束时将此牌移除游戏。 博爱-战斗阶段：令同一战场的玩家获得1点战果。若你赢 得战斗，你获得3点战果。
1027,01从者\000已有从者\04骑兵\骑兵-尼莫diy\旧\尼莫护士.png,analyzed,2,逐条语义审阅的规则原文：特殊 尼莫护士 4& 【尼莫】 天使医护-打出时：你可以额外花费2点魔力令此牌获得： “此牌残留至下个回合结束并且下个回合中此牌威力-2。 若如此做，此牌关闭时改为移除游戏。 常规治疗-战斗阶段：你无视【败北】效果。
1028,01从者\000已有从者\04骑兵\骑兵-尼莫diy\旧\尼莫教授.png,analyzed,2,调用或重放指定卡牌能力 | 逐条语义审阅的规则原文：特殊 尼莫教授 【 尼莫】 被动：当【尼莫教授】位于牌堆内时，始终位于牌堆顶。 作战制定-残留：前哨阶段，将至多一张【尼莫】从牌库或弃牌堆加入手牌。 解析-战斗阶段：花费3点魔力，打出一张【尼莫】。你可以发动其行动阶段 能力。回合结束时，将因解析打出的【尼莫】移除游戏并令此牌返回牌堆内。
1029,01从者\000已有从者\04骑兵\骑兵-尼莫diy\旧\骑-尼莫diy (1).png,analyzed,2,批量回收与牌库事务 | 逐条语义审阅的规则原文：分割思考 【真名解放】 <每局游戏限一次> X为12－（当前回合数×2） 被动/前哨阶段：花费X点魔力，从牌库，弃牌堆以及手牌 移除尼莫的所有牌；以【尼莫】组成一副新的牌库使用并 将你的手牌补至上限。
1030,01从者\000已有从者\04骑兵\骑兵-尼莫diy\旧\鹦鹉螺的大冲角.png,analyzed,2,逐条语义审阅的规则原文：宝具 吾将远征 OK 鹦鹉螺的大冲角 【真名解放】 <每局游戏限一次> 海底两万里-行动阶段：支付X点魔力，从手牌、牌堆和弃牌 库打出X张名称不同的【尼莫】。
1031,01从者\000已有从者\04骑兵\骑兵-尼莫diy\骑-尼莫diy (3).png,analyzed,2,逐条语义审阅的规则原文：宝具 2 2& 次元境界穿孔舰 旅途的引导-残留：此牌激活时，局势牌不会禁止虚数潜航 的使用。当你使用虚数潜航的回合结束时，关闭此牌。 虚数潜航-行动阶段：花费3点魔力，将你从桌面上移除游戏， 重新部署于任意位置并令任何与虚数潜航冲突的规则或效果 无效化。（包括已被占领的地利、侦查等）
1032,01从者\000已有从者\04骑兵\骑兵-巴沙洛缪·罗伯茨\3.1更新骑乘.png,analyzed,2,逐条语义审阅的规则原文：Special 300K 骑乘 打出时：若此牌与一张基础攻击一同打出，抽一张牌。 坐骑召唤-行动阶段：打出至多3张基本威力为3或更低的手 牌。
1033,01从者\000已有从者\04骑兵\骑兵-巴沙洛缪·罗伯茨\巴沙洛缪·罗伯茨.png,non_rule,2,仅为从者/牌面数值、卡背、标记或目录占位图，未见可执行规则文字
1034,01从者\000已有从者\04骑兵\骑兵-巴沙洛缪·罗伯茨\海盗绅士.png,analyzed,2,逐条语义审阅的规则原文：特殊 海盗绅士 001K 会谈-行动阶段：选择一张你所在战场的事件牌，所有位于 此地点的对手可以支付2点魔力，你和所有支付的玩家一起 平分该事件牌的战果（向上取整）然后弃置该牌，除非所有 人都拒绝支付。
1035,01从者\000已有从者\04骑兵\骑兵-巴沙洛缪·罗伯茨\骑兵-骑乘.png,analyzed,2,逐条语义审阅的规则原文：特殊 300& 骑乘 行动阶段：从手牌中追加打出至多3张基本威力3及以下的牌。
1036,01从者\000已有从者\04骑兵\骑兵-巴沙洛缪·罗伯茨\高贵海盗准男爵的咆哮.png,analyzed,2,逐条语义审阅的规则原文：力量 宝具 5 19K 高贵海盗准男爵的咆哮 【真名解放】 被动/行动阶段：花费3点魔力，若你使用【会谈】时至少有 一名其他玩家拒绝支付，将此牌加入攻击。 行动阶段：沿/逆着箭头移动至下一地点。
1037,01从者\000已有从者\04骑兵\骑兵-布狄卡\3.1更新骑乘.png,analyzed,2,逐条语义审阅的规则原文：Special 300K 骑乘 打出时：若此牌与一张基础攻击一同打出，抽一张牌。 坐骑召唤-行动阶段：打出至多3张基本威力为3或更低的手 牌。
1038,01从者\000已有从者\04骑兵\骑兵-布狄卡\布狄卡.png,non_rule,2,仅为从者/牌面数值、卡背、标记或目录占位图，未见可执行规则文字
1039,01从者\000已有从者\04骑兵\骑兵-布狄卡\无以誓约守护之车轮.png,analyzed,2,逐条语义审阅的规则原文：宝具 4 无以誓约守护之车轮 【真名解放】 <每局游戏限一次> 残留：对手不能关闭你的牌。 战斗阶段：花费2点魔力，沿着箭头移动一步。 战斗阶段：获得5点合计威力，战斗阶段结束后关闭此牌。
1040,01从者\000已有从者\04骑兵\骑兵-布狄卡\无以誓约胜利之剑.png,analyzed,2,逐条语义审阅的规则原文：米 力量 宝具 5K 无以誓约胜利之剑 当你输掉一场战斗时，失去1点战果。 被动/前哨阶段：弃置一张【幸运】，抽一张牌。本回合获 得5点合计威力，若你本回合赢得战斗，每有一名回合顺位 在你之后的玩家便获得1点战果，若你没有赢得战斗，失去 2点战果。
1041,01从者\000已有从者\04骑兵\骑兵-布狄卡\骑兵-骑乘.png,analyzed,2,逐条语义审阅的规则原文：特殊 300& 骑乘 行动阶段：从手牌中追加打出至多3张基本威力3及以下的牌。
1042,01从者\000已有从者\04骑兵\骑兵-幼帝亚历山大diy\3.1更新 (1).png,analyzed,2,逐条语义审阅的规则原文：敏捷 宝具 神之祝福 2K 【真名解放】 宙斯的雷霆-行动阶段：花费5点魔力，你控制的基本威力 为2的攻击基本威力增加至5，你的【红颜美少年】基本威 力-3至本局游戏结束。
1043,01从者\000已有从者\04骑兵\骑兵-幼帝亚历山大diy\3.1更新 (2).png,analyzed,2,逐条语义审阅的规则原文：★魔术 红颜美少年 9K 神性-若你获胜，你不获得竞争战果，改为令战斗中的其他 战败者获得2点战果。
1044,01从者\000已有从者\04骑兵\骑兵-幼帝亚历山大diy\3.1更新 (3).png,analyzed,2,逐条语义审阅的规则原文：宝具 3 3K 初始的躁制霸 【真名解放】 骑乘-行动阶段：抽一张牌，从手牌中打出至多3张基本威力 3及以下的牌。
1045,01从者\000已有从者\04骑兵\骑兵-幼帝亚历山大diy\旧\3.1更新骑乘.png,analyzed,2,逐条语义审阅的规则原文：Special 300K 骑乘 打出时：若此牌与一张基础攻击一同打出，抽一张牌。 坐骑召唤-行动阶段：打出至多3张基本威力为3或更低的手 牌。
1046,01从者\000已有从者\04骑兵\骑兵-幼帝亚历山大diy\旧\亚历山大.png,non_rule,2,仅为从者/牌面数值、卡背、标记或目录占位图，未见可执行规则文字
1047,01从者\000已有从者\04骑兵\骑兵-幼帝亚历山大diy\旧\初始的躁購制霸.png,analyzed,2,逐条语义审阅的规则原文：迅捷 宝具 7K 初始的躁制霸 4 【真名解放】 打出时：选择一名交战对手，对方受局势牌、事件牌影响的 攻击牌属性全部转为&迅捷。然后你和该对手移动至另一处 战场。
1048,01从者\000已有从者\04骑兵\骑兵-幼帝亚历山大diy\旧\神之祝福.png,analyzed,2,逐条语义审阅的规则原文：神之祝福 被动/行动阶段：花费2点魔力，本回合亚历山大打出的区特 殊牌获得&迅捷属性，且这些牌无法被【初始的躁制霸】 所选的对手降低威力或关闭。
1049,01从者\000已有从者\04骑兵\骑兵-幼帝亚历山大diy\旧\骑兵-骑乘.png,analyzed,2,逐条语义审阅的规则原文：特殊 300& 骑乘 行动阶段：从手牌中追加打出至多3张基本威力3及以下的牌。
1050,01从者\000已有从者\04骑兵\骑兵-幼帝亚历山大diy\骑-幼年亚历山大.png,non_rule,2,仅为从者/牌面数值、卡背、标记或目录占位图，未见可执行规则文字
1051,01从者\000已有从者\04骑兵\骑兵-弗朗西斯·德雷克\3.1更新骑乘.png,analyzed,2,逐条语义审阅的规则原文：Special 300K 骑乘 打出时：若此牌与一张基础攻击一同打出，抽一张牌。 坐骑召唤-行动阶段：打出至多3张基本威力为3或更低的手 牌。
1052,01从者\000已有从者\04骑兵\骑兵-弗朗西斯·德雷克\弗朗西斯·德雷克.png,non_rule,2,仅为从者/牌面数值、卡背、标记或目录占位图，未见可执行规则文字
1053,01从者\000已有从者\04骑兵\骑兵-弗朗西斯·德雷克\暴风雨的航海家.png,analyzed,2,逐条语义审阅的规则原文：特殊 2 X& 暴风雨的航海家 【真名解放】 X为你本回合移动距离的4倍。 被动：你的【急行】可以反向移动。 劫掠-战斗阶段：本回合每经过或停留一个战场获得1战果。
1054,01从者\000已有从者\04骑兵\骑兵-弗朗西斯·德雷克\骑兵-骑乘.png,analyzed,2,逐条语义审阅的规则原文：特殊 300& 骑乘 行动阶段：从手牌中追加打出至多3张基本威力3及以下的牌。
1055,01从者\000已有从者\04骑兵\骑兵-弗朗西斯·德雷克\黄金鹿与暴风夜.png,analyzed,2,逐条语义审阅的规则原文：宝具 7 13K 黄金鹿与暴风夜 【真名解放】 战斗阶段：如果无人与你对战，获得你所处战场上的所有事 件牌的战果并弃置它们。如果你在侦察，立刻获得2点战果。 无视花费移动至任一地点。
1056,01从者\000已有从者\04骑兵\骑兵-曲亭马琴\3.4.1更新南总里见八犬传.png,analyzed,2,逐条语义审阅的规则原文：宝具 8& 南总里见八犬传 4 戏作三昧-被动：当一名从者首次【真名解放】时，你可以 记录该从者的牌中的一个未被记录过的名字，称为犬士。 打出时：你【真名解放】并视为提到了所有犬士。 被动/行动阶段：移除一名犬士和一张手牌，将游戏外的随机 一张【八犬士】加入手牌。此效果不会因局势牌被禁止使用。
1057,01从者\000已有从者\04骑兵\骑兵-曲亭马琴\3.4.1更新名诠自性.png,analyzed,2,逐条语义审阅的规则原文：名诠自性 被动：游戏开始时秘密记录曲亭马琴和伏姬作为犬士。 每回合限一次，当因从者效果提到一个名字时，你可以将自 已的从者名更改为被该效果提及的名字且你的攻击与合计威 力同时受该效果影响直至你再次更改（不影响加入攻击等）。
1058,01从者\000已有从者\04骑兵\骑兵-曲亭马琴\ATK-八犬士1.jpg,analyzed,2,逐条语义审阅的规则原文：米 力量 格析 亭 3K 八犬士·亲兵卫 0 仁-战斗阶段：你的米力量攻击+1威力。
1059,01从者\000已有从者\04骑兵\骑兵-曲亭马琴\ATK-八犬士2.jpg,analyzed,2,逐条语义审阅的规则原文：敏捷 择析 亭 八犬士·庄助 3K O 义-战斗阶段：你的敏捷攻击+1威力。
1060,01从者\000已有从者\04骑兵\骑兵-曲亭马琴\ATK-八犬士3.jpg,analyzed,2,逐条语义审阅的规则原文：魔术 择析 亭 3K 八犬士·大角 礼-战斗阶段：你的×魔术攻击+1威力。
1061,01从者\000已有从者\04骑兵\骑兵-曲亭马琴\ATK-八犬士4.jpg,analyzed,2,逐条语义审阅的规则原文：米 力量 敏捷 X魔术 琴亭 八犬士·道节 1K 0 忠一战斗阶段：你的攻击+1威力。
1062,01从者\000已有从者\04骑兵\骑兵-曲亭马琴\ATK-八犬士5.jpg,analyzed,2,逐条语义审阅的规则原文：敏捷 亭 3& 八犬士·信乃 孝-行动阶段：无视交战状态，沿箭头移动至下一地点。
1063,01从者\000已有从者\04骑兵\骑兵-曲亭马琴\ATK-八犬士6.jpg,analyzed,2,逐条语义审阅的规则原文：米 力量 择析 亭 3K 八犬士·现八 信一行动阶段：打出一张基本威力为3或更低的手牌。 战斗阶段：你无视【败北】效果。
1064,01从者\000已有从者\04骑兵\骑兵-曲亭马琴\ATK-八犬士7.jpg,analyzed,2,逐条语义审阅的规则原文：魔术 择析 亭 八犬士·小文吾 3K 悌一行动阶段：翻倍你的地利。 战斗阶段：若你赢得战斗，获得2点战果。
1065,01从者\000已有从者\04骑兵\骑兵-曲亭马琴\ATK-八犬士8.jpg,analyzed,2,逐条语义审阅的规则原文：米 力量 敏捷 X魔术 琴亭 0 3K 八犬士·毛野 智-战斗阶段：此牌+1威力。
1066,01从者\000已有从者\04骑兵\骑兵-曲亭马琴\旧版\3.1版\曲亭马琴.jpg,non_rule,2,仅为从者/牌面数值、卡背、标记或目录占位图，未见可执行规则文字
1067,01从者\000已有从者\04骑兵\骑兵-曲亭马琴\旧版\3.1版\骑兵-曲亭马琴 (2).jpg,analyzed,2,逐条语义审阅的规则原文：特殊 仁义八行 3 被动：每当你以戏作三味记录一个名字，随机将游戏外的一 张【八犬士】加入手牌并于回合结束时将一张你手牌、牌库 或弃牌堆的基础牌移除游戏。 伏姬之灵珠-行动阶段：从手牌打出共计至多3张基本威力为 3或更低的攻击或【八犬士】。
1068,01从者\000已有从者\04骑兵\骑兵-曲亭马琴\旧版\3.1版\骑兵-曲亭马琴 (3).jpg,analyzed,2,逐条语义审阅的规则原文：名诠自性 被动：若你真名隐藏，每回合限一次，当提到从者名的效果生效时， 你可以将自已的从者名更改为被提及的一个名字并受到该效果影响 直至你再次使用此效果。当你首次【真名解放】后，你的从者名更 改为伏姬，你的【南总里见八犬传】获得 宝具属性，且若你以 戏作三味记录了五个及以上的名字，其基本威力和魔力消耗翻倍。
1069,01从者\000已有从者\04骑兵\骑兵-曲亭马琴\旧版\仁义八行.jpg,analyzed,2,逐条语义审阅的规则原文：特殊 仁义八行 3 0& 伏姬之灵珠一被动：每当你以戏作三味记录未作为犬士的名字时， 你可以随机将游戏外的X张【八犬士】加入手牌作为犬士（X为 你记录且未作为犬士的名字）并于回合结束时将X张你手牌、 牌库或弃牌堆的牌移除游戏。 行动阶段：从手牌打出共计至多3张基本威力为3或更低的攻击。
1070,01从者\000已有从者\04骑兵\骑兵-曲亭马琴\旧版\南总里见八犬传.jpg,analyzed,2,逐条语义审阅的规则原文：魔术 宝具 5 8K 南总里见八犬传 戏作三味一被动：当一名从者首次【真名解放】时，你可以记 录该从者的牌提到的所有未记录的名字称为犬士，你使用此牌 时视为提到了所有犬士。 被动/行动阶段：移除一个犬士和一张手牌，将游戏外的随机一 张【八犬士】加入手牌。
1071,01从者\000已有从者\04骑兵\骑兵-曲亭马琴\旧版\名诠自性.jpg,analyzed,2,逐条语义审阅的规则原文：名诠自性 被动：游戏开始时秘密记录曲亭马琴和伏姬。每回合限一 次，当因从者效果提到一个名字时，你可以将自己的从者 名更改为被该效果提及的名字且你同时受该效果影响直至 你再次更改。【南总里见八犬传】的威力+X，X为犬士数。 被动/行动阶段：【真名解放】。
1072,01从者\000已有从者\04骑兵\骑兵-曲亭马琴\旧版\曲亭马琴2.jpg,non_rule,2,仅为从者/牌面数值、卡背、标记或目录占位图，未见可执行规则文字
1073,01从者\000已有从者\04骑兵\骑兵-曲亭马琴\曲亭马琴.jpg,non_rule,2,仅为从者/牌面数值、卡背、标记或目录占位图，未见可执行规则文字
1074,01从者\000已有从者\04骑兵\骑兵-曲亭马琴\骑乘.jpg,analyzed,2,逐条语义审阅的规则原文：Special 300K 骑乘 打出时：若此牌与一张基础攻击一同打出，抽一张牌。 坐骑召唤-行动阶段：打出至多3张基本威力为3或更低的手 牌。
1075,01从者\000已有从者\04骑兵\骑兵-曼迪卡尔多\3.1更新骑乘.png,analyzed,2,逐条语义审阅的规则原文：Special 300K 骑乘 打出时：若此牌与一张基础攻击一同打出，抽一张牌。 坐骑召唤-行动阶段：打出至多3张基本威力为3或更低的手 牌。
1076,01从者\000已有从者\04骑兵\骑兵-曼迪卡尔多\3.6更新.png,non_rule,2,仅为从者/牌面数值、卡背、标记或目录占位图，未见可执行规则文字
1077,01从者\000已有从者\04骑兵\骑兵-曼迪卡尔多\不带剑的誓言.png,analyzed,2,逐条语义审阅的规则原文：米 力量 宝具 8K 不带剑的誓言 5 【真名解放】 顷刻一击-行动阶段：+5合计威力，战斗结束后，你的战果数每 于本回合超过一名对手，便获得1点战果，之后将此牌移除游戏。 若【不带剑的誓言】因此效果被移除，令曼迪卡尔多的【木剑】 获得顷刻一击并更改为“战斗阶段：”直至游戏结束。
1078,01从者\000已有从者\04骑兵\骑兵-曼迪卡尔多\曼迪卡尔多.png,non_rule,2,仅为从者/牌面数值、卡背、标记或目录占位图，未见可执行规则文字
1079,01从者\000已有从者\04骑兵\骑兵-曼迪卡尔多\木剑.png,non_rule,2,仅为从者/牌面数值、卡背、标记或目录占位图，未见可执行规则文字
1080,01从者\000已有从者\04骑兵\骑兵-曼迪卡尔多\骑兵-骑乘.png,non_rule,2,仅为从者/牌面数值、卡背、标记或目录占位图，未见可执行规则文字
1081,01从者\000已有从者\04骑兵\骑兵-梅芙\3.1更新.png,non_rule,2,仅为从者/牌面数值、卡背、标记或目录占位图，未见可执行规则文字
1082,01从者\000已有从者\04骑兵\骑兵-梅芙\3.1更新骑乘.png,analyzed,2,逐条语义审阅的规则原文：Special 300K 骑乘 打出时：若此牌与一张基础攻击一同打出，抽一张牌。 坐骑召唤-行动阶段：打出至多3张基本威力为3或更低的手 牌。
1083,01从者\000已有从者\04骑兵\骑兵-梅芙\httpcloud3steamusercontentcomugc2021590148523967177C5BE25578A2E68FEDA7FCC80D3D9368D369FA426.png,unclear,2,OCR无法可靠判定：目
1084,01从者\000已有从者\04骑兵\骑兵-梅芙\httpcloud3steamusercontentcomugc2021590148523973886AF173768B20B47970D5A3536258643AA31A338DE.png,unclear,2,OCR无法可靠判定：3
1085,01从者\000已有从者\04骑兵\骑兵-梅芙\我心爱的钢铁战车.png,analyzed,2,战斗胜者/游戏流程改写 | 逐条语义审阅的规则原文：米 力量 宝具 2 7K 我心爱的钢铁战车 【真名解放】 战斗阶段：令一名你战斗中的胜者于下回合【拜服】。下个 回合前哨阶段，【拜服】者不进行部署，改为在你部署后， 部署于你所在的地点，你必须部署在一处至少可供2名玩家 部署的地点。
1086,01从者\000已有从者\04骑兵\骑兵-梅芙\旧\梅芙.png,non_rule,2,仅为从者/牌面数值、卡背、标记或目录占位图，未见可执行规则文字
1087,01从者\000已有从者\04骑兵\骑兵-梅芙\旧\骑兵-骑乘.png,analyzed,2,逐条语义审阅的规则原文：特殊 300& 骑乘 行动阶段：从手牌中追加打出至多3张基本威力3及以下的牌。
1088,01从者\000已有从者\04骑兵\骑兵-梅芙\蜂蜜酒.png,analyzed,2,逐条语义审阅的规则原文：宝具 我心爱的蜂蜜酒 5 【真名解放】 战斗阶段：令一名与你位于同一地点的对手于下回合【迷醉】。 下个回合结束时，你获得所有【迷醉】的对手本回合获得的 等量战果。若其获得的战果少于3点，其失去3点战果。
1089,01从者\000已有从者\04骑兵\骑兵-泳装黑saber diy\3.4.1更新不挠燃烧胜利之剑.png,analyzed,2,逐条语义审阅的规则原文：宝具 不挠燃烧胜利之剑 限定服务-被动：【赛克安斯】获得：“前哨阶段：花费1点魔力 并弃1张牌，然后抽2张牌。此效果每回合可使用两次。” 【选定之拖把】获得：“行动阶段：花费4点魔力，此牌每持续激 活一个回合便获得+2威力，然后于回合结束时关闭此牌。” 行动阶段：你每激活一个从者技能，便可打出一张手牌。
1090,01从者\000已有从者\04骑兵\骑兵-泳装黑saber diy\3.4.1更新赛克安斯.png,analyzed,2,逐条语义审阅的规则原文：敏捷 2K 赛克安斯 残留：前哨阶段你需花费1点魔力，否则关闭此牌。 打出时：此牌威力翻倍至回合结束。
1091,01从者\000已有从者\04骑兵\骑兵-泳装黑saber diy\3.4.1更新选定之拖把.png,analyzed,2,逐条语义审阅的规则原文：米 力量 宝具 2 【3K 选定之拖把 【真名解放】 残留：前哨阶段你需花费1点魔力，否则关闭此牌。 打出时：此牌威力翻倍至回合结束。
1092,01从者\000已有从者\04骑兵\骑兵-泳装黑saber diy\夏黑呆.png,non_rule,2,仅为从者/牌面数值、卡背、标记或目录占位图，未见可执行规则文字
1093,01从者\000已有从者\04骑兵\骑兵-泳装黑saber diy\旧\不挠燃烧胜利之剑.png,analyzed,2,逐条语义审阅的规则原文：宝具 5 5K 不挠燃烧胜利之剑 【真名解放】 被动：你每控制一张激活的阿尔托莉雅·潘德拉贡〔Alter〕的技能，便 可于常规攻击多打一张牌。 此牌可以追加打出。 限定服务-若你于本回合打出过【赛克安斯】和【选定之拖把】，此牌基 本威力翻倍至回合结束。
1094,01从者\000已有从者\04骑兵\骑兵-泳装黑saber diy\旧\赛克安斯.png,analyzed,2,逐条语义审阅的规则原文：敏捷 赛克安斯 2K 残留：准备阶段开始时，你需要花费2点魔力，否则关闭此牌。 重新装填-前哨阶段：弃置一张牌，抽两张牌。你可以花费1点 魔力重复此操作。
1095,01从者\000已有从者\04骑兵\骑兵-泳装黑saber diy\旧\选定之拖把.png,analyzed,2,逐条语义审阅的规则原文：米 力量 宝具 4K 选定之拖把 2 【真名解放】 残留：准备阶段开始时，你需要花费2点魔力，否则关闭此牌。 氮气加速-战斗阶段：使用一张你激活的【急行】的行动阶段能力。
1096,01从者\000已有从者\04骑兵\骑兵-爱德华·蒂奇\3.1更新骑乘.png,analyzed,2,逐条语义审阅的规则原文：Special 300K 骑乘 打出时：若此牌与一张基础攻击一同打出，抽一张牌。 坐骑召唤-行动阶段：打出至多3张基本威力为3或更低的手 牌。
1097,01从者\000已有从者\04骑兵\骑兵-爱德华·蒂奇\3.6安妮女王之复仇.png,analyzed,2,逐条语义审阅的规则原文：米 力量 宝具 4 8K 安妮女王之复仇 【真名解放】 行动阶段：打出一张你以【绅士之爱】移除的牌（若该牌 魔力消耗低于2，将其增加至2）。并于战斗阶段结束后将 此牌移除游戏。
1098,01从者\000已有从者\04骑兵\骑兵-爱德华·蒂奇\安妮女王之复仇.png,analyzed,2,逐条语义审阅的规则原文：米 力量 宝具 4 8K 安妮女王之复仇 【真名解放】 行动阶段：支付2点魔力，打出一张你以【绅士之爱】移除 的牌，战斗阶段结束后，将以此效果打出的牌移除。
1099,01从者\000已有从者\04骑兵\骑兵-爱德华·蒂奇\爱德华蒂奇.png,non_rule,2,仅为从者/牌面数值、卡背、标记或目录占位图，未见可执行规则文字
1100,01从者\000已有从者\04骑兵\骑兵-爱德华·蒂奇\绅士之爱.png,analyzed,2,全局事件/局势牌区访问与转移 | 逐条语义审阅的规则原文：绅士之爱 被动：当你赢得一场争夺战时，你不获得竟争战果，而是 选择一名该场战斗的败者并抽取其牌库顶的三张牌，然后 将其中一张移除并将剩余的牌以任意顺序放回其牌堆顶。 你获得X点战果，X为因此效果被移除的卡的印刷基本威 力且至多为5。
1101,01从者\000已有从者\04骑兵\骑兵-牛若丸\3.1更新骑乘.png,analyzed,2,逐条语义审阅的规则原文：Special 300K 骑乘 打出时：若此牌与一张基础攻击一同打出，抽一张牌。 坐骑召唤-行动阶段：打出至多3张基本威力为3或更低的手 牌。
1102,01从者\000已有从者\04骑兵\骑兵-牛若丸\3.6更新.png,analyzed,2,调用或重放指定卡牌能力 | 逐条语义审阅的规则原文：彩 Strength Agility 3 3K 喜见城·冰柱削 【真名解放】 战斗阶段：你可以于战斗阶段使用牛若丸的行动阶段能力。 （仍遵循每种能力每回合仅可使用一次的限制。） 唯一/战斗阶段：再次使用一项攻击上的行动阶段或战斗阶 段能力（由该能力使用，不计入原能力次数限制）。
1103,01从者\000已有从者\04骑兵\骑兵-牛若丸\坛之浦·八艘跳.png,analyzed,2,原子位置交换/成组强制移动 | 逐条语义审阅的规则原文：迅捷 宝具 坛之浦·八艘跳 [6 【真名解放】 行动阶段：和一名其他玩家比较合计威力大小（不计算未触 发的战斗阶段的能力加成）。若你高于对手，将两人重新部 署在对方的位置。
1104,01从者\000已有从者\04骑兵\骑兵-牛若丸\旧\3.2更新喜见城.jpg,analyzed,2,调用或重放指定卡牌能力 | 逐条语义审阅的规则原文：Strength Agility 30 3K 喜见城·冰柱削 【真名解放】 战斗阶段：你可以于战斗阶段使用行动阶段能力。 （仍遵循每种能力每回合仅可使用一次的限制。） 唯一/战斗阶段：再次使用一项攻击上的行动阶段或战斗阶 段能力（由该能力使用，不计入原能力次数限制）。
1105,01从者\000已有从者\04骑兵\骑兵-牛若丸\旧\喜见城·冰柱削.png,analyzed,2,调用或重放指定卡牌能力 | 逐条语义审阅的规则原文：米 力量 迅捷 20 3K 喜见城·冰柱削 【真名解放】 战斗阶段：你可以在战斗阶段使用行动阶段能力 （仍遵循每回合限一次的规则）。 战斗阶段：再次使用一张攻击上的一项行动阶段 或战斗阶段能力。
1106,01从者\000已有从者\04骑兵\骑兵-牛若丸\旧\骑兵-骑乘.png,analyzed,2,逐条语义审阅的规则原文：特殊 300& 骑乘 行动阶段：从手牌中追加打出至多3张基本威力3及以下的牌。
1107,01从者\000已有从者\04骑兵\骑兵-牛若丸\牛若丸.png,non_rule,2,仅为从者/牌面数值、卡背、标记或目录占位图，未见可执行规则文字
1108,01从者\000已有从者\04骑兵\骑兵-玉藻艾丽娅\httpssteamusercontentaakamaihdnetugc2521534717706968047317C246F99D7EE0061178A9B2BFD1AC73B37A84B.png,analyzed,2,卡牌附件/叠放区 | 逐条语义审阅的规则原文：魔术 宝具 咒层·丽日照 1 1K 【真名解放】 但为君故-行动阶段：打出任意张【咒】。战力结算后， 你为每张以此法打出的【咒】分别选择：1.花费1点魔力， 令此牌作为【咒】返回。2.将此牌移除游戏。
1109,01从者\000已有从者\04骑兵\骑兵-玉藻艾丽娅\httpssteamusercontentaakamaihdnetugc2521534717706969574E0C265ED31753B91ED8EF03559C9AFE0C86B33C7.png,analyzed,2,卡牌附件/叠放区 | 逐条语义审阅的规则原文：魔术 咒层·丽日照 3 1K 【真名解放】 我见犹怜-你战斗的获胜者可以将一张其手牌中或激活的基 础牌放置于此牌上作为【咒】，然后其与你各获得2点战果。 若没有获胜者如此做，你可以将一张你手牌中或激活的基础 牌放置于此牌上作为【咒】。
1110,01从者\000已有从者\04骑兵\骑兵-玉藻艾丽娅\普通职介技能 (5).png,analyzed,2,逐条语义审阅的规则原文：Special 300K 骑乘 打出时：若此牌与一张基础攻击一同打出，抽一张牌。 坐骑召唤-行动阶段：打出至多3张基本威力为3或更低的手 牌。
1111,01从者\000已有从者\04骑兵\骑兵-玉藻艾丽娅\玉藻艾莉亚.png,non_rule,2,仅为从者/牌面数值、卡背、标记或目录占位图，未见可执行规则文字
1112,01从者\000已有从者\04骑兵\骑兵-玛丽\愿百合王冠荣光永在.png,analyzed,2,卡牌控制权/跨玩家区域转移 | 战斗胜者/游戏流程改写 | 逐条语义审阅的规则原文：宝具 XO 3K 愿百合王冠荣光永在 【真名解放】 <每局游戏限一次> X为16-（当前回合数×2） 打出时：按轮次顺序，依次询问其他玩家是否愿意将此牌加入攻击，由你将此牌加入一名 愿将此牌加入攻击的玩家的攻击中，否则关闭此牌。 残留：此牌无法被无效关闭。你成为玛丽·安托瓦内特的守护骑士。玛丽·安托瓦内特 淘汰后，此牌不移除且获得：“骑士之殇-被动：你的合计威力-10。” 第11回合开始时，若你与玛丽·安托瓦内特均存活，由你与其获得游戏胜利。
1113,01从者\000已有从者\04骑兵\骑兵-玛丽\玛丽.png,non_rule,2,仅为从者/牌面数值、卡背、标记或目录占位图，未见可执行规则文字
1114,01从者\000已有从者\04骑兵\骑兵-玛丽\神之恩宠.png,analyzed,2,逐条语义审阅的规则原文：魔术 宝具 神之恩宠 5 【真名解放】 被动：若场上存在守护骑士且你于战斗阶段结束时位于战场，当你或其获胜时， 你与其战果排名后位的一方获得X点战果。X为你们的战果排名之差且至少为1。 当你与守护骑士其中一方输掉一场战斗且胜利者不是对方时，另一方同时【败北】。 若场上不存在守护骑士，此牌威力+9。 行动阶段：守护骑士获得：“战斗阶段：移动至玛丽·安托瓦内特所在的地点”
1115,01从者\000已有从者\04骑兵\骑兵-玛丽\若能守护明日的希望.png,analyzed,2,逐条语义审阅的规则原文：特殊 0& 若能守护明日的希望 被动：守护骑士的区特殊基础牌同时名为【幸运】并获得：“战 斗阶段：你无视【败北】效果。” 光辉永在-你和守护骑士各获得合计威力+6，若场上没有守护骑士， 更改为你的合计威力+9。
1116,01从者\000已有从者\04骑兵\骑兵-玛尔达\3.1更新.png,analyzed,2,逐条语义审阅的规则原文：魔术 特殊 7K 信仰的加护 4 若玛尔达拥有【裁决者令咒】，其无法使用圣女之誓。 圣女之誓-战斗阶段：令你自已获得一枚【裁决者令咒】或 将手牌中的一张【幸运】移除游戏，令一名与你位于同一地 点的其他玩家获得一枚【裁决者令咒】。 只有玛尔达可以使用这些【裁决者令咒】。
1117,01从者\000已有从者\04骑兵\骑兵-玛尔达\3.1更新1乘.png,analyzed,2,逐条语义审阅的规则原文：Special 300K 骑乘 打出时：若此牌与一张基础攻击一同打出，抽一张牌。 坐骑召唤-行动阶段：打出至多3张基本威力为3或更低的手 牌。
1118,01从者\000已有从者\04骑兵\骑兵-玛尔达\不识爱的悲哀之龙.png,analyzed,2,逐条语义审阅的规则原文：米 力量 宝具 7 10K 不识爱的悲哀之龙啊 【真名解放】 利维坦之子，化为流星-战斗阶段：花费一枚【令咒】或【裁 决者令咒】，【不识爱的悲哀之龙啊】获得+4威力且你的所有 交战对手于下回合前哨阶段如若可能，必须部署于魔术工房。
1119,01从者\000已有从者\04骑兵\骑兵-玛尔达\信仰的加护.png,analyzed,2,逐条语义审阅的规则原文：魔术 特殊 3 7& 信仰的加护 若玛尔达拥有【裁决者令咒】，其无法使用圣女之誓。 圣女之誓-战斗阶段：令你自已获得一枚【裁决者令咒】或 将手牌中的一张【幸运】移除游戏，令一名与你位于同一地 点的其他玩家获得一枚【裁决者令咒】。 只有玛尔达可以使用这些【裁决者令咒】。
1120,01从者\000已有从者\04骑兵\骑兵-玛尔达\骑-玛尔达.png,non_rule,2,仅为从者/牌面数值、卡背、标记或目录占位图，未见可执行规则文字
1121,01从者\000已有从者\04骑兵\骑兵-美杜莎\3.1更新.png,analyzed,2,逐条语义审阅的规则原文：Special 300K 骑乘 打出时：若此牌与一张基础攻击一同打出，抽一张牌。 坐骑召唤-行动阶段：打出至多3张基本威力为3或更低的手 牌。
1122,01从者\000已有从者\04骑兵\骑兵-美杜莎\3.6美杜莎.png,non_rule,2,仅为从者/牌面数值、卡背、标记或目录占位图，未见可执行规则文字
1123,01从者\000已有从者\04骑兵\骑兵-美杜莎\旧\骑乘.png,analyzed,2,逐条语义审阅的规则原文：特殊 300& 骑乘 行动阶段：从手牌中追加打出至多3张基本威力3及以下的牌。
1124,01从者\000已有从者\04骑兵\骑兵-美杜莎\石化之魔眼.png,analyzed,2,逐条语义审阅的规则原文：魔術 4 1& 石化之魔眼 【真名解放】 行动阶段：在战斗阶段开始前，若与你进行战斗的对手本回 合没有打出/加入区属性攻击，则其【败北】。
1125,01从者\000已有从者\04骑兵\骑兵-美杜莎\美杜莎.png,non_rule,2,仅为从者/牌面数值、卡背、标记或目录占位图，未见可执行规则文字
1126,01从者\000已有从者\04骑兵\骑兵-美杜莎\骑英之缰绳.png,analyzed,2,逐条语义审阅的规则原文：宝具 8K 骑英之缰绳 【真名解放】 行动阶段：移动到任一地点，若为战场，重新部署于该地点 的2个地利，原地利的占领者失去该地利。
1127,01从者\000已有从者\04骑兵\骑兵-莫德雷德\掌控翻涌波涛王者心境.png,analyzed,2,逐条语义审阅的规则原文：魔术 宝具 XK 掌控翻涌波涛王者心境 【真名解放】 X初始为0 若你获胜，下回合局势牌不会禁止你使用 宝具。 冲浪-行动阶段：花费X点魔力，此牌+X威力（X至多为10）。
1128,01从者\000已有从者\04骑兵\骑兵-莫德雷德\旧\掌控翻涌波涛王者心境.png,analyzed,2,逐条语义审阅的规则原文：魔术 宝具 X& 掌控翻涌波涛王者心境 1 【真名解放】 X初始为0。 被动/行动阶段：若你于上回合获胜，将此牌加入攻击并令此 牌获得你上回合以冲浪获得的威力。 冲浪-行动阶段：花费X点魔力，此牌+X威力（X至多为10）。
1129,01从者\000已有从者\04骑兵\骑兵-莫德雷德\旧\永不结束的夏日.png,analyzed,2,逐条语义审阅的规则原文：永不结束的夏日 被动：你的攻击威力不会低于其印刷威力。回合结束时， 若你获胜，下回合局势牌不会禁止你使用 宝具且你可 以选择一张你战斗中的事件牌，获得其印刷战果数的魔力 并令其持续激活至下回合结束。
1130,01从者\000已有从者\04骑兵\骑兵-莫德雷德\旧\莫德雷德技能3.3 (1).png,analyzed,2,逐条语义审阅的规则原文：魔术 宝具 XK 掌控翻涌波涛王者心境 1 【真名解放】 X初始为0 冲浪-行动阶段：花费X点魔力，此牌+X威力（X至多为10）。
1131,01从者\000已有从者\04骑兵\骑兵-莫德雷德\旧\莫德雷德技能3.3 (2).png,analyzed,2,逐条语义审阅的规则原文：永不结束的夏日 被动：若你获胜，下回合局势牌不会禁止你使用 宝具。 若你获胜且控制【掌控翻涌波涛王者心境】，选择一张你 战斗中的事件牌与【掌控翻涌波涛王者心境】一同持续激 活至下回合结束，并将其印刷威力设为该事件牌的印刷战 果点数直至被更改。
1132,01从者\000已有从者\04骑兵\骑兵-莫德雷德\旧\莫德雷德技能3.3 (3).png,analyzed,2,逐条语义审阅的规则原文：魔术 X 蔚蓝骑乘 3 你的攻击威力不会因其他玩家的能力影响低于其印刷威力。 打出时：若此牌与一张×魔术攻击一同打出，抽一张牌。 行动阶段：你每控制一张×魔术攻击，便可以从手牌中打 出一张×魔术攻击。
1133,01从者\000已有从者\04骑兵\骑兵-莫德雷德\旧\蔚蓝骑乘.png,analyzed,2,逐条语义审阅的规则原文：魔术 蔚蓝骑乘 2 行动阶段：你每控制一张×魔术攻击，便可以从手牌打出 一张×魔术攻击。
1134,01从者\000已有从者\04骑兵\骑兵-莫德雷德\永不结束的夏日.png,analyzed,2,逐条语义审阅的规则原文：永不结束的夏日 被动：若你获胜，你可以选择一张你战斗中的事件牌在原 战场持续激活至下回合结束，且你获得该事件牌战果点数 的魔力。
1135,01从者\000已有从者\04骑兵\骑兵-莫德雷德\莫德雷德（泳装）.png,non_rule,2,仅为从者/牌面数值、卡背、标记或目录占位图，未见可执行规则文字
1136,01从者\000已有从者\04骑兵\骑兵-莫德雷德\蔚蓝骑乘.png,analyzed,2,逐条语义审阅的规则原文：魔术 X 蔚蓝骑乘 2 10K 被动：你的攻击威力不会因其他玩家的影响低于其印刷威力。 打出时：若此牌与一张×魔术攻击一同打出，抽一张牌。 行动阶段：你每控制一张×魔术攻击，便可以从手牌中打 出一张×魔术攻击。
1137,01从者\000已有从者\04骑兵\骑兵-阿喀琉斯\3.2更新包围苍天的小世界.jpg,analyzed,2,效果保护/改目标/来源过滤 | 逐条语义审阅的规则原文：Special Noble Phantasm 包围苍天的小世界 3 2K 湛蓝天空-行动阶段：选择下列一项： 1.与你位于同一战场的对手立即随机弃置一张手牌。 2.与你位于同一战场的对手无法使用技能牌。 3.花费3点魔力，隐藏你的从者真名直至回合结束。
1138,01从者\000已有从者\04骑兵\骑兵-阿喀琉斯\3.3更新勇者的不凋花.png,analyzed,2,效果保护/改目标/来源过滤 | 逐条语义审阅的规则原文：勇者的不凋花 阿喀琉斯之踵-被动：当你战败后，你【真名解放】 疾风驰骋-被动/战斗阶段：若你真名隐藏，令你的所有交战 对手随机弃置一张手牌，然后将未弃置牌或弃置的牌不是 【幸运】或&敏捷牌的对手的合计威力设为0。
1139,01从者\000已有从者\04骑兵\骑兵-阿喀琉斯\3.4.1更新驰骋天际星之枪尖.png,analyzed,2,效果保护/改目标/来源过滤 | 逐条语义审阅的规则原文：Special Noble Phantasm 8K 驰骋天际星之枪尖 英雄对决-行动阶段：当你所在的战场只有1名对手时，所有 人无法进入或离开此战场，同时，你与此对手无法被地利和 所有不属于你们的从者或NPC的牌或效果影响。
1140,01从者\000已有从者\04骑兵\骑兵-阿喀琉斯\旧\3.2更新勇者不凋花.jpg,analyzed,2,效果保护/改目标/来源过滤 | 逐条语义审阅的规则原文：勇者的不凋花 阿喀琉斯之-被动：当你战败后，你【真名解放】。 疾风驰骋-被动/战斗阶段：若你真名隐藏，令你的所有交战 对手弃置一张手牌，将未弃置【幸运】或敏捷牌的对手 的合计威力设为0。
1141,01从者\000已有从者\04骑兵\骑兵-阿喀琉斯\旧\3.3更新勇者不凋花.jpg,analyzed,2,效果保护/改目标/来源过滤 | 逐条语义审阅的规则原文：勇者的不调花 阿喀琉斯之一被动：当你战败后，你【真名解放】 疾风驰骋一被动战斗阶段：若你真名隐藏，令你的所有交战 对手随机弃置一张手牌，然后将未弃置牌或弃置的牌不是 【幸运】或敏捷牌的对手的合计威力设为0。
1142,01从者\000已有从者\04骑兵\骑兵-阿喀琉斯\旧\勇者不凋花3.1.3更新.jpg,analyzed,2,效果保护/改目标/来源过滤 | 逐条语义审阅的规则原文：勇者的不调花 阿喀琉斯之一被动：当你战败时【真名解放】，你的令 咒获得“行动阶段：隐藏你的真名。” 被动/战斗阶段：若你真名隐藏，关闭任意张你控制的非 技能牌，令与你同一战场的对手控制的，基本威力不大 于X攻击威力变为0，X为你关闭的攻击属性数的两倍。
1143,01从者\000已有从者\04骑兵\骑兵-阿喀琉斯\旧\勇者的不凋花.png,analyzed,2,效果保护/改目标/来源过滤 | 逐条语义审阅的规则原文：勇者的不凋花 被动/战斗阶段：若你的真名处于隐藏状态，与你交战的对手 必须弃置1张牌。若他们弃置的不是一张【幸运】或&属性 牌，将其合计威力设置为0。 阿喀琉斯之踵-被动：当你战败时，【真名解放】。
1144,01从者\000已有从者\04骑兵\骑兵-阿喀琉斯\旧\彗星跑法3.1.3更新.jpg,analyzed,2,逐条语义审阅的规则原文：彗星跑法 被动/行动阶段：关闭你控制的【疾风怒涛的不死战车】， 抽X张牌，打出至多X张手牌（X为你本回合内移动的步 数）。若如此做，你的交战对手可以于自己的战斗阶段每 弃置一张敏捷或【幸运】基础牌，便关闭你控制的一 张非技能牌（由对手选择）。
1145,01从者\000已有从者\04骑兵\骑兵-阿喀琉斯\旧\疾风怒涛的不死战车3.1.3更新.jpg,analyzed,2,逐条语义审阅的规则原文：特殊 宝具 3 疾风怒涛的不死战车 残留：行动阶段，你可以额外进行一次常规移动。你进行常规 移动时无视交战状态与限制移动的事件牌或其他玩家的能力， 且可以逆向移动。（同一次移动需均为正向或逆向） 神速-战斗阶段：获得2X点合计威力，X为你本回合移动的步数。
1146,01从者\000已有从者\04骑兵\骑兵-阿喀琉斯\旧\驰骋天际星之枪尖.jpg,analyzed,2,效果保护/改目标/来源过滤 | 逐条语义审阅的规则原文：Special Noble Phantasm 7 18K 驰骋天际星之枪尖 英雄对决-行动阶段：当你所在的战场只有1名对手时，所有 人无法进入或离开此战场，同时，你与此对手无法被地利和 所有不属于你们的从者或NPC的牌或效果影响。
1147,01从者\000已有从者\04骑兵\骑兵-阿喀琉斯\旧\驰骋天际星之枪尖.png,analyzed,2,效果保护/改目标/来源过滤 | 逐条语义审阅的规则原文：特殊 宝具 8K 驰骋天际星之枪尖 7 行动阶段：若此战场除你以外只有一名玩家，则所有玩家不 能离开或进入此战场。你和交战对手不能被局势牌，事件牌， 地利，令咒，御主攻击牌，御主能力和其他玩家的能力影响。
1148,01从者\000已有从者\04骑兵\骑兵-阿喀琉斯\旧\骑兵-骑乘.png,analyzed,2,逐条语义审阅的规则原文：特殊 300& 骑乘 行动阶段：从手牌中追加打出至多3张基本威力3及以下的牌。
1149,01从者\000已有从者\04骑兵\骑兵-阿喀琉斯\阿喀琉斯.png,non_rule,2,仅为从者/牌面数值、卡背、标记或目录占位图，未见可执行规则文字
1150,01从者\000已有从者\04骑兵\骑兵-阿尔托莉雅（圣诞Alter)\3.6圣者的礼物.png,analyzed,2,通用标记/计数 | 逐条语义审阅的规则原文：圣者的礼物 被动：当玩家拆开【礼物】时，其抽一张牌后令你获得 一枚【驯鹿】标记。若你获胜，你的战斗中每有一名手 牌数多于你的其他玩家，你便获得1点战果。
1151,01从者\000已有从者\04骑兵\骑兵-阿尔托莉雅（圣诞Alter)\3.6誓约胜利之剑.png,analyzed,2,通用标记/计数 | 逐条语义审阅的规则原文：米 力量 宝具 誓约胜利之剑 2 【真名解放】 称职的圣诞老人-行动阶段：花费4点魔力，你失去所有 【驯鹿】标记并增加等量的合计威力。
1152,01从者\000已有从者\04骑兵\骑兵-阿尔托莉雅（圣诞Alter)\圣者的礼物.png,analyzed,2,逐条语义审阅的规则原文：圣者的礼物 被动：玩家拆开【礼物】时，其抽一张牌。若你获胜， 你的战斗中每有一名手牌数多于你的其他玩家，你便获得 1点战果。
1153,01从者\000已有从者\04骑兵\骑兵-阿尔托莉雅（圣诞Alter)\圣诞黑呆.png,non_rule,2,仅为从者/牌面数值、卡背、标记或目录占位图，未见可执行规则文字
1154,01从者\000已有从者\04骑兵\骑兵-阿尔托莉雅（圣诞Alter)\誓约胜利之剑.png,analyzed,2,逐条语义审阅的规则原文：米 力量 宝具 12K 誓约胜利之剑 8 【真名解放】 称职的圣诞老人-战斗阶段：若你的战斗中不存在牌库或 攻击区没有【礼物】的其他玩家，此牌+4威力。
1155,01从者\000已有从者\04骑兵\骑兵-阿尔托莉雅（圣诞Alter)\骑乘圣诞.png,analyzed,2,逐条语义审阅的规则原文：特殊 骑乘（圣诞） 打出时：若此牌与一张基础攻击一同打出，抽一张牌。 拉姆瑞二号-行动阶段：打出至多3张基本威力为3或更低的 手牌，然后将等量的【礼物】从游戏外洗入位于同一地点的 其他玩家的牌库（由你选择）。
1156,01从者\000已有从者\04骑兵\骑兵-阿斯托尔福\3.2更新破却宣言.jpg,analyzed,2,逐条语义审阅的规则原文：Magic Noble Phantasm 3 7K 破却宣言 【真名解放】 破咒一击-战斗阶段：花费其魔力消耗，选择并关闭一张与 你位于同一地点的技能牌。你可以令其他自愿的玩家帮助你 花费魔力并令其获得1点战果（每名其他玩家最多花费1点）。
1157,01从者\000已有从者\04骑兵\骑兵-阿斯托尔福\一碰就倒！.png,analyzed,2,逐条语义审阅的规则原文：迅捷 一碰就倒！ 40 6& 战斗阶段：将所有与你交战对手的米和&属性的攻击关 闭。每张受此影响的牌，其持有者可以获得其魔力消耗+1 的魔力或花费3点魔力防止关闭。
1158,01从者\000已有从者\04骑兵\骑兵-阿斯托尔福\唤起恐慌之魔笛.png,analyzed,2,逐条语义审阅的规则原文：宝具 401 唤起恐慌之魔笛 【真名解放】 战斗阶段：与你交战的对手关闭其非残留的牌直至只剩一张 为止。
1159,01从者\000已有从者\04骑兵\骑兵-阿斯托尔福\破却宣言.png,analyzed,2,逐条语义审阅的规则原文：魔術 宝具 3 7K 破却宣言 【真名解放】 战斗阶段：花费你所在地点的一张技能牌的魔力消耗以将其 关闭。你可以让其他玩家与你一起支付魔力，支付魔力的其 他玩家获得1点战果。
1160,01从者\000已有从者\04骑兵\骑兵-阿斯托尔福\阿斯托尔福.png,non_rule,2,仅为从者/牌面数值、卡背、标记或目录占位图，未见可执行规则文字
1161,01从者\000已有从者\04骑兵\骑兵-魁扎尔·科亚特尔\3.1更新 (2).png,analyzed,3,existing_primitives_reviewed | effect_timing_and_conditions_reviewed | map_graph_query_gap | player_resource_edit_existing
1162,01从者\000已有从者\04骑兵\骑兵-魁扎尔·科亚特尔\3.1更新 (3).png,analyzed,3,existing_primitives_reviewed | effect_timing_and_conditions_reviewed | array_window_query_gap | zone_transfer_existing | player_resource_edit_existing
1163,01从者\000已有从者\04骑兵\骑兵-魁扎尔·科亚特尔\旧\太阳石.png,analyzed,3,existing_primitives_reviewed | effect_timing_and_conditions_reviewed | array_window_query_gap | zone_transfer_existing
1164,01从者\000已有从者\04骑兵\骑兵-魁扎尔·科亚特尔\旧\持翼之神.png,analyzed,3,existing_primitives_reviewed | effect_timing_and_conditions_reviewed | map_graph_query_gap
1165,01从者\000已有从者\04骑兵\骑兵-魁扎尔·科亚特尔\旧\魁札尔·科亚特尔.png,non_rule,3,overview_token_back_or_no_rule_text
1166,01从者\000已有从者\04骑兵\骑兵-魁扎尔·科亚特尔\炽焰，亦焚尽神灵.png,analyzed,3,existing_primitives_reviewed | effect_timing_and_conditions_reviewed
1167,01从者\000已有从者\04骑兵\骑兵-魁扎尔·科亚特尔\魁札尔·科亚特尔.png,non_rule,3,overview_token_back_or_no_rule_text
1168,01从者\000已有从者\05术士\术士-伊莉雅斯菲尔\atk\梦幻召唤-剑士.png,analyzed,3,existing_primitives_reviewed | effect_timing_and_conditions_reviewed
1169,01从者\000已有从者\05术士\术士-伊莉雅斯菲尔\atk\梦幻召唤-枪兵1.png,analyzed,3,existing_primitives_reviewed | effect_timing_and_conditions_reviewed
1170,01从者\000已有从者\05术士\术士-伊莉雅斯菲尔\atk\梦幻召唤-狂战士.png,analyzed,3,existing_primitives_reviewed | effect_timing_and_conditions_reviewed
1171,01从者\000已有从者\05术士\术士-伊莉雅斯菲尔\atk\梦幻召唤-骑兵1.png,analyzed,3,existing_primitives_reviewed | effect_timing_and_conditions_reviewed
1172,01从者\000已有从者\05术士\术士-伊莉雅斯菲尔\atk\梦幻召唤-魔术师1.png,analyzed,3,existing_primitives_reviewed | effect_timing_and_conditions_reviewed
1173,01从者\000已有从者\05术士\术士-伊莉雅斯菲尔\atk\梦幻召唤工兵.png,analyzed,3,existing_primitives_reviewed | effect_timing_and_conditions_reviewed | log_query_existing
1174,01从者\000已有从者\05术士\术士-伊莉雅斯菲尔\atk\梦幻召唤暗杀者.png,analyzed,3,existing_primitives_reviewed | effect_timing_and_conditions_reviewed | log_query_existing
1175,01从者\000已有从者\05术士\术士-伊莉雅斯菲尔\伊莉雅丝菲尔.png,non_rule,3,overview_token_back_or_no_rule_text
1176,01从者\000已有从者\05术士\术士-伊莉雅斯菲尔\多元重奏饱和炮击.png,analyzed,3,existing_primitives_reviewed | effect_timing_and_conditions_reviewed | player_resource_edit_existing
1177,01从者\000已有从者\05术士\术士-伊莉雅斯菲尔\魔力斩击.png,analyzed,3,existing_primitives_reviewed | effect_timing_and_conditions_reviewed | player_resource_edit_existing
1178,01从者\000已有从者\05术士\术士-伊莉雅斯菲尔\魔卡皮套.png,analyzed,3,existing_primitives_reviewed | effect_timing_and_conditions_reviewed
1179,01从者\000已有从者\05术士\术士-出云阿国DIY2\一发逆转.jpg,analyzed,3,existing_primitives_reviewed | effect_timing_and_conditions_reviewed
1180,01从者\000已有从者\05术士\术士-出云阿国DIY2\出云阿国DIY2.jpg,non_rule,3,overview_token_back_or_no_rule_text
1181,01从者\000已有从者\05术士\术士-出云阿国DIY2\阵地建造-神乐.jpg,analyzed,3,existing_primitives_reviewed | effect_timing_and_conditions_reviewed | player_resource_edit_existing
1182,01从者\000已有从者\05术士\术士-出云阿国DIY2\阿国十八番.jpg,analyzed,3,existing_primitives_reviewed | effect_timing_and_conditions_reviewed | aggregate_property_gap | distinct_value_count_gap | log_query_existing
1183,01从者\000已有从者\05术士\术士-出云阿国diy\3.3更新神之骸.jpg,analyzed,3,existing_primitives_reviewed | effect_timing_and_conditions_reviewed
1184,01从者\000已有从者\05术士\术士-出云阿国diy\3.3更新荒事舞.jpg,analyzed,3,existing_primitives_reviewed | effect_timing_and_conditions_reviewed
1185,01从者\000已有从者\05术士\术士-出云阿国diy\3.3更新阿国荒神歌舞伎.jpg,analyzed,3,existing_primitives_reviewed | effect_timing_and_conditions_reviewed | effect_targeting_immunity_framework_gap
1186,01从者\000已有从者\05术士\术士-出云阿国diy\出云阿国.png,non_rule,3,overview_token_back_or_no_rule_text
1187,01从者\000已有从者\05术士\术士-出云阿国diy\旧\人偶神乐.png,analyzed,3,existing_primitives_reviewed | effect_timing_and_conditions_reviewed
1188,01从者\000已有从者\05术士\术士-出云阿国diy\旧\出云荒神歌舞伎.png,analyzed,3,existing_primitives_reviewed | effect_timing_and_conditions_reviewed
1189,01从者\000已有从者\05术士\术士-出云阿国diy\旧\荒事舞.png,analyzed,3,existing_primitives_reviewed | effect_timing_and_conditions_reviewed
1190,01从者\000已有从者\05术士\术士-吉尔伽美什\3.6更新 (1).png,analyzed,3,existing_primitives_reviewed | effect_timing_and_conditions_reviewed | player_resource_edit_existing
1191,01从者\000已有从者\05术士\术士-吉尔伽美什\3.6更新 (2).png,analyzed,3,existing_primitives_reviewed | effect_timing_and_conditions_reviewed | player_resource_edit_existing
1192,01从者\000已有从者\05术士\术士-吉尔伽美什\吉尔伽美什（Caster.png,non_rule,3,overview_token_back_or_no_rule_text
1193,01从者\000已有从者\05术士\术士-吉尔伽美什\旧\王之号炮.png,analyzed,3,existing_primitives_reviewed | effect_timing_and_conditions_reviewed | player_resource_edit_existing
1194,01从者\000已有从者\05术士\术士-吉尔伽美什\旧\王之财宝-3.png,analyzed,3,existing_primitives_reviewed | effect_timing_and_conditions_reviewed | player_resource_edit_existing
1195,01从者\000已有从者\05术士\术士-吉尔伽美什\阵地建造.png,analyzed,3,existing_primitives_reviewed | effect_timing_and_conditions_reviewed | player_resource_edit_existing
1196,01从者\000已有从者\05术士\术士-吉尔德雷\3.6更新螺湮城教本.png,analyzed,3,existing_primitives_reviewed | effect_timing_and_conditions_reviewed | placed_non_event_object_gap
1197,01从者\000已有从者\05术士\术士-吉尔德雷\3.6更新螺湮城教本2.png,analyzed,3,existing_primitives_reviewed | effect_timing_and_conditions_reviewed
1198,01从者\000已有从者\05术士\术士-吉尔德雷\吉尔德雷.png,non_rule,3,overview_token_back_or_no_rule_text
1199,01从者\000已有从者\05术士\术士-吉尔德雷\旧\螺湮城教本.png,analyzed,3,existing_primitives_reviewed | effect_timing_and_conditions_reviewed | placed_non_event_object_gap
1200,01从者\000已有从者\05术士\术士-吉尔德雷\旧\螺湮城教本2.png,analyzed,3,existing_primitives_reviewed | effect_timing_and_conditions_reviewed | placed_non_event_object_gap
1201,01从者\000已有从者\05术士\术士-吉尔德雷\阵地建造.png,analyzed,3,existing_primitives_reviewed | effect_timing_and_conditions_reviewed | player_resource_edit_existing
1202,01从者\000已有从者\05术士\术士-喀尔刻\3.9更新 (1).png,analyzed,3,existing_primitives_reviewed | effect_timing_and_conditions_reviewed | player_resource_edit_existing
1203,01从者\000已有从者\05术士\术士-喀尔刻\3.9更新 (2).png,analyzed,3,existing_primitives_reviewed | effect_timing_and_conditions_reviewed | object_effect_enablement_gap | placed_non_event_object_gap
1204,01从者\000已有从者\05术士\术士-喀尔刻\httpssteamusercontentaakamaihdnetugc2521534717707005314B226AC2DA7FB2595E1E4D991F6777EDDD3C56146.png,analyzed,3,existing_primitives_reviewed | effect_timing_and_conditions_reviewed | object_effect_enablement_gap | placed_non_event_object_gap
1205,01从者\000已有从者\05术士\术士-喀尔刻\httpssteamusercontentaakamaihdnetugc25215347177070056872A567DAFEF8B1F14DCD74035DD919DCF572508A4.png,analyzed,3,existing_primitives_reviewed | effect_timing_and_conditions_reviewed | object_effect_enablement_gap | placed_non_event_object_gap
1206,01从者\000已有从者\05术士\术士-喀尔刻\喀耳刻.png,non_rule,3,overview_token_back_or_no_rule_text
1207,01从者\000已有从者\05术士\术士-喀尔刻\普通职介技能 (2).png,analyzed,3,existing_primitives_reviewed | effect_timing_and_conditions_reviewed | player_resource_edit_existing
1208,01从者\000已有从者\05术士\术士-夏尼禄diy\3.4更新七之冠.png,analyzed,3,existing_primitives_reviewed | effect_timing_and_conditions_reviewed | array_window_query_gap | zone_transfer_existing
1209,01从者\000已有从者\05术士\术士-夏尼禄diy\3.4更新暴走特权.png,analyzed,3,existing_primitives_reviewed | effect_timing_and_conditions_reviewed
1210,01从者\000已有从者\05术士\术士-夏尼禄diy\3.4更新讴歌荣耀的黄金剧场.png,analyzed,3,existing_primitives_reviewed | effect_timing_and_conditions_reviewed | player_resource_edit_existing
1211,01从者\000已有从者\05术士\术士-夏尼禄diy\尼禄.png,non_rule,3,overview_token_back_or_no_rule_text
1212,01从者\000已有从者\05术士\术士-夏尼禄diy\旧\七之冠.png,analyzed,3,existing_primitives_reviewed | effect_timing_and_conditions_reviewed | array_window_query_gap | zone_transfer_existing
1213,01从者\000已有从者\05术士\术士-夏尼禄diy\旧\暴走特权.png,analyzed,3,existing_primitives_reviewed | effect_timing_and_conditions_reviewed
1214,01从者\000已有从者\05术士\术士-夏尼禄diy\旧\讴歌荣耀的黄金剧场.png,analyzed,3,existing_primitives_reviewed | effect_timing_and_conditions_reviewed | player_resource_edit_existing
1215,01从者\000已有从者\05术士\术士-安徒生\httpcloud3steamusercontentcomugc1558765964097934365B98F32189F24B7A51317D8FAD9426AC5A515FF07.png,unclear,3,ocr_unreadable_or_semantically_incomplete
1216,01从者\000已有从者\05术士\术士-安徒生\为你撰写的故事.png,analyzed,3,existing_primitives_reviewed | effect_timing_and_conditions_reviewed | number_rounding_gap | player_resource_edit_existing
1217,01从者\000已有从者\05术士\术士-安徒生\无辜的怪物.png,analyzed,3,existing_primitives_reviewed | effect_timing_and_conditions_reviewed | player_resource_edit_existing
1218,01从者\000已有从者\05术士\术士-安徒生\汉斯·克里斯蒂安·安徒生.png,non_rule,3,overview_token_back_or_no_rule_text
1219,01从者\000已有从者\05术士\术士-安徒生\法师-阵地建造.png,analyzed,3,existing_primitives_reviewed | effect_timing_and_conditions_reviewed | player_resource_edit_existing
1220,01从者\000已有从者\05术士\术士-尼托克丽丝\冥府神的伟业.png,analyzed,3,existing_primitives_reviewed | effect_timing_and_conditions_reviewed | card_attachment_zone_gap | zone_transfer_existing | player_resource_edit_existing
1221,01从者\000已有从者\05术士\术士-尼托克丽丝\冥镜宝典.png,analyzed,3,existing_primitives_reviewed | effect_timing_and_conditions_reviewed | card_attachment_zone_gap | zone_transfer_existing
1222,01从者\000已有从者\05术士\术士-尼托克丽丝\天空神的宠爱.png,analyzed,3,existing_primitives_reviewed | effect_timing_and_conditions_reviewed | card_attachment_zone_gap | zone_transfer_existing | player_resource_edit_existing
1223,01从者\000已有从者\05术士\术士-尼托克丽丝\尼托克丽丝BRTA.png,non_rule,3,overview_token_back_or_no_rule_text
1224,01从者\000已有从者\05术士\术士-尼托克丽丝diy\atk-梅杰德x13.png,analyzed,3,existing_primitives_reviewed | effect_timing_and_conditions_reviewed | create_or_build_card_existing | player_resource_edit_existing
1225,01从者\000已有从者\05术士\术士-尼托克丽丝diy\冥镜宝典.png,analyzed,3,existing_primitives_reviewed | effect_timing_and_conditions_reviewed | player_resource_edit_existing
1226,01从者\000已有从者\05术士\术士-尼托克丽丝diy\埃及魔术.png,analyzed,3,existing_primitives_reviewed | effect_timing_and_conditions_reviewed | create_or_build_card_existing | player_resource_edit_existing
1227,01从者\000已有从者\05术士\术士-尼托克丽丝diy\尼托克丽丝.png,non_rule,3,overview_token_back_or_no_rule_text
1228,01从者\000已有从者\05术士\术士-尼托克丽丝diy\法师-阵地建造.png,analyzed,3,existing_primitives_reviewed | effect_timing_and_conditions_reviewed | player_resource_edit_existing
1229,01从者\000已有从者\05术士\术士-巴贝奇\3.8更新机械铠甲.png,analyzed,3,existing_primitives_reviewed | effect_timing_and_conditions_reviewed
1230,01从者\000已有从者\05术士\术士-巴贝奇\巴贝奇.png,non_rule,3,overview_token_back_or_no_rule_text
1231,01从者\000已有从者\05术士\术士-巴贝奇\机械铠甲.png,analyzed,3,existing_primitives_reviewed | effect_timing_and_conditions_reviewed
1232,01从者\000已有从者\05术士\术士-巴贝奇\绚烂的灰烬世界.png,analyzed,3,existing_primitives_reviewed | effect_timing_and_conditions_reviewed | card_attachment_zone_gap
1233,01从者\000已有从者\05术士\术士-巴贝奇\蒸汽车间.png,analyzed,3,existing_primitives_reviewed | effect_timing_and_conditions_reviewed | card_attachment_zone_gap
1234,01从者\000已有从者\05术士\术士-张角beta\3.1更新.png,analyzed,3,existing_primitives_reviewed | effect_timing_and_conditions_reviewed | log_query_existing | player_resource_edit_existing
1235,01从者\000已有从者\05术士\术士-张角beta\天公将军.png,analyzed,3,existing_primitives_reviewed | effect_timing_and_conditions_reviewed | log_query_existing | player_resource_edit_existing
1236,01从者\000已有从者\05术士\术士-张角beta\太平要术.png,analyzed,3,existing_primitives_reviewed | effect_timing_and_conditions_reviewed | log_query_existing | player_resource_edit_existing
1237,01从者\000已有从者\05术士\术士-张角beta\局势牌\山.png,analyzed,3,existing_primitives_reviewed | effect_timing_and_conditions_reviewed
1238,01从者\000已有从者\05术士\术士-张角beta\局势牌\林.png,analyzed,3,existing_primitives_reviewed | effect_timing_and_conditions_reviewed
1239,01从者\000已有从者\05术士\术士-张角beta\局势牌\火.png,analyzed,3,existing_primitives_reviewed | effect_timing_and_conditions_reviewed
1240,01从者\000已有从者\05术士\术士-张角beta\局势牌\风.png,analyzed,3,existing_primitives_reviewed | effect_timing_and_conditions_reviewed
1241,01从者\000已有从者\05术士\术士-张角beta\山.png,analyzed,3,existing_primitives_reviewed | effect_timing_and_conditions_reviewed
1242,01从者\000已有从者\05术士\术士-张角beta\张角.png,non_rule,3,overview_token_back_or_no_rule_text
1243,01从者\000已有从者\05术士\术士-张角beta\林.png,analyzed,3,existing_primitives_reviewed | effect_timing_and_conditions_reviewed
1244,01从者\000已有从者\05术士\术士-张角beta\火.png,analyzed,3,existing_primitives_reviewed | effect_timing_and_conditions_reviewed
1245,01从者\000已有从者\05术士\术士-张角beta\苍天已死.png,analyzed,3,existing_primitives_reviewed | effect_timing_and_conditions_reviewed | power_source_provenance_framework_gap
1246,01从者\000已有从者\05术士\术士-张角beta\风.png,analyzed,3,existing_primitives_reviewed | effect_timing_and_conditions_reviewed
1247,01从者\000已有从者\05术士\术士-所罗门diy\3.4.1更新戴冠之时.png,analyzed,3,existing_primitives_reviewed | effect_timing_and_conditions_reviewed | card_attachment_zone_gap | zone_transfer_existing | player_resource_edit_existing
1248,01从者\000已有从者\05术士\术士-所罗门diy\印戒（令咒）.png,analyzed,3,existing_primitives_reviewed | effect_timing_and_conditions_reviewed | player_resource_edit_existing
1249,01从者\000已有从者\05术士\术士-所罗门diy\戴冠之时.png,analyzed,3,existing_primitives_reviewed | effect_timing_and_conditions_reviewed | card_attachment_zone_gap | zone_transfer_existing
1250,01从者\000已有从者\05术士\术士-所罗门diy\所罗门.png,non_rule,3,overview_token_back_or_no_rule_text
1251,01从者\000已有从者\05术士\术士-所罗门diy\诀别之时.png,analyzed,3,existing_primitives_reviewed | effect_timing_and_conditions_reviewed | log_query_existing | player_resource_edit_existing
1252,01从者\000已有从者\05术士\术士-所罗门diy\诞生之时.png,analyzed,3,existing_primitives_reviewed | effect_timing_and_conditions_reviewed | player_resource_edit_existing
1253,01从者\000已有从者\05术士\术士-托內莉可\ATK-冬之战争.jpg,analyzed,3,existing_primitives_reviewed | effect_timing_and_conditions_reviewed
1254,01从者\000已有从者\05术士\术士-托內莉可\ATK-夏之战争.jpg,analyzed,3,existing_primitives_reviewed | effect_timing_and_conditions_reviewed
1255,01从者\000已有从者\05术士\术士-托內莉可\ATK-秋之战争.jpg,analyzed,3,existing_primitives_reviewed | effect_timing_and_conditions_reviewed
1256,01从者\000已有从者\05术士\术士-托內莉可\httpcloud3steamusercontentcomugc202610950095500271376A7D5309F361B8C7D7D56C67D0208734689A256.png,analyzed,3,existing_primitives_reviewed | effect_timing_and_conditions_reviewed
1257,01从者\000已有从者\05术士\术士-托內莉可\圣剑遥远的梦之余音.jpg,analyzed,3,existing_primitives_reviewed | effect_timing_and_conditions_reviewed
1258,01从者\000已有从者\05术士\术士-托內莉可\托內莉可.jpg,non_rule,3,overview_token_back_or_no_rule_text
1259,01从者\000已有从者\05术士\术士-托內莉可\救世主的路途.jpg,analyzed,3,existing_primitives_reviewed | effect_timing_and_conditions_reviewed
1260,01从者\000已有从者\05术士\术士-托內莉可\旧版救世主.jpg,analyzed,3,existing_primitives_reviewed | effect_timing_and_conditions_reviewed
1261,01从者\000已有从者\05术士\术士-托內莉可\雨之国的妖精.jpg,analyzed,3,existing_primitives_reviewed | effect_timing_and_conditions_reviewed | player_resource_edit_existing
1262,01从者\000已有从者\05术士\术士-托马斯·爱迪生\3.2更新大量生产.jpg,analyzed,3,existing_primitives_reviewed | effect_timing_and_conditions_reviewed | player_resource_edit_existing
1263,01从者\000已有从者\05术士\术士-托马斯·爱迪生\3.6更新托马斯·爱迪生.png,non_rule,3,overview_token_back_or_no_rule_text
1264,01从者\000已有从者\05术士\术士-托马斯·爱迪生\WFD.png,analyzed,3,existing_primitives_reviewed | effect_timing_and_conditions_reviewed | player_resource_edit_existing
1265,01从者\000已有从者\05术士\术士-托马斯·爱迪生\伽伐尼电池.png,analyzed,3,existing_primitives_reviewed | effect_timing_and_conditions_reviewed | player_resource_edit_existing
1266,01从者\000已有从者\05术士\术士-托马斯·爱迪生\大量生产.png,analyzed,3,existing_primitives_reviewed | effect_timing_and_conditions_reviewed | player_resource_edit_existing
1267,01从者\000已有从者\05术士\术士-托马斯·爱迪生\托马斯·爱迪生.png,non_rule,3,overview_token_back_or_no_rule_text
1268,01从者\000已有从者\05术士\术士-斯卡哈·斯卡蒂\3.1更新.png,analyzed,3,existing_primitives_reviewed | effect_timing_and_conditions_reviewed | array_window_query_gap | player_resource_edit_existing
1269,01从者\000已有从者\05术士\术士-斯卡哈·斯卡蒂\原初之卢恩.png,analyzed,3,existing_primitives_reviewed | effect_timing_and_conditions_reviewed | player_resource_edit_existing
1270,01从者\000已有从者\05术士\术士-斯卡哈·斯卡蒂\大神的睿智.png,analyzed,3,existing_primitives_reviewed | effect_timing_and_conditions_reviewed | array_window_query_gap | player_resource_edit_existing
1271,01从者\000已有从者\05术士\术士-斯卡哈·斯卡蒂\斯卡蒂.png,non_rule,3,overview_token_back_or_no_rule_text
1272,01从者\000已有从者\05术士\术士-斯卡哈·斯卡蒂\魔境之门.png,analyzed,3,existing_primitives_reviewed | effect_timing_and_conditions_reviewed | player_resource_edit_existing
1273,01从者\000已有从者\05术士\术士-梅林\梅林.png,non_rule,3,overview_token_back_or_no_rule_text
1274,01从者\000已有从者\05术士\术士-梅林\梦幻魅力.png,analyzed,3,existing_primitives_reviewed | effect_timing_and_conditions_reviewed
1275,01从者\000已有从者\05术士\术士-梅林\永世隔绝的理想乡.png,analyzed,3,existing_primitives_reviewed | effect_timing_and_conditions_reviewed
1276,01从者\000已有从者\05术士\术士-梅林\花海.png,analyzed,3,existing_primitives_reviewed | effect_timing_and_conditions_reviewed
1277,01从者\000已有从者\05术士\术士-梅菲斯托费勒斯\3.1更新.png,analyzed,3,existing_primitives_reviewed | effect_timing_and_conditions_reviewed | clone_and_rebind_existing | player_resource_edit_existing
1278,01从者\000已有从者\05术士\术士-梅菲斯托费勒斯\寄生炸弹虫.png,analyzed,3,existing_primitives_reviewed | effect_timing_and_conditions_reviewed | log_query_existing | player_resource_edit_existing
1279,01从者\000已有从者\05术士\术士-梅菲斯托费勒斯\恶魔.png,non_rule,3,overview_token_back_or_no_rule_text
1280,01从者\000已有从者\05术士\术士-梅菲斯托费勒斯\旧\浅眠炸弹.png,analyzed,3,existing_primitives_reviewed | effect_timing_and_conditions_reviewed | player_resource_edit_existing
1281,01从者\000已有从者\05术士\术士-梅菲斯托费勒斯\法师-阵地建造.png,analyzed,3,existing_primitives_reviewed | effect_timing_and_conditions_reviewed | player_resource_edit_existing
1282,01从者\000已有从者\05术士\术士-海伦娜·布拉瓦茨基diy\3.5伟大灵魂.png,analyzed,3,existing_primitives_reviewed | effect_timing_and_conditions_reviewed | player_resource_edit_existing
1283,01从者\000已有从者\05术士\术士-海伦娜·布拉瓦茨基diy\3.5金星神·火炎天主.png,analyzed,3,existing_primitives_reviewed | effect_timing_and_conditions_reviewed | player_resource_edit_existing
1284,01从者\000已有从者\05术士\术士-海伦娜·布拉瓦茨基diy\3.5魔力同调.png,analyzed,3,existing_primitives_reviewed | effect_timing_and_conditions_reviewed | player_resource_edit_existing
1285,01从者\000已有从者\05术士\术士-海伦娜·布拉瓦茨基diy\旧\伟大灵魂.png,analyzed,3,existing_primitives_reviewed | effect_timing_and_conditions_reviewed | player_resource_edit_existing
1286,01从者\000已有从者\05术士\术士-海伦娜·布拉瓦茨基diy\旧\金星神·火炎天主.png,analyzed,3,existing_primitives_reviewed | effect_timing_and_conditions_reviewed | player_resource_edit_existing
1287,01从者\000已有从者\05术士\术士-海伦娜·布拉瓦茨基diy\旧\魔力同调.png,analyzed,3,existing_primitives_reviewed | effect_timing_and_conditions_reviewed | player_resource_edit_existing
1288,01从者\000已有从者\05术士\术士-海伦娜·布拉瓦茨基diy\海伦娜中文.png,non_rule,3,overview_token_back_or_no_rule_text
1289,01从者\000已有从者\05术士\术士-爱丽丝菲儿\天之杯.png,analyzed,3,existing_primitives_reviewed | effect_timing_and_conditions_reviewed | player_resource_edit_existing
1290,01从者\000已有从者\05术士\术士-爱丽丝菲儿\爱丽丝菲尔.jpg,non_rule,3,overview_token_back_or_no_rule_text
1291,01从者\000已有从者\05术士\术士-爱丽丝菲儿\白之圣杯.png,analyzed,3,existing_primitives_reviewed | effect_timing_and_conditions_reviewed | object_effect_enablement_gap | effect_targeting_immunity_framework_gap
1292,01从者\000已有从者\05术士\术士-爱丽丝菲儿\阵地建造.png,analyzed,3,existing_primitives_reviewed | effect_timing_and_conditions_reviewed | player_resource_edit_existing
1293,01从者\000已有从者\05术士\术士-玄奘三藏\3.6释迦如来掌.png,analyzed,3,existing_primitives_reviewed | effect_timing_and_conditions_reviewed | player_resource_edit_existing
1294,01从者\000已有从者\05术士\术士-玄奘三藏\三藏的教诲.png,analyzed,3,existing_primitives_reviewed | effect_timing_and_conditions_reviewed | player_resource_edit_existing
1295,01从者\000已有从者\05术士\术士-玄奘三藏\玄奘三藏.png,non_rule,3,overview_token_back_or_no_rule_text
1296,01从者\000已有从者\05术士\术士-玄奘三藏\神性.png,analyzed,3,existing_primitives_reviewed | effect_timing_and_conditions_reviewed | player_resource_edit_existing
1297,01从者\000已有从者\05术士\术士-玄奘三藏\释迦如来掌.png,analyzed,3,existing_primitives_reviewed | effect_timing_and_conditions_reviewed | player_resource_edit_existing
1298,01从者\000已有从者\05术士\术士-玉藻前\3.6水天日光天照八野镇石1.png,analyzed,3,existing_primitives_reviewed | effect_timing_and_conditions_reviewed | card_attachment_zone_gap | zone_transfer_existing
1299,01从者\000已有从者\05术士\术士-玉藻前\水天日光天照八野镇石.png,analyzed,3,existing_primitives_reviewed | effect_timing_and_conditions_reviewed | card_attachment_zone_gap | zone_transfer_existing
1300,01从者\000已有从者\05术士\术士-玉藻前\水天日光天照八野镇石1.png,analyzed,3,existing_primitives_reviewed | effect_timing_and_conditions_reviewed | card_attachment_zone_gap | card_controller_gap | zone_transfer_existing
1301,01从者\000已有从者\05术士\术士-玉藻前\玉藻前.png,non_rule,3,overview_token_back_or_no_rule_text
1302,01从者\000已有从者\05术士\术士-玉藻前\茶积尼天法.png,analyzed,3,existing_primitives_reviewed | effect_timing_and_conditions_reviewed | player_resource_edit_existing
1303,01从者\000已有从者\05术士\术士-示巴女王\3.8更新 (1).png,analyzed,3,existing_primitives_reviewed | effect_timing_and_conditions_reviewed | player_resource_edit_existing
1304,01从者\000已有从者\05术士\术士-示巴女王\3.8更新 (2).png,analyzed,3,existing_primitives_reviewed | effect_timing_and_conditions_reviewed | array_window_query_gap | player_resource_edit_existing
1305,01从者\000已有从者\05术士\术士-示巴女王\3.8更新 (3).png,analyzed,3,existing_primitives_reviewed | effect_timing_and_conditions_reviewed | player_resource_edit_existing
1306,01从者\000已有从者\05术士\术士-示巴女王\旧\三道谜语.png,analyzed,3,existing_primitives_reviewed | effect_timing_and_conditions_reviewed | player_resource_edit_existing
1307,01从者\000已有从者\05术士\术士-示巴女王\旧\女王的灵香.png,analyzed,3,existing_primitives_reviewed | effect_timing_and_conditions_reviewed | array_window_query_gap | player_resource_edit_existing
1308,01从者\000已有从者\05术士\术士-示巴女王\旧\新建文件夹\三道谜语.png,analyzed,3,existing_primitives_reviewed | effect_timing_and_conditions_reviewed | player_resource_edit_existing
1309,01从者\000已有从者\05术士\术士-示巴女王\旧\新建文件夹\女王的灵香.png,analyzed,3,existing_primitives_reviewed | effect_timing_and_conditions_reviewed | array_window_query_gap | player_resource_edit_existing
1310,01从者\000已有从者\05术士\术士-示巴女王\旧\新建文件夹\示巴女王.png,non_rule,3,overview_token_back_or_no_rule_text
1311,01从者\000已有从者\05术士\术士-示巴女王\旧\新建文件夹\魔神的睿智.png,analyzed,3,existing_primitives_reviewed | effect_timing_and_conditions_reviewed | player_resource_edit_existing
1312,01从者\000已有从者\05术士\术士-示巴女王\旧\魔神的睿智.png,analyzed,3,existing_primitives_reviewed | effect_timing_and_conditions_reviewed | player_resource_edit_existing
1313,01从者\000已有从者\05术士\术士-示巴女王\示巴女王.png,non_rule,3,overview_token_back_or_no_rule_text
1314,01从者\000已有从者\05术士\术士-稗田阿里\httpssteamusercontentaakamaihdnetugc252153471768320342366AF5ACF38CF9FAACBBB8790202484322FE1DB3A.png,analyzed,3,existing_primitives_reviewed | effect_timing_and_conditions_reviewed | object_effect_enablement_gap | placed_non_event_object_gap | player_resource_edit_existing
1315,01从者\000已有从者\05术士\术士-稗田阿里\httpssteamusercontentaakamaihdnetugc2521534717683203834CA367B19E41E495476E0570D11DFDB28A97E9C19.png,analyzed,3,existing_primitives_reviewed | effect_timing_and_conditions_reviewed | player_resource_edit_existing
1316,01从者\000已有从者\05术士\术士-稗田阿里\普通职介技能 (2).png,analyzed,3,existing_primitives_reviewed | effect_timing_and_conditions_reviewed | player_resource_edit_existing
1317,01从者\000已有从者\05术士\术士-稗田阿里\稗田阿礼.png,non_rule,3,overview_token_back_or_no_rule_text
1318,01从者\000已有从者\05术士\术士-童谣\童谣.png,non_rule,3,overview_token_back_or_no_rule_text
1319,01从者\000已有从者\05术士\术士-童谣\童谣技能 (1).png,analyzed,3,existing_primitives_reviewed | effect_timing_and_conditions_reviewed | round_restart_framework_gap | player_resource_edit_existing
1320,01从者\000已有从者\05术士\术士-童谣\童谣技能 (2).png,analyzed,3,existing_primitives_reviewed | effect_timing_and_conditions_reviewed | player_resource_edit_existing
1321,01从者\000已有从者\05术士\术士-童谣\童谣技能 (4).png,analyzed,3,existing_primitives_reviewed | effect_timing_and_conditions_reviewed | player_resource_edit_existing
1322,01从者\000已有从者\05术士\术士-童谣diy\SKILL-无名森林.png,analyzed,3,existing_primitives_reviewed | effect_timing_and_conditions_reviewed | round_restart_framework_gap | player_resource_edit_existing
1323,01从者\000已有从者\05术士\术士-童谣diy\SKILL-炸脖龙.png,analyzed,3,existing_primitives_reviewed | effect_timing_and_conditions_reviewed | player_resource_edit_existing
1324,01从者\000已有从者\05术士\术士-童谣diy\SKILL-王牌士兵.png,analyzed,3,existing_primitives_reviewed | effect_timing_and_conditions_reviewed | player_resource_edit_existing
1325,01从者\000已有从者\05术士\术士-童谣diy\旧\atk-无名森林.png,analyzed,3,existing_primitives_reviewed | effect_timing_and_conditions_reviewed | player_resource_edit_existing
1326,01从者\000已有从者\05术士\术士-童谣diy\旧\atk-炸脖龙.png,analyzed,3,existing_primitives_reviewed | effect_timing_and_conditions_reviewed | player_resource_edit_existing
1327,01从者\000已有从者\05术士\术士-童谣diy\旧\atk-王牌士兵.png,analyzed,3,existing_primitives_reviewed | effect_timing_and_conditions_reviewed | player_resource_edit_existing
1328,01从者\000已有从者\05术士\术士-童谣diy\旧\永久少女·机关帝国.png,analyzed,3,existing_primitives_reviewed | effect_timing_and_conditions_reviewed | round_restart_framework_gap | log_query_existing | player_resource_edit_existing
1329,01从者\000已有从者\05术士\术士-童谣diy\旧\法师-阵地建造.png,analyzed,3,existing_primitives_reviewed | effect_timing_and_conditions_reviewed | scoped_effect_invocation_gap | player_resource_edit_existing
1330,01从者\000已有从者\05术士\术士-童谣diy\旧\献给某人的故事.png,analyzed,3,existing_primitives_reviewed | effect_timing_and_conditions_reviewed | player_resource_edit_existing
1331,01从者\000已有从者\05术士\术士-童谣diy\童谣.png,non_rule,3,overview_token_back_or_no_rule_text
1332,01从者\000已有从者\05术士\术士-紫式部DIY\三十六歌仙.jpg,analyzed,3,existing_primitives_reviewed | effect_timing_and_conditions_reviewed | array_window_query_gap | player_resource_edit_existing
1333,01从者\000已有从者\05术士\术士-紫式部DIY\源氏物语.jpg,analyzed,3,existing_primitives_reviewed | effect_timing_and_conditions_reviewed | distinct_value_count_gap | player_resource_edit_existing
1334,01从者\000已有从者\05术士\术士-紫式部DIY\紫式部.jpg,non_rule,3,overview_token_back_or_no_rule_text
1335,01从者\000已有从者\05术士\术士-紫式部DIY\紫式部日记.jpg,analyzed,3,existing_primitives_reviewed | effect_timing_and_conditions_reviewed | player_resource_edit_existing
1336,01从者\000已有从者\05术士\术士-美游diy\3.6.1更新.png,analyzed,3,existing_primitives_reviewed | effect_timing_and_conditions_reviewed | card_attachment_zone_gap | zone_transfer_existing | player_resource_edit_existing
1337,01从者\000已有从者\05术士\术士-美游diy\ATK-梦幻召唤 (1).png,analyzed,3,existing_primitives_reviewed | effect_timing_and_conditions_reviewed | power_source_provenance_framework_gap | player_resource_edit_existing
1338,01从者\000已有从者\05术士\术士-美游diy\ATK-梦幻召唤 (10).png,analyzed,3,existing_primitives_reviewed | effect_timing_and_conditions_reviewed | player_resource_edit_existing
1339,01从者\000已有从者\05术士\术士-美游diy\ATK-梦幻召唤 (11).png,analyzed,3,existing_primitives_reviewed | effect_timing_and_conditions_reviewed | player_resource_edit_existing
1340,01从者\000已有从者\05术士\术士-美游diy\ATK-梦幻召唤 (4).png,analyzed,3,existing_primitives_reviewed | effect_timing_and_conditions_reviewed | power_source_provenance_framework_gap | player_resource_edit_existing
1341,01从者\000已有从者\05术士\术士-美游diy\ATK-梦幻召唤 (5).png,analyzed,3,existing_primitives_reviewed | effect_timing_and_conditions_reviewed | player_resource_edit_existing
1342,01从者\000已有从者\05术士\术士-美游diy\ATK-梦幻召唤 (8).png,analyzed,3,existing_primitives_reviewed | effect_timing_and_conditions_reviewed | player_resource_edit_existing
1343,01从者\000已有从者\05术士\术士-美游diy\ATK-梦幻召唤 (9).png,analyzed,3,existing_primitives_reviewed | effect_timing_and_conditions_reviewed | player_resource_edit_existing
1344,01从者\000已有从者\05术士\术士-美游diy\ATK-魔术礼装X3.png,analyzed,3,existing_primitives_reviewed | effect_timing_and_conditions_reviewed | create_or_build_card_existing | player_resource_edit_existing
1345,01从者\000已有从者\05术士\术士-美游diy\旧\ATK-梦幻召唤 (4).png,analyzed,3,existing_primitives_reviewed | effect_timing_and_conditions_reviewed | player_resource_edit_existing
1346,01从者\000已有从者\05术士\术士-美游diy\旧\ATK-梦幻召唤 (5).png,analyzed,3,existing_primitives_reviewed | effect_timing_and_conditions_reviewed | player_resource_edit_existing
1347,01从者\000已有从者\05术士\术士-美游diy\旧\照耀星天的地之朔月.png,analyzed,3,existing_primitives_reviewed | effect_timing_and_conditions_reviewed | clone_and_rebind_existing | player_resource_edit_existing
1348,01从者\000已有从者\05术士\术士-美游diy\旧\神稚儿的愿望.png,analyzed,3,existing_primitives_reviewed | effect_timing_and_conditions_reviewed | card_attachment_zone_gap | zone_transfer_existing | player_resource_edit_existing
1349,01从者\000已有从者\05术士\术士-美游diy\术士-魔法蓝宝石DIY\从者-魔法蓝宝石.png,non_rule,3,overview_token_back_or_no_rule_text
1350,01从者\000已有从者\05术士\术士-美游diy\术士-魔法蓝宝石DIY\卡牌选择 (1).png,analyzed,3,existing_primitives_reviewed | effect_timing_and_conditions_reviewed | player_resource_edit_existing
1351,01从者\000已有从者\05术士\术士-美游diy\术士-魔法蓝宝石DIY\卡牌选择 (2).png,analyzed,3,existing_primitives_reviewed | effect_timing_and_conditions_reviewed | player_resource_edit_existing
1352,01从者\000已有从者\05术士\术士-美游diy\术士-魔法蓝宝石DIY\卡牌选择 (3).png,analyzed,3,existing_primitives_reviewed | effect_timing_and_conditions_reviewed | player_resource_edit_existing
1353,01从者\000已有从者\05术士\术士-美游diy\术士-魔法蓝宝石DIY\愿力.png,unclear,3,ocr_unreadable_or_semantically_incomplete
1354,01从者\000已有从者\05术士\术士-美游diy\术士-魔法蓝宝石DIY\朔月.png,analyzed,3,existing_primitives_reviewed | effect_timing_and_conditions_reviewed | card_attachment_zone_gap | log_query_existing | player_resource_edit_existing
1355,01从者\000已有从者\05术士\术士-美游diy\术士-魔法蓝宝石DIY\梦幻召唤 (1).png,analyzed,3,existing_primitives_reviewed | effect_timing_and_conditions_reviewed | player_resource_edit_existing
1356,01从者\000已有从者\05术士\术士-美游diy\术士-魔法蓝宝石DIY\梦幻召唤 (2).png,analyzed,3,existing_primitives_reviewed | effect_timing_and_conditions_reviewed | player_resource_edit_existing
1357,01从者\000已有从者\05术士\术士-美游diy\术士-魔法蓝宝石DIY\梦幻召唤 (3).png,analyzed,3,existing_primitives_reviewed | effect_timing_and_conditions_reviewed | player_resource_edit_existing
1358,01从者\000已有从者\05术士\术士-美游diy\术士-魔法蓝宝石DIY\梦幻召唤 (4).png,analyzed,3,existing_primitives_reviewed | effect_timing_and_conditions_reviewed | player_resource_edit_existing
1359,01从者\000已有从者\05术士\术士-美游diy\术士-魔法蓝宝石DIY\梦幻召唤 (5).png,analyzed,3,existing_primitives_reviewed | effect_timing_and_conditions_reviewed | player_resource_edit_existing
1360,01从者\000已有从者\05术士\术士-美游diy\术士-魔法蓝宝石DIY\梦幻召唤 (6).png,analyzed,3,existing_primitives_reviewed | effect_timing_and_conditions_reviewed | player_resource_edit_existing
1361,01从者\000已有从者\05术士\术士-美游diy\术士-魔法蓝宝石DIY\雪下的誓言.png,analyzed,3,existing_primitives_reviewed | effect_timing_and_conditions_reviewed | player_resource_edit_existing
1362,01从者\000已有从者\05术士\术士-美游diy\术士-魔法蓝宝石DIY\魔力斩击.png,analyzed,3,existing_primitives_reviewed | effect_timing_and_conditions_reviewed | create_or_build_card_existing | player_resource_edit_existing
1363,01从者\000已有从者\05术士\术士-美游diy\照耀星天的地之朔月.png,analyzed,3,existing_primitives_reviewed | effect_timing_and_conditions_reviewed | clone_and_rebind_existing | player_resource_edit_existing
1364,01从者\000已有从者\05术士\术士-美游diy\神稚儿的愿望.png,analyzed,3,existing_primitives_reviewed | effect_timing_and_conditions_reviewed | player_resource_edit_existing
1365,01从者\000已有从者\05术士\术士-美游diy\美游.png,non_rule,3,overview_token_back_or_no_rule_text
1366,01从者\000已有从者\05术士\术士-美游diy\魔力斩击.png,analyzed,3,existing_primitives_reviewed | effect_timing_and_conditions_reviewed | player_resource_edit_existing
1367,01从者\000已有从者\05术士\术士-美狄亚\万股必应破戒.png,analyzed,3,existing_primitives_reviewed | effect_timing_and_conditions_reviewed | zone_transfer_existing | player_resource_edit_existing
1368,01从者\000已有从者\05术士\术士-美狄亚\神言魔术式.png,analyzed,3,existing_primitives_reviewed | effect_timing_and_conditions_reviewed | zone_transfer_existing | player_resource_edit_existing
1369,01从者\000已有从者\05术士\术士-美狄亚\美狄亚.png,non_rule,3,overview_token_back_or_no_rule_text
1370,01从者\000已有从者\05术士\术士-美狄亚\阵地建造.png,analyzed,3,existing_primitives_reviewed | effect_timing_and_conditions_reviewed | player_resource_edit_existing
1371,01从者\000已有从者\05术士\术士-美狄亚〔Lily〕diy\万疵必应修补.png,analyzed,3,existing_primitives_reviewed | effect_timing_and_conditions_reviewed | zone_transfer_existing | player_resource_edit_existing
1372,01从者\000已有从者\05术士\术士-美狄亚〔Lily〕diy\修补token.png,unclear,3,ocr_unreadable_or_semantically_incomplete
1373,01从者\000已有从者\05术士\术士-美狄亚〔Lily〕diy\法师-阵地建造.png,analyzed,3,existing_primitives_reviewed | effect_timing_and_conditions_reviewed | player_resource_edit_existing
1374,01从者\000已有从者\05术士\术士-美狄亚〔Lily〕diy\神言魔术式.png,analyzed,3,existing_primitives_reviewed | effect_timing_and_conditions_reviewed | zone_transfer_existing | player_resource_edit_existing
1375,01从者\000已有从者\05术士\术士-美狄亚〔Lily〕diy\美狄亚lily.png,non_rule,3,overview_token_back_or_no_rule_text
1376,01从者\000已有从者\05术士\术士-莎士比亚\开演已至.png,analyzed,3,existing_primitives_reviewed | effect_timing_and_conditions_reviewed | player_resource_edit_existing
1377,01从者\000已有从者\05术士\术士-莎士比亚\莎士比亚.png,non_rule,3,overview_token_back_or_no_rule_text
1378,01从者\000已有从者\05术士\术士-莎士比亚\阵地建造.png,analyzed,3,existing_primitives_reviewed | effect_timing_and_conditions_reviewed | player_resource_edit_existing
1379,01从者\000已有从者\05术士\术士-莎士比亚\魔力附加.png,analyzed,3,existing_primitives_reviewed | effect_timing_and_conditions_reviewed | player_resource_edit_existing
1380,01从者\000已有从者\05术士\术士-莫扎特\3.1更新.png,analyzed,3,existing_primitives_reviewed | effect_timing_and_conditions_reviewed | log_query_existing | player_resource_edit_existing
1381,01从者\000已有从者\05术士\术士-莫扎特\小夜曲.png,analyzed,3,existing_primitives_reviewed | effect_timing_and_conditions_reviewed | log_query_existing | player_resource_edit_existing
1382,01从者\000已有从者\05术士\术士-莫扎特\法师-阵地建造.png,analyzed,3,existing_primitives_reviewed | effect_timing_and_conditions_reviewed | player_resource_edit_existing
1383,01从者\000已有从者\05术士\术士-莫扎特\献给死神的安魂曲.png,analyzed,3,existing_primitives_reviewed | effect_timing_and_conditions_reviewed | log_query_existing | player_resource_edit_existing
1384,01从者\000已有从者\05术士\术士-莫扎特\莫扎特.png,non_rule,3,overview_token_back_or_no_rule_text
1385,01从者\000已有从者\05术士\术士-莱昂纳多·达芬奇\万能之人.png,analyzed,3,existing_primitives_reviewed | effect_timing_and_conditions_reviewed | player_resource_edit_existing
1386,01从者\000已有从者\05术士\术士-莱昂纳多·达芬奇\天赋的睿智.png,analyzed,3,existing_primitives_reviewed | effect_timing_and_conditions_reviewed | player_resource_edit_existing
1387,01从者\000已有从者\05术士\术士-莱昂纳多·达芬奇\莱昂纳多·达·芬奇.png,non_rule,3,overview_token_back_or_no_rule_text
1388,01从者\000已有从者\05术士\术士-莱昂纳多·达芬奇\达·芬奇工房.png,analyzed,3,existing_primitives_reviewed | effect_timing_and_conditions_reviewed | player_resource_edit_existing
1389,01从者\000已有从者\05术士\术士-莱昂纳多·达芬奇\达芬奇-货柜商品（28\令咒.png,analyzed,3,existing_primitives_reviewed | effect_timing_and_conditions_reviewed | player_resource_edit_existing
1390,01从者\000已有从者\05术士\术士-莱昂纳多·达芬奇\达芬奇-货柜商品（28\兽之灾难.png,analyzed,3,existing_primitives_reviewed | effect_timing_and_conditions_reviewed | player_resource_edit_existing
1391,01从者\000已有从者\05术士\术士-莱昂纳多·达芬奇\达芬奇-货柜商品（28\卡背.png,unclear,3,ocr_unreadable_or_semantically_incomplete
1392,01从者\000已有从者\05术士\术士-莱昂纳多·达芬奇\达芬奇-货柜商品（28\口袋达·芬奇.png,analyzed,3,existing_primitives_reviewed | effect_timing_and_conditions_reviewed | create_or_build_card_existing | player_resource_edit_existing
1393,01从者\000已有从者\05术士\术士-莱昂纳多·达芬奇\达芬奇-货柜商品（28\可爱的纪念品.png,analyzed,3,existing_primitives_reviewed | effect_timing_and_conditions_reviewed | create_or_build_card_existing | player_resource_edit_existing
1394,01从者\000已有从者\05术士\术士-莱昂纳多·达芬奇\达芬奇-货柜商品（28\应急处置x2.png,analyzed,3,existing_primitives_reviewed | effect_timing_and_conditions_reviewed | create_or_build_card_existing | zone_transfer_existing | player_resource_edit_existing
1395,01从者\000已有从者\05术士\术士-莱昂纳多·达芬奇\达芬奇-货柜商品（28\指令：集中x2.png,analyzed,3,existing_primitives_reviewed | effect_timing_and_conditions_reviewed | create_or_build_card_existing | player_resource_edit_existing
1396,01从者\000已有从者\05术士\术士-莱昂纳多·达芬奇\达芬奇-货柜商品（28\提升等级x10.png,analyzed,3,existing_primitives_reviewed | effect_timing_and_conditions_reviewed | create_or_build_card_existing | player_resource_edit_existing
1397,01从者\000已有从者\05术士\术士-莱昂纳多·达芬奇\达芬奇-货柜商品（28\瞬间强化x2.png,analyzed,3,existing_primitives_reviewed | effect_timing_and_conditions_reviewed | create_or_build_card_existing | player_resource_edit_existing
1398,01从者\000已有从者\05术士\术士-莱昂纳多·达芬奇\达芬奇-货柜商品（28\蒙娜丽莎的微笑.png,analyzed,3,existing_primitives_reviewed | effect_timing_and_conditions_reviewed | create_or_build_card_existing | player_resource_edit_existing
1399,01从者\000已有从者\05术士\术士-莱昂纳多·达芬奇\达芬奇-货柜商品（28\虚数潜航艇.png,analyzed,3,existing_primitives_reviewed | effect_timing_and_conditions_reviewed | create_or_build_card_existing | player_resource_edit_existing
1400,01从者\000已有从者\05术士\术士-莱昂纳多·达芬奇\达芬奇-货柜商品（28\起源档案.png,analyzed,3,existing_primitives_reviewed | effect_timing_and_conditions_reviewed | create_or_build_card_existing | player_resource_edit_existing
1401,01从者\000已有从者\05术士\术士-莱昂纳多·达芬奇\达芬奇-货柜商品（28\金苹果x2.png,analyzed,3,existing_primitives_reviewed | effect_timing_and_conditions_reviewed | effect_targeting_immunity_framework_gap | create_or_build_card_existing | player_resource_edit_existing
1402,01从者\000已有从者\05术士\术士-莱昂纳多·达芬奇\达芬奇-货柜商品（28\领子转让x2.png,analyzed,3,existing_primitives_reviewed | effect_timing_and_conditions_reviewed | create_or_build_card_existing | player_resource_edit_existing
1403,01从者\000已有从者\05术士\术士-莱昂纳多·达芬奇\达芬奇-货柜商品（28\黑键.png,analyzed,3,existing_primitives_reviewed | effect_timing_and_conditions_reviewed | create_or_build_card_existing | player_resource_edit_existing
1404,01从者\000已有从者\05术士\术士-诸葛孔明2.7diy\军师的指挥.png,analyzed,3,existing_primitives_reviewed | effect_timing_and_conditions_reviewed | player_resource_edit_existing
1405,01从者\000已有从者\05术士\术士-诸葛孔明2.7diy\出师表.png,analyzed,3,existing_primitives_reviewed | effect_timing_and_conditions_reviewed | player_resource_edit_existing
1406,01从者\000已有从者\05术士\术士-诸葛孔明2.7diy\石兵八阵.png,analyzed,3,existing_primitives_reviewed | effect_timing_and_conditions_reviewed | player_resource_edit_existing
1407,01从者\000已有从者\05术士\术士-诸葛孔明2.7diy\诸葛孔明.png,non_rule,3,overview_token_back_or_no_rule_text
1408,01从者\000已有从者\05术士\术士-诸葛孔明diy\3.1更新 (2).png,analyzed,3,existing_primitives_reviewed | effect_timing_and_conditions_reviewed | player_resource_edit_existing
1409,01从者\000已有从者\05术士\术士-诸葛孔明diy\3.4更新诸葛孔明.png,analyzed,3,existing_primitives_reviewed | effect_timing_and_conditions_reviewed | player_resource_edit_existing
1410,01从者\000已有从者\05术士\术士-诸葛孔明diy\旧\3.1更新 (1).png,analyzed,3,existing_primitives_reviewed | effect_timing_and_conditions_reviewed | player_resource_edit_existing
1411,01从者\000已有从者\05术士\术士-诸葛孔明diy\旧\王之遗物.png,analyzed,3,existing_primitives_reviewed | effect_timing_and_conditions_reviewed | zone_transfer_existing | player_resource_edit_existing
1412,01从者\000已有从者\05术士\术士-诸葛孔明diy\旧\石兵八阵.png,analyzed,3,existing_primitives_reviewed | effect_timing_and_conditions_reviewed | player_resource_edit_existing
1413,01从者\000已有从者\05术士\术士-诸葛孔明diy\法师-阵地建造.png,analyzed,3,existing_primitives_reviewed | effect_timing_and_conditions_reviewed | player_resource_edit_existing
1414,01从者\000已有从者\05术士\术士-诸葛孔明diy\诸葛孔明.png,non_rule,3,overview_token_back_or_no_rule_text
1415,01从者\000已有从者\05术士\术士-阿基米德\支点.png,analyzed,3,existing_primitives_reviewed | effect_timing_and_conditions_reviewed | player_resource_edit_existing
1416,01从者\000已有从者\05术士\术士-阿基米德\术理解明.png,analyzed,3,existing_primitives_reviewed | effect_timing_and_conditions_reviewed | number_theory_gap | player_resource_edit_existing
1417,01从者\000已有从者\05术士\术士-阿基米德\术理解明红.png,analyzed,3,existing_primitives_reviewed | effect_timing_and_conditions_reviewed | number_theory_gap | player_resource_edit_existing
1418,01从者\000已有从者\05术士\术士-阿基米德\阿基米德.png,non_rule,3,overview_token_back_or_no_rule_text
1419,01从者\000已有从者\05术士\术士-阿尔托莉雅·卡斯尔\3.6选定之杖.png,analyzed,3,existing_primitives_reviewed | effect_timing_and_conditions_reviewed | array_window_query_gap | player_resource_edit_existing
1420,01从者\000已有从者\05术士\术士-阿尔托莉雅·卡斯尔\ATK-朝圣者 (1).png,analyzed,3,existing_primitives_reviewed | effect_timing_and_conditions_reviewed | log_query_existing | player_resource_edit_existing
1421,01从者\000已有从者\05术士\术士-阿尔托莉雅·卡斯尔\ATK-朝圣者 (2).png,analyzed,3,existing_primitives_reviewed | effect_timing_and_conditions_reviewed | log_query_existing | player_resource_edit_existing
1422,01从者\000已有从者\05术士\术士-阿尔托莉雅·卡斯尔\ATK-朝圣者 (3).png,analyzed,3,existing_primitives_reviewed | effect_timing_and_conditions_reviewed | log_query_existing | player_resource_edit_existing
1423,01从者\000已有从者\05术士\术士-阿尔托莉雅·卡斯尔\真圆集结誓约之星.png,analyzed,3,existing_primitives_reviewed | effect_timing_and_conditions_reviewed | player_resource_edit_existing
1424,01从者\000已有从者\05术士\术士-阿尔托莉雅·卡斯尔\选定之杖.png,analyzed,3,existing_primitives_reviewed | effect_timing_and_conditions_reviewed | array_window_query_gap | player_resource_edit_existing
1425,01从者\000已有从者\05术士\术士-阿尔托莉雅·卡斯尔\选王剑.png,analyzed,3,existing_primitives_reviewed | effect_timing_and_conditions_reviewed | player_resource_edit_existing
1426,01从者\000已有从者\05术士\术士-阿尔托莉雅·卡斯尔\阿尔托莉雅·卡斯特.png,non_rule,3,overview_token_back_or_no_rule_text
1427,01从者\000已有从者\05术士\术士-阿斯克勒庇俄斯diy\3.4.1更新仿药.png,analyzed,3,existing_primitives_reviewed | effect_timing_and_conditions_reviewed | player_resource_edit_existing
1428,01从者\000已有从者\05术士\术士-阿斯克勒庇俄斯diy\3.4.1更新神之手.png,analyzed,3,existing_primitives_reviewed | effect_timing_and_conditions_reviewed | player_resource_edit_existing
1429,01从者\000已有从者\05术士\术士-阿斯克勒庇俄斯diy\3.4.1更新蛇之杖.png,analyzed,3,existing_primitives_reviewed | effect_timing_and_conditions_reviewed | player_resource_edit_existing
1430,01从者\000已有从者\05术士\术士-阿斯克勒庇俄斯diy\3.4.1更新阿斯克勒庇俄斯.png,non_rule,3,overview_token_back_or_no_rule_text
1431,01从者\000已有从者\05术士\术士-阿斯克勒庇俄斯diy\旧\httpcloud3steamusercontentcomugc20779040696562555073DACEDEB70907CCB065D60E53A17E8E91824F1E1.png,non_rule,3,overview_token_back_or_no_rule_text
1432,01从者\000已有从者\05术士\术士-阿斯克勒庇俄斯diy\旧\仿药.png,analyzed,3,existing_primitives_reviewed | effect_timing_and_conditions_reviewed | player_resource_edit_existing
1433,01从者\000已有从者\05术士\术士-阿斯克勒庇俄斯diy\旧\病灶切除.png,analyzed,3,existing_primitives_reviewed | effect_timing_and_conditions_reviewed | player_resource_edit_existing
1434,01从者\000已有从者\05术士\术士-阿斯克勒庇俄斯diy\旧\神之手.png,analyzed,3,existing_primitives_reviewed | effect_timing_and_conditions_reviewed | player_resource_edit_existing
1435,01从者\000已有从者\05术士\术士-阿斯克勒庇俄斯diy\旧\阿斯克勒庇俄斯.png,non_rule,3,overview_token_back_or_no_rule_text
1436,01从者\000已有从者\05术士\术士-阿斯克勒庇俄斯diy\真药.png,analyzed,3,existing_primitives_reviewed | effect_timing_and_conditions_reviewed | player_lifecycle_framework_gap | zone_transfer_existing | player_resource_edit_existing
1437,01从者\000已有从者\05术士\术士-阿纳斯塔西亚\3.1更新.png,analyzed,3,existing_primitives_reviewed | effect_timing_and_conditions_reviewed | effect_targeting_immunity_framework_gap | player_resource_edit_existing
1438,01从者\000已有从者\05术士\术士-阿纳斯塔西亚\残光、令人憎恶的血之城塞.png,analyzed,3,existing_primitives_reviewed | effect_timing_and_conditions_reviewed | object_effect_enablement_gap | effect_targeting_immunity_framework_gap | player_resource_edit_existing
1439,01从者\000已有从者\05术士\术士-阿纳斯塔西亚\法师-阵地建造.png,analyzed,3,existing_primitives_reviewed | effect_timing_and_conditions_reviewed | effect_targeting_immunity_framework_gap | player_resource_edit_existing
1440,01从者\000已有从者\05术士\术士-阿纳斯塔西亚\疾驰·精灵眼球.png,analyzed,3,existing_primitives_reviewed | effect_timing_and_conditions_reviewed | effect_targeting_immunity_framework_gap | player_resource_edit_existing
1441,01从者\000已有从者\05术士\术士-阿纳斯塔西亚\阿纳斯塔西亚.png,non_rule,3,overview_token_back_or_no_rule_text
1442,01从者\000已有从者\05术士\术士-阿维斯布隆\httpcloud3steamusercontentcomugc1705163165449870285530F62DF08DB71EC4DD93F99CE7FD1F2EEDF2B33 - 副本 - 副本.png,analyzed,3,existing_primitives_reviewed | effect_timing_and_conditions_reviewed | player_resource_edit_existing
1443,01从者\000已有从者\05术士\术士-阿维斯布隆\httpcloud3steamusercontentcomugc1705163165449870285530F62DF08DB71EC4DD93F99CE7FD1F2EEDF2B33 - 副本.png,analyzed,3,existing_primitives_reviewed | effect_timing_and_conditions_reviewed | player_resource_edit_existing
1444,01从者\000已有从者\05术士\术士-阿维斯布隆\httpcloud3steamusercontentcomugc1705163165449870285530F62DF08DB71EC4DD93F99CE7FD1F2EEDF2B33.png,analyzed,3,existing_primitives_reviewed | effect_timing_and_conditions_reviewed | player_resource_edit_existing
1445,01从者\000已有从者\05术士\术士-阿维斯布隆\httpcloud3steamusercontentcomugc1705163165449874965A1172014B2D873F3F152F2ADDF0588275E9AACF2 - 副本.png,analyzed,3,existing_primitives_reviewed | effect_timing_and_conditions_reviewed | player_resource_edit_existing
1446,01从者\000已有从者\05术士\术士-阿维斯布隆\httpcloud3steamusercontentcomugc1705163165449874965A1172014B2D873F3F152F2ADDF0588275E9AACF2.png,analyzed,3,existing_primitives_reviewed | effect_timing_and_conditions_reviewed | player_resource_edit_existing
1447,01从者\000已有从者\05术士\术士-阿维斯布隆\数秘术.png,analyzed,3,existing_primitives_reviewed | effect_timing_and_conditions_reviewed | player_resource_edit_existing
1448,01从者\000已有从者\05术士\术士-阿维斯布隆\法师-阵地建造.png,analyzed,3,existing_primitives_reviewed | effect_timing_and_conditions_reviewed | player_resource_edit_existing
1449,01从者\000已有从者\05术士\术士-阿维斯布隆\王冠·睿智之光.png,analyzed,3,existing_primitives_reviewed | effect_timing_and_conditions_reviewed | zone_transfer_existing | player_resource_edit_existing
1450,01从者\000已有从者\05术士\术士-阿维斯布隆\阿维斯布隆.png,non_rule,3,overview_token_back_or_no_rule_text
1451,01从者\000已有从者\05术士\术士-陈宫diy\3.1更新骑乘.png,analyzed,3,existing_primitives_reviewed | effect_timing_and_conditions_reviewed | player_resource_edit_existing
1452,01从者\000已有从者\05术士\术士-陈宫diy\3.4更新犄角一阵.png,analyzed,3,existing_primitives_reviewed | effect_timing_and_conditions_reviewed | player_resource_edit_existing
1453,01从者\000已有从者\05术士\术士-陈宫diy\御主-陈宫.png,analyzed,3,existing_primitives_reviewed | effect_timing_and_conditions_reviewed | player_resource_edit_existing
1454,01从者\000已有从者\05术士\术士-陈宫diy\法师-阵地建造.png,analyzed,3,existing_primitives_reviewed | effect_timing_and_conditions_reviewed | player_resource_edit_existing
1455,01从者\000已有从者\05术士\术士-陈宫diy\犄角一阵.png,analyzed,3,existing_primitives_reviewed | effect_timing_and_conditions_reviewed | player_resource_edit_existing
1456,01从者\000已有从者\05术士\术士-陈宫diy\陈宫.png,non_rule,3,overview_token_back_or_no_rule_text
1457,01从者\000已有从者\05术士\术士-魔法蓝宝石\魔法蓝宝石.png,non_rule,3,overview_token_back_or_no_rule_text
1458,01从者\000已有从者\05术士\术士-麦克斯韦妖\恶魔的证明.png,analyzed,3,existing_primitives_reviewed | effect_timing_and_conditions_reviewed | player_resource_edit_existing
1459,01从者\000已有从者\05术士\术士-麦克斯韦妖\法师-阵地建造.png,analyzed,3,existing_primitives_reviewed | effect_timing_and_conditions_reviewed | player_resource_edit_existing
1460,01从者\000已有从者\05术士\术士-麦克斯韦妖\热力学第二定律.png,analyzed,3,existing_primitives_reviewed | effect_timing_and_conditions_reviewed | player_resource_edit_existing
1461,01从者\000已有从者\05术士\术士-麦克斯韦妖\麦克斯韦妖-悖论x15.png,unclear,3,ocr_unreadable_or_semantically_incomplete
1462,01从者\000已有从者\05术士\术士-麦克斯韦妖\麦克斯韦妖.png,non_rule,3,overview_token_back_or_no_rule_text
1463,01从者\000已有从者\05术士\术士-齐格\3.8更新 (2).png,analyzed,3,existing_primitives_reviewed | effect_timing_and_conditions_reviewed | log_query_existing | player_resource_edit_existing
1464,01从者\000已有从者\05术士\术士-齐格\3.8更新.png,analyzed,3,existing_primitives_reviewed | effect_timing_and_conditions_reviewed | log_query_existing | player_resource_edit_existing
1465,01从者\000已有从者\05术士\术士-齐格\旧\幻想大剑.png,analyzed,3,existing_primitives_reviewed | effect_timing_and_conditions_reviewed | log_query_existing | player_resource_edit_existing
1466,01从者\000已有从者\05术士\术士-齐格\旧\灼热龙息.png,analyzed,3,existing_primitives_reviewed | effect_timing_and_conditions_reviewed | log_query_existing | player_resource_edit_existing
1467,01从者\000已有从者\05术士\术士-齐格\齐格.png,non_rule,3,overview_token_back_or_no_rule_text
1468,01从者\000已有从者\05术士\术士-齐格\龙告令咒.png,analyzed,3,existing_primitives_reviewed | effect_timing_and_conditions_reviewed | log_query_existing | player_resource_edit_existing
1469,01从者\000已有从者\06暗杀者\暗杀者-X毛\3.1更新 (1).png,analyzed,3,existing_primitives_reviewed | effect_timing_and_conditions_reviewed | player_resource_edit_existing
1470,01从者\000已有从者\06暗杀者\暗杀者-X毛\3.1更新 (3).png,analyzed,3,existing_primitives_reviewed | effect_timing_and_conditions_reviewed | player_resource_edit_existing
1471,01从者\000已有从者\06暗杀者\暗杀者-X毛\3.4更新.png,analyzed,3,existing_primitives_reviewed | effect_timing_and_conditions_reviewed | player_resource_edit_existing
1472,01从者\000已有从者\06暗杀者\暗杀者-X毛\旧\3.1更新 (2).png,analyzed,3,existing_primitives_reviewed | effect_timing_and_conditions_reviewed | player_resource_edit_existing
1473,01从者\000已有从者\06暗杀者\暗杀者-X毛\迷之女主角X.png,non_rule,3,overview_token_back_or_no_rule_text
1474,01从者\000已有从者\06暗杀者\暗杀者-两仪式\3.1更新 (1).png,analyzed,3,existing_primitives_reviewed | effect_timing_and_conditions_reviewed | player_resource_edit_existing
1475,01从者\000已有从者\06暗杀者\暗杀者-两仪式\3.1更新 (2).png,analyzed,3,existing_primitives_reviewed | effect_timing_and_conditions_reviewed | player_resource_edit_existing
1476,01从者\000已有从者\06暗杀者\暗杀者-两仪式\3.1更新 (3).png,analyzed,3,existing_primitives_reviewed | effect_timing_and_conditions_reviewed | player_resource_edit_existing
1477,01从者\000已有从者\06暗杀者\暗杀者-两仪式\3.6阴阳螺旋.png,analyzed,3,existing_primitives_reviewed | effect_timing_and_conditions_reviewed | player_resource_edit_existing
1478,01从者\000已有从者\06暗杀者\暗杀者-两仪式\两仪式.png,non_rule,3,overview_token_back_or_no_rule_text
1479,01从者\000已有从者\06暗杀者\暗杀者-亨利\3.1更新.png,analyzed,3,existing_primitives_reviewed | effect_timing_and_conditions_reviewed | player_resource_edit_existing
1480,01从者\000已有从者\06暗杀者\暗杀者-亨利\亨利·杰基尔博士.png,non_rule,3,overview_token_back_or_no_rule_text
1481,01从者\000已有从者\06暗杀者\暗杀者-亨利\旧\隐秘的罪之游戏1.png,analyzed,3,existing_primitives_reviewed | effect_timing_and_conditions_reviewed | player_resource_edit_existing
1482,01从者\000已有从者\06暗杀者\暗杀者-亨利\普通职介技能 (6).png,analyzed,3,existing_primitives_reviewed | effect_timing_and_conditions_reviewed | player_resource_edit_existing
1483,01从者\000已有从者\06暗杀者\暗杀者-亨利\暗杀者-气息遮断.png,analyzed,3,existing_primitives_reviewed | effect_timing_and_conditions_reviewed | player_resource_edit_existing
1484,01从者\000已有从者\06暗杀者\暗杀者-亨利\隐秘的罪之游戏.png,analyzed,3,existing_primitives_reviewed | effect_timing_and_conditions_reviewed | player_resource_edit_existing
1485,01从者\000已有从者\06暗杀者\暗杀者-佐佐木小次郎\1太.png,analyzed,3,existing_primitives_reviewed | effect_timing_and_conditions_reviewed | player_resource_edit_existing
1486,01从者\000已有从者\06暗杀者\暗杀者-佐佐木小次郎\2太.png,analyzed,3,existing_primitives_reviewed | effect_timing_and_conditions_reviewed | player_resource_edit_existing
1487,01从者\000已有从者\06暗杀者\暗杀者-佐佐木小次郎\3太.png,analyzed,3,existing_primitives_reviewed | effect_timing_and_conditions_reviewed | player_resource_edit_existing
1488,01从者\000已有从者\06暗杀者\暗杀者-佐佐木小次郎\佐佐木小次郎.png,non_rule,3,overview_token_back_or_no_rule_text
1489,01从者\000已有从者\06暗杀者\暗杀者-冈田以藏\3.6了结剑.png,analyzed,3,existing_primitives_reviewed | effect_timing_and_conditions_reviewed | log_query_existing | player_resource_edit_existing
1490,01从者\000已有从者\06暗杀者\暗杀者-冈田以藏\了结剑.png,analyzed,3,existing_primitives_reviewed | effect_timing_and_conditions_reviewed | log_query_existing | player_resource_edit_existing
1491,01从者\000已有从者\06暗杀者\暗杀者-冈田以藏\人斩.png,analyzed,3,existing_primitives_reviewed | effect_timing_and_conditions_reviewed | log_query_existing | player_resource_edit_existing
1492,01从者\000已有从者\06暗杀者\暗杀者-冈田以藏\冈田以藏.png,non_rule,3,overview_token_back_or_no_rule_text
1493,01从者\000已有从者\06暗杀者\暗杀者-冈田以藏\暗杀者-气息遮断.png,analyzed,3,existing_primitives_reviewed | effect_timing_and_conditions_reviewed | player_resource_edit_existing
1494,01从者\000已有从者\06暗杀者\暗杀者-刑部姬\刑部姬.png,non_rule,3,overview_token_back_or_no_rule_text
1495,01从者\000已有从者\06暗杀者\暗杀者-刑部姬\千代纸操法.png,analyzed,3,existing_primitives_reviewed | effect_timing_and_conditions_reviewed | map_graph_query_gap | player_resource_edit_existing
1496,01从者\000已有从者\06暗杀者\暗杀者-刑部姬\城中妖怪.png,analyzed,3,existing_primitives_reviewed | effect_timing_and_conditions_reviewed | player_resource_edit_existing
1497,01从者\000已有从者\06暗杀者\暗杀者-刑部姬\姬路城.png,analyzed,3,existing_primitives_reviewed | effect_timing_and_conditions_reviewed | placed_non_event_object_gap | player_resource_edit_existing
1498,01从者\000已有从者\06暗杀者\暗杀者-刑部姬diy\刑部姬.png,non_rule,3,overview_token_back_or_no_rule_text
1499,01从者\000已有从者\06暗杀者\暗杀者-刑部姬diy\旧\姬路城.png,analyzed,3,existing_primitives_reviewed | effect_timing_and_conditions_reviewed | player_resource_edit_existing
1500,01从者\000已有从者\06暗杀者\暗杀者-刑部姬diy\旧\暗杀者-气息遮断.png,analyzed,3,existing_primitives_reviewed | effect_timing_and_conditions_reviewed | player_resource_edit_existing
1501,01从者\000已有从者\06暗杀者\暗杀者-刑部姬diy\旧\白鹭城百鬼八天堂大人.png,analyzed,3,existing_primitives_reviewed | effect_timing_and_conditions_reviewed | player_resource_edit_existing
1502,01从者\000已有从者\06暗杀者\暗杀者-刑部姬diy\暗-刑部姬DIY (1).jpg,analyzed,3,existing_primitives_reviewed | effect_timing_and_conditions_reviewed | player_resource_edit_existing
1503,01从者\000已有从者\06暗杀者\暗杀者-刑部姬diy\暗-刑部姬DIY (2).jpg,analyzed,3,existing_primitives_reviewed | effect_timing_and_conditions_reviewed | player_resource_edit_existing
1504,01从者\000已有从者\06暗杀者\暗杀者-刑部姬diy\暗-刑部姬DIY (3).jpg,analyzed,3,existing_primitives_reviewed | effect_timing_and_conditions_reviewed | player_resource_edit_existing
1505,01从者\000已有从者\06暗杀者\暗杀者-加藤段藏\3.9更新.png,analyzed,3,existing_primitives_reviewed | effect_timing_and_conditions_reviewed | aggregate_property_gap | player_resource_edit_existing
1506,01从者\000已有从者\06暗杀者\暗杀者-加藤段藏\加藤段藏.png,non_rule,3,overview_token_back_or_no_rule_text
1507,01从者\000已有从者\06暗杀者\暗杀者-加藤段藏\吞牛.png,analyzed,3,existing_primitives_reviewed | effect_timing_and_conditions_reviewed | aggregate_property_gap | player_resource_edit_existing
1508,01从者\000已有从者\06暗杀者\暗杀者-加藤段藏\普通职介技能 (6).png,analyzed,3,existing_primitives_reviewed | effect_timing_and_conditions_reviewed | player_resource_edit_existing
1509,01从者\000已有从者\06暗杀者\暗杀者-加藤段藏\暗杀者-气息遮断.png,analyzed,3,existing_primitives_reviewed | effect_timing_and_conditions_reviewed | player_resource_edit_existing
1510,01从者\000已有从者\06暗杀者\暗杀者-加藤段藏\连携爆弹.png,analyzed,3,existing_primitives_reviewed | effect_timing_and_conditions_reviewed | log_query_existing | player_resource_edit_existing
1511,01从者\000已有从者\06暗杀者\暗杀者-卡米拉\卡米拉.png,non_rule,3,overview_token_back_or_no_rule_text
1512,01从者\000已有从者\06暗杀者\暗杀者-卡米拉\吸血.png,analyzed,3,existing_primitives_reviewed | effect_timing_and_conditions_reviewed | player_resource_edit_existing
1513,01从者\000已有从者\06暗杀者\暗杀者-卡米拉\幻想.png,analyzed,3,existing_primitives_reviewed | effect_timing_and_conditions_reviewed | player_resource_edit_existing
1514,01从者\000已有从者\06暗杀者\暗杀者-卡米拉\拷问技术.png,analyzed,3,existing_primitives_reviewed | effect_timing_and_conditions_reviewed | card_controller_gap | player_resource_edit_existing
1515,01从者\000已有从者\06暗杀者\暗杀者-卫宫切嗣\卫宫切嗣.png,non_rule,3,overview_token_back_or_no_rule_text
1516,01从者\000已有从者\06暗杀者\暗杀者-卫宫切嗣\普通职介技能 (6).png,analyzed,3,existing_primitives_reviewed | effect_timing_and_conditions_reviewed | player_resource_edit_existing
1517,01从者\000已有从者\06暗杀者\暗杀者-卫宫切嗣\气息遮断.png,analyzed,3,existing_primitives_reviewed | effect_timing_and_conditions_reviewed | player_resource_edit_existing
1518,01从者\000已有从者\06暗杀者\暗杀者-卫宫切嗣\神秘碾断.png,analyzed,3,existing_primitives_reviewed | effect_timing_and_conditions_reviewed | player_resource_edit_existing
1519,01从者\000已有从者\06暗杀者\暗杀者-卫宫切嗣\花开堪折直须折.png,analyzed,3,existing_primitives_reviewed | effect_timing_and_conditions_reviewed | player_resource_edit_existing
1520,01从者\000已有从者\06暗杀者\暗杀者-呼延灼diy\3.4更新天威星.png,analyzed,3,existing_primitives_reviewed | effect_timing_and_conditions_reviewed | log_query_existing | player_resource_edit_existing
1521,01从者\000已有从者\06暗杀者\暗杀者-呼延灼diy\3.4更新连环马.png,analyzed,3,existing_primitives_reviewed | effect_timing_and_conditions_reviewed | player_resource_edit_existing
1522,01从者\000已有从者\06暗杀者\暗杀者-呼延灼diy\httpcloud3steamusercontentcomugc2041860270430172236E7D1F2158FFF72FBE82699DC85A3E5CDBCE97CF5.png,unclear,3,ocr_unreadable_or_semantically_incomplete
1523,01从者\000已有从者\06暗杀者\暗杀者-呼延灼diy\httpcloud3steamusercontentcomugc2041860270430173023ED366EF8D838FAAA021C3130BA793F0ED3876E0D.png,unclear,3,ocr_unreadable_or_semantically_incomplete
1524,01从者\000已有从者\06暗杀者\暗杀者-呼延灼diy\呼延灼.png,non_rule,3,overview_token_back_or_no_rule_text
1525,01从者\000已有从者\06暗杀者\暗杀者-呼延灼diy\呼延灼新技能 (3).png,analyzed,3,existing_primitives_reviewed | effect_timing_and_conditions_reviewed | player_resource_edit_existing
1526,01从者\000已有从者\06暗杀者\暗杀者-呼延灼diy\旧\呼延灼新技能 (1).png,analyzed,3,existing_primitives_reviewed | effect_timing_and_conditions_reviewed | player_resource_edit_existing
1527,01从者\000已有从者\06暗杀者\暗杀者-呼延灼diy\旧\呼延灼新技能 (2).png,analyzed,3,existing_primitives_reviewed | effect_timing_and_conditions_reviewed | player_resource_edit_existing
1528,01从者\000已有从者\06暗杀者\暗杀者-呼延灼diy\旧\天威星.png,analyzed,3,existing_primitives_reviewed | effect_timing_and_conditions_reviewed | player_resource_edit_existing
1529,01从者\000已有从者\06暗杀者\暗杀者-呼延灼diy\旧\幻兽凭依.png,analyzed,3,existing_primitives_reviewed | effect_timing_and_conditions_reviewed | player_resource_edit_existing
1530,01从者\000已有从者\06暗杀者\暗杀者-呼延灼diy\旧\连环马大岚阵.png,analyzed,3,existing_primitives_reviewed | effect_timing_and_conditions_reviewed | player_resource_edit_existing
1531,01从者\000已有从者\06暗杀者\暗杀者-咒腕哈桑\咒腕哈桑.png,non_rule,3,overview_token_back_or_no_rule_text
1532,01从者\000已有从者\06暗杀者\暗杀者-咒腕哈桑\妄想心音.png,analyzed,3,existing_primitives_reviewed | effect_timing_and_conditions_reviewed | log_query_existing | player_resource_edit_existing
1533,01从者\000已有从者\06暗杀者\暗杀者-咒腕哈桑\普通职介技能 (6).png,analyzed,3,existing_primitives_reviewed | effect_timing_and_conditions_reviewed | player_resource_edit_existing
1534,01从者\000已有从者\06暗杀者\暗杀者-咒腕哈桑\气息遮断.png,analyzed,3,existing_primitives_reviewed | effect_timing_and_conditions_reviewed | player_resource_edit_existing
1535,01从者\000已有从者\06暗杀者\暗杀者-咒腕哈桑\自我改造.png,analyzed,3,existing_primitives_reviewed | effect_timing_and_conditions_reviewed | log_query_existing | player_resource_edit_existing
1536,01从者\000已有从者\06暗杀者\暗杀者-夏尔·亨利·桑松\3.6死亡将为明日的希望.png,analyzed,3,existing_primitives_reviewed | effect_timing_and_conditions_reviewed | simultaneous_choice_framework_gap | player_resource_edit_existing
1537,01从者\000已有从者\06暗杀者\暗杀者-夏尔·亨利·桑松\httpcloud3steamusercontentcomugc16376111662676738163739233C307FFC043405D2C1E0F985A69D01B62F.png,non_rule,3,overview_token_back_or_no_rule_text
1538,01从者\000已有从者\06暗杀者\暗杀者-夏尔·亨利·桑松\夏尔·亨利·桑松.png,non_rule,3,overview_token_back_or_no_rule_text
1539,01从者\000已有从者\06暗杀者\暗杀者-夏尔·亨利·桑松\弑君者.png,analyzed,3,existing_primitives_reviewed | effect_timing_and_conditions_reviewed | log_query_existing | player_resource_edit_existing
1540,01从者\000已有从者\06暗杀者\暗杀者-夏尔·亨利·桑松\死亡将为明日的希望.png,analyzed,3,existing_primitives_reviewed | effect_timing_and_conditions_reviewed | log_query_existing | player_resource_edit_existing
1541,01从者\000已有从者\06暗杀者\暗杀者-夏尔·亨利·桑松\死亡将为明日的希望1.png,analyzed,3,existing_primitives_reviewed | effect_timing_and_conditions_reviewed | simultaneous_choice_framework_gap | player_resource_edit_existing
1542,01从者\000已有从者\06暗杀者\暗杀者-夏洛特·科黛\httpcloud3steamusercontentcomugc163761179710898995129A62644A9B8A30A5FD92F184163752113479E49.png,unclear,3,ocr_unreadable_or_semantically_incomplete
1543,01从者\000已有从者\06暗杀者\暗杀者-夏洛特·科黛\予故国以爱，以沉溺般的梦.png,analyzed,3,existing_primitives_reviewed | effect_timing_and_conditions_reviewed | zone_transfer_existing | player_resource_edit_existing
1544,01从者\000已有从者\06暗杀者\暗杀者-夏洛特·科黛\普通职介技能 (6).png,analyzed,3,existing_primitives_reviewed | effect_timing_and_conditions_reviewed | player_resource_edit_existing
1545,01从者\000已有从者\06暗杀者\暗杀者-夏洛特·科黛\暗杀者-气息遮断.png,analyzed,3,existing_primitives_reviewed | effect_timing_and_conditions_reviewed | player_resource_edit_existing
1546,01从者\000已有从者\06暗杀者\暗杀者-夏洛特·科黛\科黛.png,non_rule,3,overview_token_back_or_no_rule_text
1547,01从者\000已有从者\06暗杀者\暗杀者-夏洛特·科黛\荒唐计划.png,analyzed,3,existing_primitives_reviewed | effect_timing_and_conditions_reviewed | log_query_existing | player_resource_edit_existing
1548,01从者\000已有从者\06暗杀者\暗杀者-山中老人\3.6更新 (1).png,analyzed,3,existing_primitives_reviewed | effect_timing_and_conditions_reviewed | player_resource_edit_existing
1549,01从者\000已有从者\06暗杀者\暗杀者-山中老人\3.6更新 (2).png,analyzed,3,existing_primitives_reviewed | effect_timing_and_conditions_reviewed | player_lifecycle_framework_gap | player_resource_edit_existing
1550,01从者\000已有从者\06暗杀者\暗杀者-山中老人\告死天使1.png,analyzed,3,existing_primitives_reviewed | effect_timing_and_conditions_reviewed | create_or_build_card_existing | player_resource_edit_existing
1551,01从者\000已有从者\06暗杀者\暗杀者-山中老人\山中老人.png,non_rule,3,overview_token_back_or_no_rule_text
1552,01从者\000已有从者\06暗杀者\暗杀者-山中老人\旧\3.1更新.png,analyzed,3,existing_primitives_reviewed | effect_timing_and_conditions_reviewed | player_resource_edit_existing
1553,01从者\000已有从者\06暗杀者\暗杀者-山中老人\旧\告死天使3.png,analyzed,3,existing_primitives_reviewed | effect_timing_and_conditions_reviewed | player_lifecycle_framework_gap | player_resource_edit_existing
1554,01从者\000已有从者\06暗杀者\暗杀者-山中老人\旧\王哈：告死天使.png,analyzed,3,existing_primitives_reviewed | effect_timing_and_conditions_reviewed | player_resource_edit_existing
1555,01从者\000已有从者\06暗杀者\暗杀者-山中老人diy\3.6更新 (1).png,analyzed,3,existing_primitives_reviewed | effect_timing_and_conditions_reviewed | object_effect_enablement_gap | player_resource_edit_existing
1556,01从者\000已有从者\06暗杀者\暗杀者-山中老人diy\3.6更新 (2).png,analyzed,3,existing_primitives_reviewed | effect_timing_and_conditions_reviewed | object_effect_enablement_gap | player_resource_edit_existing
1557,01从者\000已有从者\06暗杀者\暗杀者-山中老人diy\3.6更新 (3).png,analyzed,3,existing_primitives_reviewed | effect_timing_and_conditions_reviewed | object_effect_enablement_gap | player_resource_edit_existing
1558,01从者\000已有从者\06暗杀者\暗杀者-山中老人diy\山中老人.png,non_rule,3,overview_token_back_or_no_rule_text
1559,01从者\000已有从者\06暗杀者\暗杀者-山中老人diy\旧\3.1更新 (1).png,analyzed,3,existing_primitives_reviewed | effect_timing_and_conditions_reviewed | object_effect_enablement_gap | player_resource_edit_existing
1560,01从者\000已有从者\06暗杀者\暗杀者-山中老人diy\旧\3.1更新 (2).png,analyzed,3,existing_primitives_reviewed | effect_timing_and_conditions_reviewed | object_effect_enablement_gap | player_resource_edit_existing
1561,01从者\000已有从者\06暗杀者\暗杀者-山中老人diy\旧\3.4.1更新 (1).png,analyzed,3,existing_primitives_reviewed | effect_timing_and_conditions_reviewed | object_effect_enablement_gap | player_resource_edit_existing
1562,01从者\000已有从者\06暗杀者\暗杀者-山中老人diy\旧\3.4.1更新 (2).png,analyzed,3,existing_primitives_reviewed | effect_timing_and_conditions_reviewed | object_effect_enablement_gap | player_resource_edit_existing
1563,01从者\000已有从者\06暗杀者\暗杀者-山中老人diy\旧\3.4.1更新碗钟.png,analyzed,3,existing_primitives_reviewed | effect_timing_and_conditions_reviewed | object_effect_enablement_gap | player_resource_edit_existing
1564,01从者\000已有从者\06暗杀者\暗杀者-山中老人diy\旧\告死天使.png,analyzed,3,existing_primitives_reviewed | effect_timing_and_conditions_reviewed | object_effect_enablement_gap | player_resource_edit_existing
1565,01从者\000已有从者\06暗杀者\暗杀者-山中老人diy\旧\告死天使绿.png,analyzed,3,existing_primitives_reviewed | effect_timing_and_conditions_reviewed | object_effect_enablement_gap | player_resource_edit_existing
1566,01从者\000已有从者\06暗杀者\暗杀者-山中老人diy\旧\晚钟.png,analyzed,3,existing_primitives_reviewed | effect_timing_and_conditions_reviewed | player_resource_edit_existing
1567,01从者\000已有从者\06暗杀者\暗杀者-开膛手杰克\3.2更新暗黑雾都.jpg,analyzed,3,existing_primitives_reviewed | effect_timing_and_conditions_reviewed | player_resource_edit_existing
1568,01从者\000已有从者\06暗杀者\暗杀者-开膛手杰克\3.2更新雾夜凶杀.jpg,analyzed,3,existing_primitives_reviewed | effect_timing_and_conditions_reviewed | player_resource_edit_existing
1569,01从者\000已有从者\06暗杀者\暗杀者-开膛手杰克\3.6解体圣母.png,analyzed,3,existing_primitives_reviewed | effect_timing_and_conditions_reviewed | player_resource_edit_existing
1570,01从者\000已有从者\06暗杀者\暗杀者-开膛手杰克\旧\3.1更新\暗黑雾都.png,analyzed,3,existing_primitives_reviewed | effect_timing_and_conditions_reviewed | player_resource_edit_existing
1571,01从者\000已有从者\06暗杀者\暗杀者-开膛手杰克\旧\3.1更新\解体圣母.png,analyzed,3,existing_primitives_reviewed | effect_timing_and_conditions_reviewed | player_resource_edit_existing
1572,01从者\000已有从者\06暗杀者\暗杀者-开膛手杰克\旧\3.1更新\雾夜的凶杀.png,analyzed,3,existing_primitives_reviewed | effect_timing_and_conditions_reviewed | player_resource_edit_existing
1573,01从者\000已有从者\06暗杀者\暗杀者-开膛手杰克\旧\暗黑雾都.png,analyzed,3,existing_primitives_reviewed | effect_timing_and_conditions_reviewed | player_resource_edit_existing
1574,01从者\000已有从者\06暗杀者\暗杀者-开膛手杰克\旧\解体圣母.png,analyzed,3,existing_primitives_reviewed | effect_timing_and_conditions_reviewed | player_resource_edit_existing
1575,01从者\000已有从者\06暗杀者\暗杀者-开膛手杰克\旧\雾夜的凶杀.png,analyzed,3,existing_primitives_reviewed | effect_timing_and_conditions_reviewed | player_resource_edit_existing
1576,01从者\000已有从者\06暗杀者\暗杀者-开膛手杰克\杰克.png,non_rule,3,overview_token_back_or_no_rule_text
1577,01从者\000已有从者\06暗杀者\暗杀者-斯忒诺\3.1更新 (1).png,analyzed,3,existing_primitives_reviewed | effect_timing_and_conditions_reviewed | log_query_existing | player_resource_edit_existing
1578,01从者\000已有从者\06暗杀者\暗杀者-斯忒诺\3.1更新 (2).png,non_rule,3,overview_token_back_or_no_rule_text
1579,01从者\000已有从者\06暗杀者\暗杀者-斯忒诺\3.1更新 (3).png,analyzed,3,existing_primitives_reviewed | effect_timing_and_conditions_reviewed | player_resource_edit_existing
1580,01从者\000已有从者\06暗杀者\暗杀者-斯忒诺\3.1更新气息遮断 (2).png,analyzed,3,existing_primitives_reviewed | effect_timing_and_conditions_reviewed | player_resource_edit_existing
1581,01从者\000已有从者\06暗杀者\暗杀者-斯忒诺\旧\女神的神核.png,analyzed,3,existing_primitives_reviewed | effect_timing_and_conditions_reviewed | player_resource_edit_existing
1582,01从者\000已有从者\06暗杀者\暗杀者-斯忒诺\旧\斯忒诺.png,non_rule,3,overview_token_back_or_no_rule_text
1583,01从者\000已有从者\06暗杀者\暗杀者-斯忒诺\旧\斯忒诺的微笑.png,analyzed,3,existing_primitives_reviewed | effect_timing_and_conditions_reviewed | player_resource_edit_existing
1584,01从者\000已有从者\06暗杀者\暗杀者-斯忒诺\旧\暗杀者-气息遮断.png,analyzed,3,existing_primitives_reviewed | effect_timing_and_conditions_reviewed | player_resource_edit_existing
1585,01从者\000已有从者\06暗杀者\暗杀者-望月千代女\3.8更新忍法-甲贺流.png,analyzed,3,existing_primitives_reviewed | effect_timing_and_conditions_reviewed | player_resource_edit_existing
1586,01从者\000已有从者\06暗杀者\暗杀者-望月千代女\忍法-甲贺流.png,analyzed,3,existing_primitives_reviewed | effect_timing_and_conditions_reviewed | player_resource_edit_existing
1587,01从者\000已有从者\06暗杀者\暗杀者-望月千代女\望月千代女.png,non_rule,3,overview_token_back_or_no_rule_text
1588,01从者\000已有从者\06暗杀者\暗杀者-望月千代女\气息遮断.png,analyzed,3,existing_primitives_reviewed | effect_timing_and_conditions_reviewed | player_resource_edit_existing
1589,01从者\000已有从者\06暗杀者\暗杀者-望月千代女\通灵.png,analyzed,3,existing_primitives_reviewed | effect_timing_and_conditions_reviewed | log_query_existing | player_resource_edit_existing
1590,01从者\000已有从者\06暗杀者\暗杀者-李书文\3.4.1更新圈境.png,analyzed,3,existing_primitives_reviewed | effect_timing_and_conditions_reviewed | player_resource_edit_existing
1591,01从者\000已有从者\06暗杀者\暗杀者-李书文\3.4.1更新无二打.png,analyzed,3,existing_primitives_reviewed | effect_timing_and_conditions_reviewed | player_resource_edit_existing
1592,01从者\000已有从者\06暗杀者\暗杀者-李书文\圈境.png,analyzed,3,existing_primitives_reviewed | effect_timing_and_conditions_reviewed | player_resource_edit_existing
1593,01从者\000已有从者\06暗杀者\暗杀者-李书文\无二打.png,analyzed,3,existing_primitives_reviewed | effect_timing_and_conditions_reviewed | player_resource_edit_existing
1594,01从者\000已有从者\06暗杀者\暗杀者-李书文\李书文.png,non_rule,3,overview_token_back_or_no_rule_text
1595,01从者\000已有从者\06暗杀者\暗杀者-李书文\枪兵-战斗续行.png,analyzed,3,existing_primitives_reviewed | effect_timing_and_conditions_reviewed | player_resource_edit_existing
1596,01从者\000已有从者\06暗杀者\暗杀者-果心居士3.8diy\3.1更新气息遮断.png,analyzed,3,existing_primitives_reviewed | effect_timing_and_conditions_reviewed | player_resource_edit_existing
1597,01从者\000已有从者\06暗杀者\暗杀者-果心居士3.8diy\杀戮技巧.png,analyzed,3,existing_primitives_reviewed | effect_timing_and_conditions_reviewed | map_graph_query_gap | player_resource_edit_existing
1598,01从者\000已有从者\06暗杀者\暗杀者-果心居士3.8diy\果心居士.png,non_rule,3,overview_token_back_or_no_rule_text
1599,01从者\000已有从者\06暗杀者\暗杀者-果心居士3.8diy\狮子奋迅.png,analyzed,3,existing_primitives_reviewed | effect_timing_and_conditions_reviewed | player_resource_edit_existing
1600,01从者\000已有从者\06暗杀者\暗杀者-果心居士\atk-络操.jpg,analyzed,3,existing_primitives_reviewed | effect_timing_and_conditions_reviewed | player_resource_edit_existing
1601,01从者\000已有从者\06暗杀者\暗杀者-果心居士\幻术（外术）.jpg,analyzed,3,existing_primitives_reviewed | effect_timing_and_conditions_reviewed | effect_targeting_immunity_framework_gap | player_resource_edit_existing
1602,01从者\000已有从者\06暗杀者\暗杀者-果心居士\果心居士.jpg,non_rule,3,overview_token_back_or_no_rule_text
1603,01从者\000已有从者\06暗杀者\暗杀者-果心居士\络操外法-狮子奋迅.jpg,analyzed,3,existing_primitives_reviewed | effect_timing_and_conditions_reviewed | player_resource_edit_existing
1604,01从者\000已有从者\06暗杀者\暗杀者-果心居士\魔眼.jpg,analyzed,3,existing_primitives_reviewed | effect_timing_and_conditions_reviewed | player_resource_edit_existing
1605,01从者\000已有从者\06暗杀者\暗杀者-格蕾\对灵魔术.png,analyzed,3,existing_primitives_reviewed | effect_timing_and_conditions_reviewed | object_effect_enablement_gap | power_source_provenance_framework_gap | player_resource_edit_existing
1606,01从者\000已有从者\06暗杀者\暗杀者-格蕾\格蕾3.6.png,non_rule,3,overview_token_back_or_no_rule_text
1607,01从者\000已有从者\06暗杀者\暗杀者-格蕾\气息遮断.png,analyzed,3,existing_primitives_reviewed | effect_timing_and_conditions_reviewed | player_resource_edit_existing
1608,01从者\000已有从者\06暗杀者\暗杀者-格蕾\闪耀于终焉之枪.png,analyzed,3,existing_primitives_reviewed | effect_timing_and_conditions_reviewed | zone_transfer_existing | log_query_existing | player_resource_edit_existing
1609,01从者\000已有从者\06暗杀者\暗杀者-格雷3.6diy\3.1更新气息遮断.png,analyzed,3,existing_primitives_reviewed | effect_timing_and_conditions_reviewed | player_resource_edit_existing
1610,01从者\000已有从者\06暗杀者\暗杀者-格雷3.6diy\战斗续行.png,analyzed,3,existing_primitives_reviewed | effect_timing_and_conditions_reviewed | player_resource_edit_existing
1611,01从者\000已有从者\06暗杀者\暗杀者-格雷3.6diy\格蕾（3.6diy）.png,non_rule,3,overview_token_back_or_no_rule_text
1612,01从者\000已有从者\06暗杀者\暗杀者-格雷3.6diy\死神之镰.png,analyzed,3,existing_primitives_reviewed | effect_timing_and_conditions_reviewed | power_source_provenance_framework_gap | zone_transfer_existing | player_resource_edit_existing
1613,01从者\000已有从者\06暗杀者\暗杀者-格雷3.6diy\钩镰之枪.png,analyzed,3,existing_primitives_reviewed | effect_timing_and_conditions_reviewed | power_source_provenance_framework_gap | player_resource_edit_existing
1614,01从者\000已有从者\06暗杀者\暗杀者-格雷3.6diy\闪耀于终焉之枪.png,analyzed,3,existing_primitives_reviewed | effect_timing_and_conditions_reviewed | aggregate_property_gap | power_source_provenance_framework_gap | player_resource_edit_existing
1615,01从者\000已有从者\06暗杀者\暗杀者-格雷3.6diy\魔术礼装.png,analyzed,3,existing_primitives_reviewed | effect_timing_and_conditions_reviewed | card_face_switch_gap | player_resource_edit_existing
1616,01从者\000已有从者\06暗杀者\暗杀者-武则天\3.8更新.png,analyzed,3,existing_primitives_reviewed | effect_timing_and_conditions_reviewed | player_resource_edit_existing
1617,01从者\000已有从者\06暗杀者\暗杀者-武则天\匦 (1).png,analyzed,3,existing_primitives_reviewed | effect_timing_and_conditions_reviewed | player_resource_edit_existing
1618,01从者\000已有从者\06暗杀者\暗杀者-武则天\匦 (2).png,analyzed,3,existing_primitives_reviewed | effect_timing_and_conditions_reviewed | player_resource_edit_existing
1619,01从者\000已有从者\06暗杀者\暗杀者-武则天\匦 (3).png,analyzed,3,existing_primitives_reviewed | effect_timing_and_conditions_reviewed | player_resource_edit_existing
1620,01从者\000已有从者\06暗杀者\暗杀者-武则天\匦 (4).png,analyzed,3,existing_primitives_reviewed | effect_timing_and_conditions_reviewed | player_resource_edit_existing
1621,01从者\000已有从者\06暗杀者\暗杀者-武则天\告密罗织经.png,analyzed,3,existing_primitives_reviewed | effect_timing_and_conditions_reviewed | log_query_existing | player_resource_edit_existing
1622,01从者\000已有从者\06暗杀者\暗杀者-武则天\旧\焦骨牡丹.png,analyzed,3,existing_primitives_reviewed | effect_timing_and_conditions_reviewed | player_resource_edit_existing
1623,01从者\000已有从者\06暗杀者\暗杀者-武则天\武则天.png,analyzed,3,existing_primitives_reviewed | effect_timing_and_conditions_reviewed | player_resource_edit_existing
1624,01从者\000已有从者\06暗杀者\暗杀者-武则天\气息遮断.png,analyzed,3,existing_primitives_reviewed | effect_timing_and_conditions_reviewed | player_resource_edit_existing
1625,01从者\000已有从者\06暗杀者\暗杀者-武则天\酷吏 (1).png,analyzed,3,existing_primitives_reviewed | effect_timing_and_conditions_reviewed | player_resource_edit_existing
1626,01从者\000已有从者\06暗杀者\暗杀者-武则天\酷吏 (2).png,analyzed,3,existing_primitives_reviewed | effect_timing_and_conditions_reviewed | player_resource_edit_existing
1627,01从者\000已有从者\06暗杀者\暗杀者-武则天\酷吏 (3).png,analyzed,3,existing_primitives_reviewed | effect_timing_and_conditions_reviewed | player_resource_edit_existing
1628,01从者\000已有从者\06暗杀者\暗杀者-武则天\酷吏 (4).png,analyzed,3,existing_primitives_reviewed | effect_timing_and_conditions_reviewed | player_resource_edit_existing
1629,01从者\000已有从者\06暗杀者\暗杀者-泰兹卡特里波卡\3.6战士之司.png,analyzed,3,existing_primitives_reviewed | effect_timing_and_conditions_reviewed | player_resource_edit_existing
1630,01从者\000已有从者\06暗杀者\暗杀者-泰兹卡特里波卡\3.6豹群之王.png,analyzed,3,existing_primitives_reviewed | effect_timing_and_conditions_reviewed | player_resource_edit_existing
1631,01从者\000已有从者\06暗杀者\暗杀者-泰兹卡特里波卡\旧\战士之司.png,analyzed,3,existing_primitives_reviewed | effect_timing_and_conditions_reviewed | player_resource_edit_existing
1632,01从者\000已有从者\06暗杀者\暗杀者-泰兹卡特里波卡\旧\豹群之王.png,analyzed,3,existing_primitives_reviewed | effect_timing_and_conditions_reviewed | player_resource_edit_existing
1633,01从者\000已有从者\06暗杀者\暗杀者-泰兹卡特里波卡\泰兹卡特里波卡.png,analyzed,3,existing_primitives_reviewed | effect_timing_and_conditions_reviewed | player_resource_edit_existing
1634,01从者\000已有从者\06暗杀者\暗杀者-泰兹卡特里波卡\第一太阳纪.png,analyzed,3,existing_primitives_reviewed | effect_timing_and_conditions_reviewed | player_resource_edit_existing
1635,01从者\000已有从者\06暗杀者\暗杀者-泳装冲田总司\3.1.3更新天然理心流.jpg,analyzed,3,existing_primitives_reviewed | effect_timing_and_conditions_reviewed | player_resource_edit_existing
1636,01从者\000已有从者\06暗杀者\暗杀者-泳装冲田总司\3.1更新 (2).png,analyzed,3,existing_primitives_reviewed | effect_timing_and_conditions_reviewed | player_resource_edit_existing
1637,01从者\000已有从者\06暗杀者\暗杀者-泳装冲田总司\3.1更新 (3).png,analyzed,3,existing_primitives_reviewed | effect_timing_and_conditions_reviewed | player_resource_edit_existing
1638,01从者\000已有从者\06暗杀者\暗杀者-泳装冲田总司\3.1更新ATK (1).png,analyzed,3,existing_primitives_reviewed | effect_timing_and_conditions_reviewed | player_resource_edit_existing
1639,01从者\000已有从者\06暗杀者\暗杀者-泳装冲田总司\3.1更新ATK (2).png,analyzed,3,existing_primitives_reviewed | effect_timing_and_conditions_reviewed | player_resource_edit_existing
1640,01从者\000已有从者\06暗杀者\暗杀者-泳装冲田总司\冲田J总司.png,non_rule,3,overview_token_back_or_no_rule_text
1641,01从者\000已有从者\06暗杀者\暗杀者-泳装冲田总司\旧版本\3.1更新 (1).png,analyzed,3,existing_primitives_reviewed | effect_timing_and_conditions_reviewed | player_resource_edit_existing
1642,01从者\000已有从者\06暗杀者\暗杀者-泳装冲田总司\旧版本\M·DRIVE.png,analyzed,3,existing_primitives_reviewed | effect_timing_and_conditions_reviewed | player_resource_edit_existing
1643,01从者\000已有从者\06暗杀者\暗杀者-泳装冲田总司\旧版本\冲田J总司.png,non_rule,3,overview_token_back_or_no_rule_text
1644,01从者\000已有从者\06暗杀者\暗杀者-泳装冲田总司\旧版本\喷射三段突.png,analyzed,3,existing_primitives_reviewed | effect_timing_and_conditions_reviewed | player_resource_edit_existing
1645,01从者\000已有从者\06暗杀者\暗杀者-泳装冲田总司\旧版本\天然理心流.png,analyzed,3,existing_primitives_reviewed | effect_timing_and_conditions_reviewed | player_resource_edit_existing
1646,01从者\000已有从者\06暗杀者\暗杀者-泳装冲田总司\旧版本\苍穹三段突.png,analyzed,3,existing_primitives_reviewed | effect_timing_and_conditions_reviewed | player_resource_edit_existing
1647,01从者\000已有从者\06暗杀者\暗杀者-泳装冲田总司\旧版本\超负荷.png,analyzed,3,existing_primitives_reviewed | effect_timing_and_conditions_reviewed | log_query_existing | player_resource_edit_existing
1648,01从者\000已有从者\06暗杀者\暗杀者-洛库斯塔\毒药调配.png,analyzed,3,existing_primitives_reviewed | effect_timing_and_conditions_reviewed | card_attachment_zone_gap | player_resource_edit_existing
1649,01从者\000已有从者\06暗杀者\暗杀者-洛库斯塔\洛库斯塔.png,non_rule,3,overview_token_back_or_no_rule_text
1650,01从者\000已有从者\06暗杀者\暗杀者-洛库斯塔\百毒不侵.png,analyzed,3,existing_primitives_reviewed | effect_timing_and_conditions_reviewed | log_query_existing | player_resource_edit_existing
1651,01从者\000已有从者\06暗杀者\暗杀者-洛库斯塔\蘑菇.png,analyzed,3,existing_primitives_reviewed | effect_timing_and_conditions_reviewed | card_attachment_zone_gap | player_resource_edit_existing
1652,01从者\000已有从者\06暗杀者\暗杀者-燕青diy\3.1更新 (1).png,analyzed,3,existing_primitives_reviewed | effect_timing_and_conditions_reviewed | player_resource_edit_existing
1653,01从者\000已有从者\06暗杀者\暗杀者-燕青diy\3.2更新二重身.jpg,analyzed,3,existing_primitives_reviewed | effect_timing_and_conditions_reviewed | player_resource_edit_existing
1654,01从者\000已有从者\06暗杀者\暗杀者-燕青diy\3.2更新十面埋伏.jpg,analyzed,3,existing_primitives_reviewed | effect_timing_and_conditions_reviewed | player_resource_edit_existing
1655,01从者\000已有从者\06暗杀者\暗杀者-燕青diy\3.6更新十面埋伏.png,analyzed,3,existing_primitives_reviewed | effect_timing_and_conditions_reviewed | player_resource_edit_existing
1656,01从者\000已有从者\06暗杀者\暗杀者-燕青diy\atk中国拳法x2.png,non_rule,3,overview_token_back_or_no_rule_text
1657,01从者\000已有从者\06暗杀者\暗杀者-燕青diy\旧\3.1更新 (2).png,analyzed,3,existing_primitives_reviewed | effect_timing_and_conditions_reviewed | player_resource_edit_existing
1658,01从者\000已有从者\06暗杀者\暗杀者-燕青diy\旧\3.1更新 (3).png,analyzed,3,existing_primitives_reviewed | effect_timing_and_conditions_reviewed | player_resource_edit_existing
1659,01从者\000已有从者\06暗杀者\暗杀者-燕青diy\旧\二重身.png,analyzed,3,existing_primitives_reviewed | effect_timing_and_conditions_reviewed | player_resource_edit_existing
1660,01从者\000已有从者\06暗杀者\暗杀者-燕青diy\旧\十面埋伏·无影踪.png,analyzed,3,existing_primitives_reviewed | effect_timing_and_conditions_reviewed | player_resource_edit_existing
1661,01从者\000已有从者\06暗杀者\暗杀者-燕青diy\旧\暗杀者-气息遮断.png,analyzed,3,existing_primitives_reviewed | effect_timing_and_conditions_reviewed | player_resource_edit_existing
1662,01从者\000已有从者\06暗杀者\暗杀者-燕青diy\燕青.png,non_rule,3,overview_token_back_or_no_rule_text
1663,01从者\000已有从者\06暗杀者\暗杀者-瓦尔基里\ATK-女武神 (1).png,analyzed,3,existing_primitives_reviewed | effect_timing_and_conditions_reviewed | create_or_build_card_existing | player_resource_edit_existing
1664,01从者\000已有从者\06暗杀者\暗杀者-瓦尔基里\ATK-女武神 (2).png,analyzed,3,existing_primitives_reviewed | effect_timing_and_conditions_reviewed | create_or_build_card_existing | player_resource_edit_existing
1665,01从者\000已有从者\06暗杀者\暗杀者-瓦尔基里\ATK-女武神 (3).png,analyzed,3,existing_primitives_reviewed | effect_timing_and_conditions_reviewed | create_or_build_card_existing | player_resource_edit_existing
1666,01从者\000已有从者\06暗杀者\暗杀者-瓦尔基里\httpcloud3steamusercontentcomugc2026110045839738991BDF96200821C0CC801D54E83322D45A9D93C9D7A.png,analyzed,3,existing_primitives_reviewed | effect_timing_and_conditions_reviewed | clone_and_rebind_existing | zone_transfer_existing | player_resource_edit_existing
1667,01从者\000已有从者\06暗杀者\暗杀者-瓦尔基里\httpcloud3steamusercontentcomugc2026110045839739784B19FAB9C5B0782DB20F0DD79F8BCC1885CAA2EB5.png,analyzed,3,existing_primitives_reviewed | effect_timing_and_conditions_reviewed | player_resource_edit_existing
1668,01从者\000已有从者\06暗杀者\暗杀者-瓦尔基里\伪大神宣言.png,analyzed,3,existing_primitives_reviewed | effect_timing_and_conditions_reviewed | player_resource_edit_existing
1669,01从者\000已有从者\06暗杀者\暗杀者-瓦尔基里\天枪光枪.png,analyzed,3,existing_primitives_reviewed | effect_timing_and_conditions_reviewed | player_resource_edit_existing
1670,01从者\000已有从者\06暗杀者\暗杀者-瓦尔基里\女武神的叙语.png,analyzed,3,existing_primitives_reviewed | effect_timing_and_conditions_reviewed | scoped_effect_invocation_gap | player_resource_edit_existing
1671,01从者\000已有从者\06暗杀者\暗杀者-瓦尔基里\瓦尔基里.png,non_rule,3,overview_token_back_or_no_rule_text
1672,01从者\000已有从者\06暗杀者\暗杀者-瓦尔基里\空\女武神的叙语.png,analyzed,3,existing_primitives_reviewed | effect_timing_and_conditions_reviewed | scoped_effect_invocation_gap | player_resource_edit_existing
1673,01从者\000已有从者\06暗杀者\暗杀者-甲贺三郎\httpssteamusercontentaakamaihdnetugc2521534717683213132BC298F23D2BEB39F43F7EDEE6EAA54608C774E45.png,analyzed,3,existing_primitives_reviewed | effect_timing_and_conditions_reviewed | aggregate_property_gap | distinct_value_count_gap | player_resource_edit_existing
1674,01从者\000已有从者\06暗杀者\暗杀者-甲贺三郎\httpssteamusercontentaakamaihdnetugc25215347176832140077FBBF1168A7D3F8DC2008AFD61BC41916D3321EA.png,analyzed,3,existing_primitives_reviewed | effect_timing_and_conditions_reviewed | card_attachment_zone_gap | map_graph_query_gap | player_resource_edit_existing
1675,01从者\000已有从者\06暗杀者\暗杀者-甲贺三郎\httpssteamusercontentaakamaihdnetugc2521534717683214437BC57344DFD1BFA34A9457C06BB7E20FFA627E4BB.png,analyzed,3,existing_primitives_reviewed | effect_timing_and_conditions_reviewed | card_attachment_zone_gap | map_graph_query_gap | player_resource_edit_existing
1676,01从者\000已有从者\06暗杀者\暗杀者-甲贺三郎\旧\0353E30CC21D2803E2C51833CA0ED15E.jpg,analyzed,3,existing_primitives_reviewed | effect_timing_and_conditions_reviewed | card_attachment_zone_gap | map_graph_query_gap | player_resource_edit_existing
1677,01从者\000已有从者\06暗杀者\暗杀者-甲贺三郎\旧\17EF92589DEF20830579B7E88C952AD0.jpg,analyzed,3,existing_primitives_reviewed | effect_timing_and_conditions_reviewed | card_attachment_zone_gap | map_graph_query_gap | player_resource_edit_existing
1678,01从者\000已有从者\06暗杀者\暗杀者-甲贺三郎\旧\73E75877B43031DD384D1D2D8C06257E.jpg,non_rule,3,overview_token_back_or_no_rule_text
1679,01从者\000已有从者\06暗杀者\暗杀者-甲贺三郎\旧\7C75197F8D2B4DE65ED1F01F51C99881.jpg,analyzed,3,existing_primitives_reviewed | effect_timing_and_conditions_reviewed | aggregate_property_gap | distinct_value_count_gap | player_resource_edit_existing
1680,01从者\000已有从者\06暗杀者\暗杀者-甲贺三郎\甲贺三郎.png,non_rule,3,overview_token_back_or_no_rule_text
1681,01从者\000已有从者\06暗杀者\暗杀者-百貌哈桑\3.1更新气息遮断.png,analyzed,3,existing_primitives_reviewed | effect_timing_and_conditions_reviewed | player_resource_edit_existing
1682,01从者\000已有从者\06暗杀者\暗杀者-百貌哈桑\3.2更新百貌.jpg,analyzed,3,existing_primitives_reviewed | effect_timing_and_conditions_reviewed | log_query_existing | player_resource_edit_existing
1683,01从者\000已有从者\06暗杀者\暗杀者-百貌哈桑\旧\气息遮断.png,analyzed,3,existing_primitives_reviewed | effect_timing_and_conditions_reviewed | player_resource_edit_existing
1684,01从者\000已有从者\06暗杀者\暗杀者-百貌哈桑\旧\百貌.png,analyzed,3,existing_primitives_reviewed | effect_timing_and_conditions_reviewed | log_query_existing | player_resource_edit_existing
1685,01从者\000已有从者\06暗杀者\暗杀者-百貌哈桑\望向幻象.png,analyzed,3,existing_primitives_reviewed | effect_timing_and_conditions_reviewed | array_window_query_gap | zone_transfer_existing | player_resource_edit_existing
1686,01从者\000已有从者\06暗杀者\暗杀者-百貌哈桑\百貌哈桑.png,non_rule,3,overview_token_back_or_no_rule_text
1687,01从者\000已有从者\06暗杀者\暗杀者-百貌哈桑beta\妄想幻像.png,analyzed,3,existing_primitives_reviewed | effect_timing_and_conditions_reviewed | zone_transfer_existing | player_resource_edit_existing
1688,01从者\000已有从者\06暗杀者\暗杀者-百貌哈桑beta\暗杀者-气息遮断.png,analyzed,3,existing_primitives_reviewed | effect_timing_and_conditions_reviewed | player_resource_edit_existing
1689,01从者\000已有从者\06暗杀者\暗杀者-百貌哈桑beta\百般精通 效果1.png,analyzed,3,existing_primitives_reviewed | effect_timing_and_conditions_reviewed | array_window_query_gap | player_resource_edit_existing
1690,01从者\000已有从者\06暗杀者\暗杀者-百貌哈桑beta\百般精通 效果2.png,analyzed,3,existing_primitives_reviewed | effect_timing_and_conditions_reviewed | array_window_query_gap | player_resource_edit_existing
1691,01从者\000已有从者\06暗杀者\暗杀者-百貌哈桑beta\百般精通 效果3.png,analyzed,3,existing_primitives_reviewed | effect_timing_and_conditions_reviewed | array_window_query_gap | player_resource_edit_existing
1692,01从者\000已有从者\06暗杀者\暗杀者-百貌哈桑beta\百般精通.png,analyzed,3,existing_primitives_reviewed | effect_timing_and_conditions_reviewed | player_resource_edit_existing
1693,01从者\000已有从者\06暗杀者\暗杀者-百貌哈桑beta\百貌.png,non_rule,3,overview_token_back_or_no_rule_text
1694,01从者\000已有从者\06暗杀者\暗杀者-荆轲2.7diy\不归匕首.png,analyzed,3,existing_primitives_reviewed | effect_timing_and_conditions_reviewed | player_resource_edit_existing
1695,01从者\000已有从者\06暗杀者\暗杀者-荆轲2.7diy\旧\暗杀者-气息遮断.png,analyzed,3,existing_primitives_reviewed | effect_timing_and_conditions_reviewed | player_resource_edit_existing
1696,01从者\000已有从者\06暗杀者\暗杀者-荆轲2.7diy\普通职介技能 (6).png,analyzed,3,existing_primitives_reviewed | effect_timing_and_conditions_reviewed | player_resource_edit_existing
1697,01从者\000已有从者\06暗杀者\暗杀者-荆轲2.7diy\荆辑.png,non_rule,3,overview_token_back_or_no_rule_text
1698,01从者\000已有从者\06暗杀者\暗杀者-荆轲2.7diy\计划.png,analyzed,3,existing_primitives_reviewed | effect_timing_and_conditions_reviewed | log_query_existing | player_resource_edit_existing
1699,01从者\000已有从者\06暗杀者\暗杀者-荆轲DIY3.2版\3.5更新不归之匕.png,analyzed,3,existing_primitives_reviewed | effect_timing_and_conditions_reviewed | log_query_existing | player_resource_edit_existing
1700,01从者\000已有从者\06暗杀者\暗杀者-荆轲DIY3.2版\3.5更新易水歌.png,analyzed,3,existing_primitives_reviewed | effect_timing_and_conditions_reviewed | log_query_existing | player_resource_edit_existing
1701,01从者\000已有从者\06暗杀者\暗杀者-荆轲DIY3.2版\3.5更新残虹.png,analyzed,3,existing_primitives_reviewed | effect_timing_and_conditions_reviewed | log_query_existing | player_resource_edit_existing
1702,01从者\000已有从者\06暗杀者\暗杀者-荆轲DIY3.2版\旧\不鬼之匕.png,analyzed,3,existing_primitives_reviewed | effect_timing_and_conditions_reviewed | log_query_existing | player_resource_edit_existing
1703,01从者\000已有从者\06暗杀者\暗杀者-荆轲DIY3.2版\旧\易水歌.png,analyzed,3,existing_primitives_reviewed | effect_timing_and_conditions_reviewed | log_query_existing | player_resource_edit_existing
1704,01从者\000已有从者\06暗杀者\暗杀者-荆轲DIY3.2版\旧\残虹.png,analyzed,3,existing_primitives_reviewed | effect_timing_and_conditions_reviewed | log_query_existing | player_resource_edit_existing
1705,01从者\000已有从者\06暗杀者\暗杀者-荆轲DIY3.2版\荆轲3.2DIY.png,non_rule,3,overview_token_back_or_no_rule_text
1706,01从者\000已有从者\06暗杀者\暗杀者-荆轲beta\不归匕首.png,analyzed,3,existing_primitives_reviewed | effect_timing_and_conditions_reviewed | log_query_existing | player_resource_edit_existing
1707,01从者\000已有从者\06暗杀者\暗杀者-荆轲beta\易水歌.png,analyzed,3,existing_primitives_reviewed | effect_timing_and_conditions_reviewed | log_query_existing | player_resource_edit_existing
1708,01从者\000已有从者\06暗杀者\暗杀者-荆轲beta\残虹.png,analyzed,3,existing_primitives_reviewed | effect_timing_and_conditions_reviewed | log_query_existing | player_resource_edit_existing
1709,01从者\000已有从者\06暗杀者\暗杀者-荆轲beta\荆轲.png,non_rule,3,overview_token_back_or_no_rule_text
1710,01从者\000已有从者\06暗杀者\暗杀者-虞美人diy\3.5更新不缀之书-切换真祖咏叹.png,analyzed,3,existing_primitives_reviewed | effect_timing_and_conditions_reviewed | card_face_switch_gap | log_query_existing | player_resource_edit_existing
1711,01从者\000已有从者\06暗杀者\暗杀者-虞美人diy\3.5更新不缀之书.png,analyzed,3,existing_primitives_reviewed | effect_timing_and_conditions_reviewed | card_face_switch_gap | log_query_existing | player_resource_edit_existing
1712,01从者\000已有从者\06暗杀者\暗杀者-虞美人diy\3.5更新受肉精灵.png,analyzed,3,existing_primitives_reviewed | effect_timing_and_conditions_reviewed | card_face_switch_gap | log_query_existing | player_resource_edit_existing
1713,01从者\000已有从者\06暗杀者\暗杀者-虞美人diy\3.5更新咒血尸解叹歌.png,analyzed,3,existing_primitives_reviewed | effect_timing_and_conditions_reviewed | card_face_switch_gap | log_query_existing | player_resource_edit_existing
1714,01从者\000已有从者\06暗杀者\暗杀者-虞美人diy\旧版\3.1更新.png,analyzed,3,existing_primitives_reviewed | effect_timing_and_conditions_reviewed | log_query_existing | player_resource_edit_existing
1715,01从者\000已有从者\06暗杀者\暗杀者-虞美人diy\旧版\仙界羽人.png,analyzed,3,existing_primitives_reviewed | effect_timing_and_conditions_reviewed | card_face_switch_gap | log_query_existing | player_resource_edit_existing
1716,01从者\000已有从者\06暗杀者\暗杀者-虞美人diy\旧版\受肉精灵.png,analyzed,3,existing_primitives_reviewed | effect_timing_and_conditions_reviewed | card_face_switch_gap | log_query_existing | player_resource_edit_existing
1717,01从者\000已有从者\06暗杀者\暗杀者-虞美人diy\旧版\咒血尸解叹歌.png,analyzed,3,existing_primitives_reviewed | effect_timing_and_conditions_reviewed | card_face_switch_gap | log_query_existing | player_resource_edit_existing
1718,01从者\000已有从者\06暗杀者\暗杀者-虞美人diy\旧版\真祖咏叹.png,analyzed,3,existing_primitives_reviewed | effect_timing_and_conditions_reviewed | card_face_switch_gap | log_query_existing | player_resource_edit_existing
1719,01从者\000已有从者\06暗杀者\暗杀者-虞美人diy\旧版\虞美人.png,non_rule,3,overview_token_back_or_no_rule_text
1720,01从者\000已有从者\06暗杀者\暗杀者-虞美人diy\虞美人.png,non_rule,3,overview_token_back_or_no_rule_text
1721,01从者\000已有从者\06暗杀者\暗杀者-谜之女主角X diy\无名胜利剑.png,analyzed,3,existing_primitives_reviewed | effect_timing_and_conditions_reviewed | log_query_existing | player_resource_edit_existing
1722,01从者\000已有从者\06暗杀者\暗杀者-谜之女主角X diy\谜之女主角X.png,non_rule,3,overview_token_back_or_no_rule_text
1723,01从者\000已有从者\06暗杀者\暗杀者-谜之女主角X diy\银河流星剑.png,analyzed,3,existing_primitives_reviewed | effect_timing_and_conditions_reviewed | log_query_existing | player_resource_edit_existing
1724,01从者\000已有从者\06暗杀者\暗杀者-谜之女主角X diy\阿尔托莉雅token.png,unclear,3,ocr_unreadable_or_semantically_incomplete
1725,01从者\000已有从者\06暗杀者\暗杀者-谜之女主角X diy\阿尔托莉雅之星.png,analyzed,3,existing_primitives_reviewed | effect_timing_and_conditions_reviewed | placed_non_event_object_gap | create_or_build_card_existing | log_query_existing | player_resource_edit_existing
1726,01从者\000已有从者\06暗杀者\暗杀者-赛米拉米斯\旧\暗杀者-气息遮断.png,analyzed,3,existing_primitives_reviewed | effect_timing_and_conditions_reviewed | log_query_existing | player_resource_edit_existing
1727,01从者\000已有从者\06暗杀者\暗杀者-赛米拉米斯\旧\赛米拉米斯.png,non_rule,3,overview_token_back_or_no_rule_text
1728,01从者\000已有从者\06暗杀者\暗杀者-赛米拉米斯\普通职介技能 (6).png,analyzed,3,existing_primitives_reviewed | effect_timing_and_conditions_reviewed | log_query_existing | player_resource_edit_existing
1729,01从者\000已有从者\06暗杀者\暗杀者-赛米拉米斯\法师-阵地建造.png,analyzed,3,existing_primitives_reviewed | effect_timing_and_conditions_reviewed | log_query_existing | player_resource_edit_existing
1730,01从者\000已有从者\06暗杀者\暗杀者-赛米拉米斯\赛米拉米斯.png,non_rule,3,overview_token_back_or_no_rule_text
1731,01从者\000已有从者\06暗杀者\暗杀者-赛米拉米斯\骄慢王的美酒.png,analyzed,3,existing_primitives_reviewed | effect_timing_and_conditions_reviewed | log_query_existing | player_resource_edit_existing
1732,01从者\000已有从者\06暗杀者\暗杀者-迦摩\3.4以恋焦炙，因爱也.png,analyzed,3,existing_primitives_reviewed | effect_timing_and_conditions_reviewed | log_query_existing | player_resource_edit_existing
1733,01从者\000已有从者\06暗杀者\暗杀者-迦摩\httpcloud3steamusercontentcomugc1825656739060779448A770D95469D4064801B916B8C8664F493E51B64D.png,non_rule,3,overview_token_back_or_no_rule_text
1734,01从者\000已有从者\06暗杀者\暗杀者-迦摩\httpcloud3steamusercontentcomugc1825656739060784257A4F23D12E8DC9FAFDDCB3C43693CC812F205F608.png,unclear,3,ocr_unreadable_or_semantically_incomplete
1735,01从者\000已有从者\06暗杀者\暗杀者-迦摩\httpcloud3steamusercontentcomugc182565673906078535205683D34C8F52C18F2BE2C209CE3E751D7F886C6.png,unclear,3,ocr_unreadable_or_semantically_incomplete
1736,01从者\000已有从者\06暗杀者\暗杀者-迦摩\httpcloud3steamusercontentcomugc182565673906079387198D96F235C13CE5E161BE51996CD5B7672FE0FE8.png,non_rule,3,overview_token_back_or_no_rule_text
1737,01从者\000已有从者\06暗杀者\暗杀者-迦摩\httpcloud3steamusercontentcomugc18256567390607944216D62275275DA3D46D175F5319F142B5BAE689389.png,unclear,3,ocr_unreadable_or_semantically_incomplete
1738,01从者\000已有从者\06暗杀者\暗杀者-迦摩\httpcloud3steamusercontentcomugc1825656739060794960E24DD8C24B288E6FE825EEBE1E79EB6FEBECC99D.png,unclear,3,ocr_unreadable_or_semantically_incomplete
1739,01从者\000已有从者\06暗杀者\暗杀者-迦摩\伽摩.png,non_rule,3,overview_token_back_or_no_rule_text
1740,01从者\000已有从者\06暗杀者\暗杀者-迦摩\无形者.png,analyzed,3,existing_primitives_reviewed | effect_timing_and_conditions_reviewed | log_query_existing | player_resource_edit_existing
1741,01从者\000已有从者\06暗杀者\暗杀者-迦摩\旧\以恋焦炙.png,analyzed,4,existing_primitives_reviewed | effect_timing_and_conditions_reviewed | log_query_existing
1742,01从者\000已有从者\06暗杀者\暗杀者-迦摩\旧\以恋焦炙，因爱也.png,analyzed,4,existing_primitives_reviewed | effect_timing_and_conditions_reviewed | log_query_existing
1743,01从者\000已有从者\06暗杀者\暗杀者-迦摩\旧\暗杀者-气息遮断.png,analyzed,4,existing_primitives_reviewed | effect_timing_and_conditions_reviewed
1744,01从者\000已有从者\06暗杀者\暗杀者-迦摩\普通职介技能 (6).png,analyzed,4,existing_primitives_reviewed | effect_timing_and_conditions_reviewed
1745,01从者\000已有从者\06暗杀者\暗杀者-酒吞童子\3.1更新.png,analyzed,4,existing_primitives_reviewed | effect_timing_and_conditions_reviewed | array_window_query_gap | number_rounding_gap | log_query_existing
1746,01从者\000已有从者\06暗杀者\暗杀者-酒吞童子\3.6神便鬼毒酒.png,analyzed,4,existing_primitives_reviewed | effect_timing_and_conditions_reviewed
1747,01从者\000已有从者\06暗杀者\暗杀者-酒吞童子\放荡之宴.png,analyzed,4,existing_primitives_reviewed | effect_timing_and_conditions_reviewed
1748,01从者\000已有从者\06暗杀者\暗杀者-酒吞童子\旧\百花缭乱·我爱称.png,analyzed,4,existing_primitives_reviewed | effect_timing_and_conditions_reviewed | array_window_query_gap | number_rounding_gap | log_query_existing
1749,01从者\000已有从者\06暗杀者\暗杀者-酒吞童子\旧\神便鬼毒酒.png,analyzed,4,existing_primitives_reviewed | effect_timing_and_conditions_reviewed | log_query_existing
1750,01从者\000已有从者\06暗杀者\暗杀者-酒吞童子\酒吞童子.png,non_rule,4,overview_token_back_or_no_rule_text
1751,01从者\000已有从者\06暗杀者\暗杀者-静谧哈桑\妄想毒身.png,analyzed,4,existing_primitives_reviewed | effect_timing_and_conditions_reviewed | log_query_existing
1752,01从者\000已有从者\06暗杀者\暗杀者-静谧哈桑\普通职介技能 (6).png,analyzed,4,existing_primitives_reviewed | effect_timing_and_conditions_reviewed
1753,01从者\000已有从者\06暗杀者\暗杀者-静谧哈桑\暗杀者-气息遮断.png,analyzed,4,existing_primitives_reviewed | effect_timing_and_conditions_reviewed
1754,01从者\000已有从者\06暗杀者\暗杀者-静谧哈桑\静谧之舞.png,analyzed,4,existing_primitives_reviewed | effect_timing_and_conditions_reviewed | log_query_existing
1755,01从者\000已有从者\06暗杀者\暗杀者-静谧哈桑\静谧哈桑.png,non_rule,4,overview_token_back_or_no_rule_text
1756,01从者\000已有从者\06暗杀者\暗杀者-风魔小太郎\不灭的混沌旅团.png,analyzed,4,existing_primitives_reviewed | effect_timing_and_conditions_reviewed | log_query_existing
1757,01从者\000已有从者\06暗杀者\暗杀者-风魔小太郎\暗杀者-气息遮断.png,analyzed,4,existing_primitives_reviewed | effect_timing_and_conditions_reviewed | log_query_existing
1758,01从者\000已有从者\06暗杀者\暗杀者-风魔小太郎\破坏工作.png,analyzed,4,existing_primitives_reviewed | effect_timing_and_conditions_reviewed | log_query_existing
1759,01从者\000已有从者\06暗杀者\暗杀者-风魔小太郎\风魔小次郎.png,non_rule,4,overview_token_back_or_no_rule_text
1760,01从者\000已有从者\07狂战士\狂战士-X毛\3.9更新 (1).png,analyzed,4,existing_primitives_reviewed | effect_timing_and_conditions_reviewed | create_or_build_card_existing | log_query_existing
1761,01从者\000已有从者\07狂战士\狂战士-X毛\3.9更新 (2).png,analyzed,4,existing_primitives_reviewed | effect_timing_and_conditions_reviewed | create_or_build_card_existing | log_query_existing
1762,01从者\000已有从者\07狂战士\狂战士-X毛\3.9更新 (3).png,analyzed,4,existing_primitives_reviewed | effect_timing_and_conditions_reviewed | create_or_build_card_existing | log_query_existing
1763,01从者\000已有从者\07狂战士\狂战士-X毛\ATK-刹那无影剑.png,non_rule,4,overview_token_back_or_no_rule_text
1764,01从者\000已有从者\07狂战士\狂战士-X毛\旧\3.4.1更新刹那无影剑.png,analyzed,4,existing_primitives_reviewed | effect_timing_and_conditions_reviewed | create_or_build_card_existing | log_query_existing
1765,01从者\000已有从者\07狂战士\狂战士-X毛\旧\3.4.1更新念动力.png,analyzed,4,existing_primitives_reviewed | effect_timing_and_conditions_reviewed | create_or_build_card_existing | log_query_existing
1766,01从者\000已有从者\07狂战士\狂战士-X毛\旧\ATK-刹那无影剑.jpg,analyzed,4,existing_primitives_reviewed | effect_timing_and_conditions_reviewed | create_or_build_card_existing | log_query_existing
1767,01从者\000已有从者\07狂战士\狂战士-X毛\旧\httpssteamusercontentaakamaihdnetugc249113017096219200435779DFACBF0AAA59CE2268C842CCEE4EFCA3211.png,analyzed,4,existing_primitives_reviewed | effect_timing_and_conditions_reviewed | create_or_build_card_existing | log_query_existing
1768,01从者\000已有从者\07狂战士\狂战士-X毛\旧\httpssteamusercontentaakamaihdnetugc2491130170962193696F225002B192D825039EB4907E2DD07CCC7570505.png,analyzed,4,existing_primitives_reviewed | effect_timing_and_conditions_reviewed | create_or_build_card_existing | log_query_existing
1769,01从者\000已有从者\07狂战士\狂战士-X毛\旧\httpssteamusercontentaakamaihdnetugc2491130170962211401AEA41BC68D83C0FF22C94E822EFD67515F8C1813.png,analyzed,4,existing_primitives_reviewed | effect_timing_and_conditions_reviewed | create_or_build_card_existing | log_query_existing
1770,01从者\000已有从者\07狂战士\狂战士-X毛\旧\刹那无影剑.png,analyzed,4,existing_primitives_reviewed | effect_timing_and_conditions_reviewed | create_or_build_card_existing | log_query_existing
1771,01从者\000已有从者\07狂战士\狂战士-X毛\旧\念动力.jpg,analyzed,4,existing_primitives_reviewed | effect_timing_and_conditions_reviewed | create_or_build_card_existing | log_query_existing
1772,01从者\000已有从者\07狂战士\狂战士-X毛\旧\黑龙胜利剑.jpg,analyzed,4,existing_primitives_reviewed | effect_timing_and_conditions_reviewed | create_or_build_card_existing | log_query_existing
1773,01从者\000已有从者\07狂战士\狂战士-X毛\旧\黑龙胜利剑2.jpg,analyzed,4,existing_primitives_reviewed | effect_timing_and_conditions_reviewed | create_or_build_card_existing | log_query_existing
1774,01从者\000已有从者\07狂战士\狂战士-X毛\迷之女主角X（Alter）.jpg,non_rule,4,overview_token_back_or_no_rule_text
1775,01从者\000已有从者\07狂战士\狂战士-伽拉特亚\ATK-作品 (1).png,analyzed,4,existing_primitives_reviewed | effect_timing_and_conditions_reviewed | log_query_existing
1776,01从者\000已有从者\07狂战士\狂战士-伽拉特亚\ATK-作品 (2).png,non_rule,4,overview_token_back_or_no_rule_text
1777,01从者\000已有从者\07狂战士\狂战士-伽拉特亚\ATK-作品 (3).png,analyzed,4,existing_primitives_reviewed | effect_timing_and_conditions_reviewed | log_query_existing
1778,01从者\000已有从者\07狂战士\狂战士-伽拉特亚\ATK-作品 (4).png,analyzed,4,existing_primitives_reviewed | effect_timing_and_conditions_reviewed | log_query_existing
1779,01从者\000已有从者\07狂战士\狂战士-伽拉特亚\httpssteamusercontentaakamaihdnetugc2501278490242544129DBD3FAF329C294F55D252328643AFBBC89D71912.png,analyzed,4,existing_primitives_reviewed | effect_timing_and_conditions_reviewed | placed_non_event_object_gap | log_query_existing
1780,01从者\000已有从者\07狂战士\狂战士-伽拉特亚\httpssteamusercontentaakamaihdnetugc25012784902425444636538E65A5EC810097BC5E996CDDBA9EC9CC82257.png,analyzed,4,existing_primitives_reviewed | effect_timing_and_conditions_reviewed | placed_non_event_object_gap | log_query_existing
1781,01从者\000已有从者\07狂战士\狂战士-伽拉特亚\httpssteamusercontentaakamaihdnetugc2501278490242544787E3F605B1B9EE5E373A7CE9DB7916D0B1DD13F5B4.png,analyzed,4,existing_primitives_reviewed | effect_timing_and_conditions_reviewed | placed_non_event_object_gap | log_query_existing
1782,01从者\000已有从者\07狂战士\狂战士-伽拉特亚\伽拉特亚.png,non_rule,4,overview_token_back_or_no_rule_text
1783,01从者\000已有从者\07狂战士\狂战士-克琳希尔德diy\3.2更新听吾之声.jpg,analyzed,4,existing_primitives_reviewed | effect_timing_and_conditions_reviewed | map_graph_query_gap | per_player_movement_rule_framework_gap | log_query_existing
1784,01从者\000已有从者\07狂战士\狂战士-克琳希尔德diy\3.2更新流离魔剑.jpg,analyzed,4,existing_primitives_reviewed | effect_timing_and_conditions_reviewed | log_query_existing
1785,01从者\000已有从者\07狂战士\狂战士-克琳希尔德diy\3.2更新高贵少女之殇.jpg,analyzed,4,existing_primitives_reviewed | effect_timing_and_conditions_reviewed | log_query_existing
1786,01从者\000已有从者\07狂战士\狂战士-克琳希尔德diy\3.9更新听吾之声.png,analyzed,4,existing_primitives_reviewed | effect_timing_and_conditions_reviewed | map_graph_query_gap | per_player_movement_rule_framework_gap | log_query_existing
1787,01从者\000已有从者\07狂战士\狂战士-克琳希尔德diy\3.9更新流离魔剑.png,analyzed,4,existing_primitives_reviewed | effect_timing_and_conditions_reviewed | log_query_existing
1788,01从者\000已有从者\07狂战士\狂战士-克琳希尔德diy\克琳希尔德DIY.png,non_rule,4,overview_token_back_or_no_rule_text
1789,01从者\000已有从者\07狂战士\狂战士-克琳希尔德diy\旧\流离魔剑·圣妃失坠.png,analyzed,4,existing_primitives_reviewed | effect_timing_and_conditions_reviewed | log_query_existing
1790,01从者\000已有从者\07狂战士\狂战士-克琳希尔德diy\旧\灼热的复仇之神.png,analyzed,4,existing_primitives_reviewed | effect_timing_and_conditions_reviewed | log_query_existing
1791,01从者\000已有从者\07狂战士\狂战士-克琳希尔德diy\旧\高贵少女之殇.png,analyzed,4,existing_primitives_reviewed | effect_timing_and_conditions_reviewed | log_query_existing
1792,01从者\000已有从者\07狂战士\狂战士-克琳希德\克琳希德.png,non_rule,4,overview_token_back_or_no_rule_text
1793,01从者\000已有从者\07狂战士\狂战士-克琳希德\未亡人.png,analyzed,4,existing_primitives_reviewed | effect_timing_and_conditions_reviewed | player_lifecycle_framework_gap | log_query_existing
1794,01从者\000已有从者\07狂战士\狂战士-克琳希德\流离魔剑·圣妃失坠.png,analyzed,4,existing_primitives_reviewed | effect_timing_and_conditions_reviewed | log_query_existing
1795,01从者\000已有从者\07狂战士\狂战士-克琳希德\莱茵的黄金.png,analyzed,4,existing_primitives_reviewed | effect_timing_and_conditions_reviewed | log_query_existing
1796,01从者\000已有从者\07狂战士\狂战士-兰斯洛特\不为一己之荣光.png,analyzed,4,existing_primitives_reviewed | effect_timing_and_conditions_reviewed | log_query_existing
1797,01从者\000已有从者\07狂战士\狂战士-兰斯洛特\不为荣光.png,analyzed,4,existing_primitives_reviewed | effect_timing_and_conditions_reviewed | log_query_existing
1798,01从者\000已有从者\07狂战士\狂战士-兰斯洛特\兰斯洛特（狂.png,analyzed,4,existing_primitives_reviewed | effect_timing_and_conditions_reviewed
1799,01从者\000已有从者\07狂战士\狂战士-兰斯洛特\无穷的武炼.png,analyzed,4,existing_primitives_reviewed | effect_timing_and_conditions_reviewed | scoped_effect_invocation_gap | log_query_existing
1800,01从者\000已有从者\07狂战士\狂战士-千利休\ATK-驹之哀.png,analyzed,4,existing_primitives_reviewed | effect_timing_and_conditions_reviewed | placed_non_event_object_gap | create_or_build_card_existing | log_query_existing
1801,01从者\000已有从者\07狂战士\狂战士-千利休\httpcloud3steamusercontentcomugc219950624474277317505029F3ACEEC30415F56C0672F726371BD0E3E4D.png,analyzed,4,existing_primitives_reviewed | effect_timing_and_conditions_reviewed | log_query_existing
1802,01从者\000已有从者\07狂战士\狂战士-千利休\一期一会.png,analyzed,4,existing_primitives_reviewed | effect_timing_and_conditions_reviewed | distinct_value_count_gap | log_query_existing
1803,01从者\000已有从者\07狂战士\狂战士-千利休\千利休.png,non_rule,4,overview_token_back_or_no_rule_text
1804,01从者\000已有从者\07狂战士\狂战士-千利休\茶之极致.png,analyzed,4,existing_primitives_reviewed | effect_timing_and_conditions_reviewed | log_query_existing
1805,01从者\000已有从者\07狂战士\狂战士-千利休\驹之哀.png,analyzed,4,existing_primitives_reviewed | effect_timing_and_conditions_reviewed | placed_non_event_object_gap | create_or_build_card_existing | log_query_existing
1806,01从者\000已有从者\07狂战士\狂战士-南丁格尔\3.4更新南丁格尔.png,non_rule,4,overview_token_back_or_no_rule_text
1807,01从者\000已有从者\07狂战士\狂战士-南丁格尔\克里米亚天使.png,analyzed,4,existing_primitives_reviewed | effect_timing_and_conditions_reviewed | log_query_existing
1808,01从者\000已有从者\07狂战士\狂战士-南丁格尔\南丁格尔.png,non_rule,4,overview_token_back_or_no_rule_text
1809,01从者\000已有从者\07狂战士\狂战士-南丁格尔\我将根绝一切毒物一切害物.png,analyzed,4,existing_primitives_reviewed | effect_timing_and_conditions_reviewed | log_query_existing
1810,01从者\000已有从者\07狂战士\狂战士-南丁格尔\钢之看护.png,analyzed,4,existing_primitives_reviewed | effect_timing_and_conditions_reviewed | log_query_existing
1811,01从者\000已有从者\07狂战士\狂战士-卡利古拉\卡利古拉.png,non_rule,4,overview_token_back_or_no_rule_text
1812,01从者\000已有从者\07狂战士\狂战士-卡利古拉\暴君特权.png,analyzed,4,existing_primitives_reviewed | effect_timing_and_conditions_reviewed | log_query_existing
1813,01从者\000已有从者\07狂战士\狂战士-卡利古拉\月光.png,analyzed,4,existing_primitives_reviewed | effect_timing_and_conditions_reviewed | object_effect_enablement_gap | log_query_existing
1814,01从者\000已有从者\07狂战士\狂战士-卡利古拉\月光TOKEN.png,unclear,4,ocr_unreadable_or_semantically_incomplete
1815,01从者\000已有从者\07狂战士\狂战士-卡利古拉\皎皎明月.png,analyzed,4,existing_primitives_reviewed | effect_timing_and_conditions_reviewed | log_query_existing
1816,01从者\000已有从者\07狂战士\狂战士-参孙\3.9更新 (2).png,analyzed,4,existing_primitives_reviewed | effect_timing_and_conditions_reviewed | log_query_existing
1817,01从者\000已有从者\07狂战士\狂战士-参孙\httpssteamusercontentaakamaihdnetugc252153471770710690091D80EEB8A513AD73F8107CB5C8D78417EF25673.png,analyzed,4,existing_primitives_reviewed | effect_timing_and_conditions_reviewed | log_query_existing
1818,01从者\000已有从者\07狂战士\狂战士-参孙\httpssteamusercontentaakamaihdnetugc2521534717707107319127B0686CF4BB895BC4EAF7ACC34C8680400BF61.png,analyzed,4,existing_primitives_reviewed | effect_timing_and_conditions_reviewed | array_window_query_gap | number_rounding_gap | log_query_existing
1819,01从者\000已有从者\07狂战士\狂战士-参孙\httpssteamusercontentaakamaihdnetugc2521534717707107937809959616D3043D7B4ADDE8BD2EDEEC48EBE50DA.png,analyzed,4,existing_primitives_reviewed | effect_timing_and_conditions_reviewed | log_query_existing
1820,01从者\000已有从者\07狂战士\狂战士-参孙\参孙.png,non_rule,4,overview_token_back_or_no_rule_text
1821,01从者\000已有从者\07狂战士\狂战士-吕布\乱世枭雄.png,analyzed,4,existing_primitives_reviewed | effect_timing_and_conditions_reviewed | log_query_existing
1822,01从者\000已有从者\07狂战士\狂战士-吕布\军神五兵.png,analyzed,4,existing_primitives_reviewed | effect_timing_and_conditions_reviewed | log_query_existing
1823,01从者\000已有从者\07狂战士\狂战士-吕布\反骨之相.png,analyzed,4,existing_primitives_reviewed | effect_timing_and_conditions_reviewed | log_query_existing
1824,01从者\000已有从者\07狂战士\狂战士-吕布\吕布.png,non_rule,4,overview_token_back_or_no_rule_text
1825,01从者\000已有从者\07狂战士\狂战士-土方岁三\3.1更新 (1).png,analyzed,4,existing_primitives_reviewed | effect_timing_and_conditions_reviewed | log_query_existing
1826,01从者\000已有从者\07狂战士\狂战士-土方岁三\3.1更新 (2).png,analyzed,4,existing_primitives_reviewed | effect_timing_and_conditions_reviewed | log_query_existing
1827,01从者\000已有从者\07狂战士\狂战士-土方岁三\土方岁三.png,non_rule,4,overview_token_back_or_no_rule_text
1828,01从者\000已有从者\07狂战士\狂战士-土方岁三\局中法度.png,analyzed,4,existing_primitives_reviewed | effect_timing_and_conditions_reviewed | log_query_existing
1829,01从者\000已有从者\07狂战士\狂战士-土方岁三\旧\誓言的羽织.png,analyzed,4,existing_primitives_reviewed | effect_timing_and_conditions_reviewed | log_query_existing
1830,01从者\000已有从者\07狂战士\狂战士-土方岁三\旧\诚之旗.png,analyzed,4,existing_primitives_reviewed | effect_timing_and_conditions_reviewed | log_query_existing
1831,01从者\000已有从者\07狂战士\狂战士-土方岁三diy\3.2更新战场之鬼.jpg,analyzed,4,existing_primitives_reviewed | effect_timing_and_conditions_reviewed | log_query_existing
1832,01从者\000已有从者\07狂战士\狂战士-土方岁三diy\新土方diy.png,non_rule,4,overview_token_back_or_no_rule_text
1833,01从者\000已有从者\07狂战士\狂战士-土方岁三diy\新技能 (2).png,analyzed,4,existing_primitives_reviewed | effect_timing_and_conditions_reviewed | log_query_existing
1834,01从者\000已有从者\07狂战士\狂战士-土方岁三diy\新技能 (3).png,analyzed,4,existing_primitives_reviewed | effect_timing_and_conditions_reviewed | log_query_existing
1835,01从者\000已有从者\07狂战士\狂战士-土方岁三diy\旧\不灭之诚.png,analyzed,4,existing_primitives_reviewed | effect_timing_and_conditions_reviewed | log_query_existing
1836,01从者\000已有从者\07狂战士\狂战士-土方岁三diy\旧\土方岁三.png,non_rule,4,overview_token_back_or_no_rule_text
1837,01从者\000已有从者\07狂战士\狂战士-土方岁三diy\旧\局中法度.png,analyzed,4,existing_primitives_reviewed | effect_timing_and_conditions_reviewed | log_query_existing
1838,01从者\000已有从者\07狂战士\狂战士-土方岁三diy\旧\战场之鬼.png,analyzed,4,existing_primitives_reviewed | effect_timing_and_conditions_reviewed | log_query_existing
1839,01从者\000已有从者\07狂战士\狂战士-土方岁三diy\旧\新技能 (1).png,analyzed,4,existing_primitives_reviewed | effect_timing_and_conditions_reviewed | log_query_existing
1840,01从者\000已有从者\07狂战士\狂战士-坂田金时\坂田金时.png,non_rule,4,overview_token_back_or_no_rule_text
1841,01从者\000已有从者\07狂战士\狂战士-坂田金时\黄金冲击x2 - 副本.png,analyzed,4,existing_primitives_reviewed | effect_timing_and_conditions_reviewed | effect_targeting_immunity_framework_gap | log_query_existing
1842,01从者\000已有从者\07狂战士\狂战士-坂田金时\黄金冲击x2.png,analyzed,4,existing_primitives_reviewed | effect_timing_and_conditions_reviewed | effect_targeting_immunity_framework_gap | log_query_existing
1843,01从者\000已有从者\07狂战士\狂战士-坂田金时\黄金噬者.png,analyzed,4,existing_primitives_reviewed | effect_timing_and_conditions_reviewed | log_query_existing
1844,01从者\000已有从者\07狂战士\狂战士-大流士三世\3.1更新叙述 (1).png,analyzed,4,existing_primitives_reviewed | effect_timing_and_conditions_reviewed | create_or_build_card_existing | log_query_existing
1845,01从者\000已有从者\07狂战士\狂战士-大流士三世\3.1更新叙述 (2).png,analyzed,4,existing_primitives_reviewed | effect_timing_and_conditions_reviewed | create_or_build_card_existing | log_query_existing
1846,01从者\000已有从者\07狂战士\狂战士-大流士三世\不死的万名骑兵.png,analyzed,4,existing_primitives_reviewed | effect_timing_and_conditions_reviewed | create_or_build_card_existing | log_query_existing
1847,01从者\000已有从者\07狂战士\狂战士-大流士三世\大流士三世.png,non_rule,4,overview_token_back_or_no_rule_text
1848,01从者\000已有从者\07狂战士\狂战士-大流士三世\通向巴比伦的大门.png,analyzed,4,existing_primitives_reviewed | effect_timing_and_conditions_reviewed | create_or_build_card_existing | log_query_existing
1849,01从者\000已有从者\07狂战士\狂战士-大流士三世\阿契美尼德的荣耀.png,analyzed,4,existing_primitives_reviewed | effect_timing_and_conditions_reviewed | log_query_existing
1850,01从者\000已有从者\07狂战士\狂战士-宫本武藏（天元之花）\ATK-伊舍那大天象.png,analyzed,4,existing_primitives_reviewed | effect_timing_and_conditions_reviewed | effect_targeting_immunity_framework_gap | create_or_build_card_existing | log_query_existing
1851,01从者\000已有从者\07狂战士\狂战士-宫本武藏（天元之花）\httpssteamusercontentaakamaihdnetugc24978982545460004448AEF166F42DBD54AE4183E7D5DC6AA3F5D7B5FFB.png,unclear,4,ocr_unreadable_or_semantically_incomplete
1852,01从者\000已有从者\07狂战士\狂战士-宫本武藏（天元之花）\二天一流.png,analyzed,4,existing_primitives_reviewed | effect_timing_and_conditions_reviewed | log_query_existing
1853,01从者\000已有从者\07狂战士\狂战士-宫本武藏（天元之花）\六道五轮.png,analyzed,4,existing_primitives_reviewed | effect_timing_and_conditions_reviewed | log_query_existing
1854,01从者\000已有从者\07狂战士\狂战士-宫本武藏（天元之花）\宫本武藏（天元之花）.png,non_rule,4,overview_token_back_or_no_rule_text
1855,01从者\000已有从者\07狂战士\狂战士-宫本武藏（天元之花）\第五势.png,analyzed,4,existing_primitives_reviewed | effect_timing_and_conditions_reviewed | log_query_existing
1856,01从者\000已有从者\07狂战士\狂战士-布伦希尔德\atk (1).png,non_rule,4,overview_token_back_or_no_rule_text
1857,01从者\000已有从者\07狂战士\狂战士-布伦希尔德\atk (5).png,non_rule,4,overview_token_back_or_no_rule_text
1858,01从者\000已有从者\07狂战士\狂战士-布伦希尔德\atk (9).png,non_rule,4,overview_token_back_or_no_rule_text
1859,01从者\000已有从者\07狂战士\狂战士-布伦希尔德\httpssteamusercontentaakamaihdnetugc250127849024297862085213D4A2EA5B41A0ADDFA59E5C3DDAB211B9120.png,analyzed,4,existing_primitives_reviewed | effect_timing_and_conditions_reviewed | log_query_existing
1860,01从者\000已有从者\07狂战士\狂战士-布伦希尔德\httpssteamusercontentaakamaihdnetugc250127849024297889267FCAC8A6A29154409871C47DF73D57EB5439026.png,analyzed,4,existing_primitives_reviewed | effect_timing_and_conditions_reviewed | create_or_build_card_existing | log_query_existing
1861,01从者\000已有从者\07狂战士\狂战士-布伦希尔德\httpssteamusercontentaakamaihdnetugc2501278490243007993D0DD1506B0405B9DD79AA80D0F85B2422E1BEB17.png,analyzed,4,existing_primitives_reviewed | effect_timing_and_conditions_reviewed | aggregate_property_gap | log_query_existing
1862,01从者\000已有从者\07狂战士\狂战士-布伦希尔德\httpssteamusercontentaakamaihdnetugc25012784902430267065E1429E68139E5DFFAADF4D6E680E65874A160DB.png,unclear,4,ocr_unreadable_or_semantically_incomplete
1863,01从者\000已有从者\07狂战士\狂战士-布伦希尔德\布伦希尔德-狂战士.png,non_rule,4,overview_token_back_or_no_rule_text
1864,01从者\000已有从者\07狂战士\狂战士-库丘林Alter\3.6更新.png,analyzed,4,existing_primitives_reviewed | effect_timing_and_conditions_reviewed | log_query_existing
1865,01从者\000已有从者\07狂战士\狂战士-库丘林Alter\噬碎死牙之兽.png,analyzed,4,existing_primitives_reviewed | effect_timing_and_conditions_reviewed | log_query_existing
1866,01从者\000已有从者\07狂战士\狂战士-库丘林Alter\噬碎死牙之兽残留.png,analyzed,4,existing_primitives_reviewed | effect_timing_and_conditions_reviewed | log_query_existing
1867,01从者\000已有从者\07狂战士\狂战士-库丘林Alter\旧\3.1更新.png,analyzed,4,existing_primitives_reviewed | effect_timing_and_conditions_reviewed | log_query_existing
1868,01从者\000已有从者\07狂战士\狂战士-库丘林Alter\旧\鏖杀之枪.png,analyzed,4,existing_primitives_reviewed | effect_timing_and_conditions_reviewed | log_query_existing
1869,01从者\000已有从者\07狂战士\狂战士-库丘林Alter\黑狗.png,non_rule,4,overview_token_back_or_no_rule_text
1870,01从者\000已有从者\07狂战士\狂战士-弗兰肯斯坦\少女贞节.png,analyzed,4,existing_primitives_reviewed | effect_timing_and_conditions_reviewed | log_query_existing
1871,01从者\000已有从者\07狂战士\狂战士-弗兰肯斯坦\少女贞节1.png,analyzed,4,existing_primitives_reviewed | effect_timing_and_conditions_reviewed | aggregate_property_gap | log_query_existing
1872,01从者\000已有从者\07狂战士\狂战士-弗兰肯斯坦\弗兰肯斯坦.png,non_rule,4,overview_token_back_or_no_rule_text
1873,01从者\000已有从者\07狂战士\狂战士-弗兰肯斯坦\碟刑之雷树.png,analyzed,4,existing_primitives_reviewed | effect_timing_and_conditions_reviewed | log_query_existing
1874,01从者\000已有从者\07狂战士\狂战士-彭忒西勒亚\3.2更新军神咆哮.jpg,analyzed,4,existing_primitives_reviewed | effect_timing_and_conditions_reviewed | log_query_existing
1875,01从者\000已有从者\07狂战士\狂战士-彭忒西勒亚\3.2更新嗔怒.jpg,analyzed,4,existing_primitives_reviewed | effect_timing_and_conditions_reviewed | log_query_existing
1876,01从者\000已有从者\07狂战士\狂战士-彭忒西勒亚\3.2更新神性之美.jpg,analyzed,4,existing_primitives_reviewed | effect_timing_and_conditions_reviewed | log_query_existing
1877,01从者\000已有从者\07狂战士\狂战士-彭忒西勒亚\彭西勒亚.png,non_rule,4,overview_token_back_or_no_rule_text
1878,01从者\000已有从者\07狂战士\狂战士-彭忒西勒亚\旧\3.1更新.png,analyzed,4,existing_primitives_reviewed | effect_timing_and_conditions_reviewed | log_query_existing
1879,01从者\000已有从者\07狂战士\狂战士-彭忒西勒亚\旧\于吾之嗔患中终结吧，英雄.png,analyzed,4,existing_primitives_reviewed | effect_timing_and_conditions_reviewed | log_query_existing
1880,01从者\000已有从者\07狂战士\狂战士-彭忒西勒亚\旧\军神咆哮.png,analyzed,4,existing_primitives_reviewed | effect_timing_and_conditions_reviewed | log_query_existing
1881,01从者\000已有从者\07狂战士\狂战士-彭忒西勒亚\神性之美.png,analyzed,4,existing_primitives_reviewed | effect_timing_and_conditions_reviewed | log_query_existing
1882,01从者\000已有从者\07狂战士\狂战士-斯巴达克斯\3.1更新 (1).png,analyzed,4,existing_primitives_reviewed | effect_timing_and_conditions_reviewed | log_query_existing
1883,01从者\000已有从者\07狂战士\狂战士-斯巴达克斯\3.1更新 (2).png,analyzed,4,existing_primitives_reviewed | effect_timing_and_conditions_reviewed | log_query_existing
1884,01从者\000已有从者\07狂战士\狂战士-斯巴达克斯\伤兽的咆吼.png,analyzed,4,existing_primitives_reviewed | effect_timing_and_conditions_reviewed | number_rounding_gap | log_query_existing
1885,01从者\000已有从者\07狂战士\狂战士-斯巴达克斯\斯巴达克斯.png,non_rule,4,overview_token_back_or_no_rule_text
1886,01从者\000已有从者\07狂战士\狂战士-斯巴达克斯\旧\不屈的意志.png,analyzed,4,existing_primitives_reviewed | effect_timing_and_conditions_reviewed | log_query_existing
1887,01从者\000已有从者\07狂战士\狂战士-斯巴达克斯\旧\反叛.png,analyzed,4,existing_primitives_reviewed | effect_timing_and_conditions_reviewed | log_query_existing
1888,01从者\000已有从者\07狂战士\狂战士-森长可2.7diy\3.2森长可.jpg,non_rule,4,overview_token_back_or_no_rule_text
1889,01从者\000已有从者\07狂战士\狂战士-森长可2.7diy\3.3更新人类无骨.png,analyzed,4,existing_primitives_reviewed | effect_timing_and_conditions_reviewed | power_source_provenance_framework_gap | log_query_existing
1890,01从者\000已有从者\07狂战士\狂战士-森长可2.7diy\3.3更新鬼武藏.png,analyzed,4,existing_primitives_reviewed | effect_timing_and_conditions_reviewed | log_query_existing
1891,01从者\000已有从者\07狂战士\狂战士-森长可2.7diy\3.5更新血染的蛮勇.png,analyzed,4,existing_primitives_reviewed | effect_timing_and_conditions_reviewed | log_query_existing
1892,01从者\000已有从者\07狂战士\狂战士-森长可2.7diy\旧版\3.1.2更新森长可 (1).jpg,analyzed,4,existing_primitives_reviewed | effect_timing_and_conditions_reviewed | power_source_provenance_framework_gap | effect_targeting_immunity_framework_gap | log_query_existing
1893,01从者\000已有从者\07狂战士\狂战士-森长可2.7diy\旧版\3.1.2更新森长可 (2).jpg,non_rule,4,overview_token_back_or_no_rule_text
1894,01从者\000已有从者\07狂战士\狂战士-森长可2.7diy\旧版\3.1.2更新森长可 (3).jpg,analyzed,4,existing_primitives_reviewed | effect_timing_and_conditions_reviewed | log_query_existing
1895,01从者\000已有从者\07狂战士\狂战士-森长可2.7diy\旧版\3.1.2更新森长可 (4).jpg,analyzed,4,existing_primitives_reviewed | effect_timing_and_conditions_reviewed | log_query_existing
1896,01从者\000已有从者\07狂战士\狂战士-森长可2.7diy\旧版\3.1.3人类无骨.jpg,analyzed,4,existing_primitives_reviewed | effect_timing_and_conditions_reviewed | power_source_provenance_framework_gap | effect_targeting_immunity_framework_gap | log_query_existing
1897,01从者\000已有从者\07狂战士\狂战士-森长可2.7diy\旧版\3.1.3血染的蛮勇.jpg,analyzed,4,existing_primitives_reviewed | effect_timing_and_conditions_reviewed | log_query_existing
1898,01从者\000已有从者\07狂战士\狂战士-森长可2.7diy\旧版\3.1.3鬼武藏的遗嘱.jpg,analyzed,4,existing_primitives_reviewed | effect_timing_and_conditions_reviewed | log_query_existing
1899,01从者\000已有从者\07狂战士\狂战士-森长可2.7diy\旧版\3.3更新血染.png,analyzed,4,existing_primitives_reviewed | effect_timing_and_conditions_reviewed | log_query_existing
1900,01从者\000已有从者\07狂战士\狂战士-森长可2.7diy\旧版\httpcloud3steamusercontentcomugc20261114987760288845751188F045D8FBB7FD3DF746CF7370730AC20B2.png,analyzed,4,existing_primitives_reviewed | effect_timing_and_conditions_reviewed | power_source_provenance_framework_gap | log_query_existing
1901,01从者\000已有从者\07狂战士\狂战士-森长可2.7diy\旧版\httpcloud3steamusercontentcomugc2026111498776029815618786731072456D9A4C3AA9A2054CF15C3D22A5.png,analyzed,4,existing_primitives_reviewed | effect_timing_and_conditions_reviewed | log_query_existing
1902,01从者\000已有从者\07狂战士\狂战士-森长可2.7diy\旧版\人间无骨.png,analyzed,4,existing_primitives_reviewed | effect_timing_and_conditions_reviewed | log_query_existing
1903,01从者\000已有从者\07狂战士\狂战士-森长可2.7diy\旧版\森长可.png,non_rule,4,overview_token_back_or_no_rule_text
1904,01从者\000已有从者\07狂战士\狂战士-森长可2.7diy\旧版\血染的蛮勇.png,analyzed,4,existing_primitives_reviewed | effect_timing_and_conditions_reviewed | log_query_existing
1905,01从者\000已有从者\07狂战士\狂战士-森长可2.7diy\旧版\陨.jpg,unclear,4,ocr_unreadable_or_semantically_incomplete
1906,01从者\000已有从者\07狂战士\狂战士-森长可2.7diy\旧版\鬼武藏的遗.png,analyzed,4,existing_primitives_reviewed | effect_timing_and_conditions_reviewed | log_query_existing
1907,01从者\000已有从者\07狂战士\狂战士-泳装宫本武藏\天魔轰眼.png,analyzed,4,existing_primitives_reviewed | effect_timing_and_conditions_reviewed | log_query_existing
1908,01从者\000已有从者\07狂战士\狂战士-泳装宫本武藏\宫本武藏.png,non_rule,4,overview_token_back_or_no_rule_text
1909,01从者\000已有从者\07狂战士\狂战士-泳装宫本武藏\打印盛\atk-水武藏-盛 (1).png,non_rule,4,overview_token_back_or_no_rule_text
1910,01从者\000已有从者\07狂战士\狂战士-泳装宫本武藏\打印盛\atk-水武藏-盛 (10).png,non_rule,4,overview_token_back_or_no_rule_text
1911,01从者\000已有从者\07狂战士\狂战士-泳装宫本武藏\打印盛\atk-水武藏-盛 (11).png,non_rule,4,overview_token_back_or_no_rule_text
1912,01从者\000已有从者\07狂战士\狂战士-泳装宫本武藏\打印盛\atk-水武藏-盛 (12).png,non_rule,4,overview_token_back_or_no_rule_text
1913,01从者\000已有从者\07狂战士\狂战士-泳装宫本武藏\打印盛\atk-水武藏-盛 (13).png,non_rule,4,overview_token_back_or_no_rule_text
1914,01从者\000已有从者\07狂战士\狂战士-泳装宫本武藏\打印盛\atk-水武藏-盛 (14).png,non_rule,4,overview_token_back_or_no_rule_text
1915,01从者\000已有从者\07狂战士\狂战士-泳装宫本武藏\打印盛\atk-水武藏-盛 (15).png,non_rule,4,overview_token_back_or_no_rule_text
1916,01从者\000已有从者\07狂战士\狂战士-泳装宫本武藏\打印盛\atk-水武藏-盛 (16).png,non_rule,4,overview_token_back_or_no_rule_text
1917,01从者\000已有从者\07狂战士\狂战士-泳装宫本武藏\打印盛\atk-水武藏-盛 (17).png,non_rule,4,overview_token_back_or_no_rule_text
1918,01从者\000已有从者\07狂战士\狂战士-泳装宫本武藏\打印盛\atk-水武藏-盛 (2).png,non_rule,4,overview_token_back_or_no_rule_text
1919,01从者\000已有从者\07狂战士\狂战士-泳装宫本武藏\打印盛\atk-水武藏-盛 (3).png,non_rule,4,overview_token_back_or_no_rule_text
1920,01从者\000已有从者\07狂战士\狂战士-泳装宫本武藏\打印盛\atk-水武藏-盛 (4).png,non_rule,4,overview_token_back_or_no_rule_text
1921,01从者\000已有从者\07狂战士\狂战士-泳装宫本武藏\打印盛\atk-水武藏-盛 (5).png,non_rule,4,overview_token_back_or_no_rule_text
1922,01从者\000已有从者\07狂战士\狂战士-泳装宫本武藏\打印盛\atk-水武藏-盛 (6).png,non_rule,4,overview_token_back_or_no_rule_text
1923,01从者\000已有从者\07狂战士\狂战士-泳装宫本武藏\打印盛\atk-水武藏-盛 (7).png,non_rule,4,overview_token_back_or_no_rule_text
1924,01从者\000已有从者\07狂战士\狂战士-泳装宫本武藏\打印盛\atk-水武藏-盛 (8).png,non_rule,4,overview_token_back_or_no_rule_text
1925,01从者\000已有从者\07狂战士\狂战士-泳装宫本武藏\打印盛\atk-水武藏-盛 (9).png,non_rule,4,overview_token_back_or_no_rule_text
1926,01从者\000已有从者\07狂战士\狂战士-泳装宫本武藏\盛\红绿盛10.png,non_rule,4,overview_token_back_or_no_rule_text
1927,01从者\000已有从者\07狂战士\狂战士-泳装宫本武藏\盛\红绿盛2-8.png,non_rule,4,overview_token_back_or_no_rule_text
1928,01从者\000已有从者\07狂战士\狂战士-泳装宫本武藏\盛\红绿盛3-7.png,non_rule,4,overview_token_back_or_no_rule_text
1929,01从者\000已有从者\07狂战士\狂战士-泳装宫本武藏\盛\红绿盛4.png,non_rule,4,overview_token_back_or_no_rule_text
1930,01从者\000已有从者\07狂战士\狂战士-泳装宫本武藏\盛\红绿盛5.png,non_rule,4,overview_token_back_or_no_rule_text
1931,01从者\000已有从者\07狂战士\狂战士-泳装宫本武藏\盛\红绿盛6.png,non_rule,4,overview_token_back_or_no_rule_text
1932,01从者\000已有从者\07狂战士\狂战士-泳装宫本武藏\盛\红绿盛7.png,non_rule,4,overview_token_back_or_no_rule_text
1933,01从者\000已有从者\07狂战士\狂战士-泳装宫本武藏\盛\红绿盛8.png,non_rule,4,overview_token_back_or_no_rule_text
1934,01从者\000已有从者\07狂战士\狂战士-泳装宫本武藏\盛\红绿盛9.png,non_rule,4,overview_token_back_or_no_rule_text
1935,01从者\000已有从者\07狂战士\狂战士-泳装宫本武藏\盛\红蓝盛.png,non_rule,4,overview_token_back_or_no_rule_text
1936,01从者\000已有从者\07狂战士\狂战士-泳装宫本武藏\盛\红蓝盛10.png,non_rule,4,overview_token_back_or_no_rule_text
1937,01从者\000已有从者\07狂战士\狂战士-泳装宫本武藏\盛\红蓝盛2-8.png,non_rule,4,overview_token_back_or_no_rule_text
1938,01从者\000已有从者\07狂战士\狂战士-泳装宫本武藏\盛\红蓝盛3-7.png,non_rule,4,overview_token_back_or_no_rule_text
1939,01从者\000已有从者\07狂战士\狂战士-泳装宫本武藏\盛\红蓝盛5.png,non_rule,4,overview_token_back_or_no_rule_text
1940,01从者\000已有从者\07狂战士\狂战士-泳装宫本武藏\盛\红蓝盛6.png,non_rule,4,overview_token_back_or_no_rule_text
1941,01从者\000已有从者\07狂战士\狂战士-泳装宫本武藏\盛\红蓝盛7.png,non_rule,4,overview_token_back_or_no_rule_text
1942,01从者\000已有从者\07狂战士\狂战士-泳装宫本武藏\盛\红蓝盛8.png,non_rule,4,overview_token_back_or_no_rule_text
1943,01从者\000已有从者\07狂战士\狂战士-泳装宫本武藏\盛\红蓝盛9.png,non_rule,4,overview_token_back_or_no_rule_text
1944,01从者\000已有从者\07狂战士\狂战士-泳装宫本武藏\破魔剑.png,analyzed,4,existing_primitives_reviewed | effect_timing_and_conditions_reviewed | log_query_existing
1945,01从者\000已有从者\07狂战士\狂战士-泳装宫本武藏\第五盛.png,analyzed,4,existing_primitives_reviewed | effect_timing_and_conditions_reviewed | aggregate_property_gap | distinct_value_count_gap | runtime_card_merge_framework_gap | log_query_existing
1946,01从者\000已有从者\07狂战士\狂战士-清姬\3.1更新 (1).png,analyzed,4,existing_primitives_reviewed | effect_timing_and_conditions_reviewed | per_player_movement_rule_framework_gap | log_query_existing
1947,01从者\000已有从者\07狂战士\狂战士-清姬\3.1更新 (2).png,analyzed,4,existing_primitives_reviewed | effect_timing_and_conditions_reviewed | log_query_existing
1948,01从者\000已有从者\07狂战士\狂战士-清姬\不再有谎言.png,analyzed,4,existing_primitives_reviewed | effect_timing_and_conditions_reviewed | log_query_existing
1949,01从者\000已有从者\07狂战士\狂战士-清姬\反.png,non_rule,4,overview_token_back_or_no_rule_text
1950,01从者\000已有从者\07狂战士\狂战士-清姬\旧\焰色接吻.png,analyzed,4,existing_primitives_reviewed | effect_timing_and_conditions_reviewed | log_query_existing
1951,01从者\000已有从者\07狂战士\狂战士-清姬\旧\转身火生三味.png,analyzed,4,existing_primitives_reviewed | effect_timing_and_conditions_reviewed | log_query_existing
1952,01从者\000已有从者\07狂战士\狂战士-清姬\正.png,non_rule,4,overview_token_back_or_no_rule_text
1953,01从者\000已有从者\07狂战士\狂战士-清姬\清姬.png,non_rule,4,overview_token_back_or_no_rule_text
1954,01从者\000已有从者\07狂战士\狂战士-源赖光\源赖光.png,non_rule,4,overview_token_back_or_no_rule_text
1955,01从者\000已有从者\07狂战士\狂战士-源赖光\牛王招雷·天网恢恢.png,analyzed,4,existing_primitives_reviewed | effect_timing_and_conditions_reviewed | log_query_existing
1956,01从者\000已有从者\07狂战士\狂战士-源赖光\神秘杀手.png,analyzed,4,existing_primitives_reviewed | effect_timing_and_conditions_reviewed | log_query_existing
1957,01从者\000已有从者\07狂战士\狂战士-源赖光\童子切安纲.png,analyzed,4,existing_primitives_reviewed | effect_timing_and_conditions_reviewed | log_query_existing
1958,01从者\000已有从者\07狂战士\狂战士-爱尔奎德·布伦史塔德\千年城.png,analyzed,4,existing_primitives_reviewed | effect_timing_and_conditions_reviewed | log_query_existing
1959,01从者\000已有从者\07狂战士\狂战士-爱尔奎德·布伦史塔德\爱尔奎德·布伦史塔德.png,non_rule,4,overview_token_back_or_no_rule_text
1960,01从者\000已有从者\07狂战士\狂战士-爱尔奎德·布伦史塔德\空想具现化.png,analyzed,4,existing_primitives_reviewed | effect_timing_and_conditions_reviewed | log_query_existing
1961,01从者\000已有从者\07狂战士\狂战士-爱尔奎德·布伦史塔德\红之月.png,analyzed,4,existing_primitives_reviewed | effect_timing_and_conditions_reviewed | log_query_existing
1962,01从者\000已有从者\07狂战士\狂战士-班扬\令人惊叹的伟业.jpg,analyzed,4,existing_primitives_reviewed | effect_timing_and_conditions_reviewed | log_query_existing
1963,01从者\000已有从者\07狂战士\狂战士-班扬\新天地.png,analyzed,4,existing_primitives_reviewed | effect_timing_and_conditions_reviewed | create_or_build_card_existing | log_query_existing
1964,01从者\000已有从者\07狂战士\狂战士-班扬\班扬.jpg,non_rule,4,overview_token_back_or_no_rule_text
1965,01从者\000已有从者\07狂战士\狂战士-班扬\自由的开拓.jpg,analyzed,4,existing_primitives_reviewed | effect_timing_and_conditions_reviewed | log_query_existing
1966,01从者\000已有从者\07狂战士\狂战士-茨木童子\3.1更新 (2).png,analyzed,4,existing_primitives_reviewed | effect_timing_and_conditions_reviewed | log_query_existing
1967,01从者\000已有从者\07狂战士\狂战士-茨木童子\3.6.5更新沸腾之血.png,analyzed,4,existing_primitives_reviewed | effect_timing_and_conditions_reviewed | log_query_existing
1968,01从者\000已有从者\07狂战士\狂战士-茨木童子\3.65更新罗生门大怨起.png,analyzed,4,existing_primitives_reviewed | effect_timing_and_conditions_reviewed | map_graph_query_gap | log_query_existing
1969,01从者\000已有从者\07狂战士\狂战士-茨木童子\旧\3.1更新 (1).png,analyzed,4,existing_primitives_reviewed | effect_timing_and_conditions_reviewed | object_effect_enablement_gap | map_graph_query_gap | log_query_existing
1970,01从者\000已有从者\07狂战士\狂战士-茨木童子\旧\3.6.5更新沸腾之血.png,analyzed,4,existing_primitives_reviewed | effect_timing_and_conditions_reviewed | log_query_existing
1971,01从者\000已有从者\07狂战士\狂战士-茨木童子\旧\httpssteamusercontentaakamaihdnetugc2491130170962682360CCDE765681683A27832AAF402B8BCDDB9E71CA92.png,analyzed,4,existing_primitives_reviewed | effect_timing_and_conditions_reviewed | log_query_existing
1972,01从者\000已有从者\07狂战士\狂战士-茨木童子\旧\罗生门大怨起.png,analyzed,4,existing_primitives_reviewed | effect_timing_and_conditions_reviewed | object_effect_enablement_gap | log_query_existing
1973,01从者\000已有从者\07狂战士\狂战士-茨木童子\茨木童子.png,non_rule,4,overview_token_back_or_no_rule_text
1974,01从者\000已有从者\07狂战士\狂战士-茨木童子\鬼闹.png,analyzed,4,existing_primitives_reviewed | effect_timing_and_conditions_reviewed | log_query_existing
1975,01从者\000已有从者\07狂战士\狂战士-贝奥武夫\3.4更新源流争斗.png,analyzed,4,existing_primitives_reviewed | effect_timing_and_conditions_reviewed | power_source_provenance_framework_gap | log_query_existing
1976,01从者\000已有从者\07狂战士\狂战士-贝奥武夫\3.9更新 (1).png,analyzed,4,existing_primitives_reviewed | effect_timing_and_conditions_reviewed | power_source_provenance_framework_gap | log_query_existing
1977,01从者\000已有从者\07狂战士\狂战士-贝奥武夫\3.9更新 (2).png,analyzed,4,existing_primitives_reviewed | effect_timing_and_conditions_reviewed | power_source_provenance_framework_gap | log_query_existing
1978,01从者\000已有从者\07狂战士\狂战士-贝奥武夫\旧\3.4更新死斗.png,analyzed,4,existing_primitives_reviewed | effect_timing_and_conditions_reviewed | power_source_provenance_framework_gap | log_query_existing
1979,01从者\000已有从者\07狂战士\狂战士-贝奥武夫\旧\3.4更新狂战士.png,analyzed,4,existing_primitives_reviewed | effect_timing_and_conditions_reviewed | power_source_provenance_framework_gap | log_query_existing
1980,01从者\000已有从者\07狂战士\狂战士-贝奥武夫\旧\奋起的勇者.png,analyzed,4,existing_primitives_reviewed | effect_timing_and_conditions_reviewed | power_source_provenance_framework_gap | log_query_existing
1981,01从者\000已有从者\07狂战士\狂战士-贝奥武夫\旧\死斗.png,analyzed,4,existing_primitives_reviewed | effect_timing_and_conditions_reviewed | power_source_provenance_framework_gap | log_query_existing
1982,01从者\000已有从者\07狂战士\狂战士-贝奥武夫\旧\死都1.jpg,analyzed,4,existing_primitives_reviewed | effect_timing_and_conditions_reviewed | power_source_provenance_framework_gap | log_query_existing
1983,01从者\000已有从者\07狂战士\狂战士-贝奥武夫\旧\源流斗争.png,analyzed,4,existing_primitives_reviewed | effect_timing_and_conditions_reviewed | power_source_provenance_framework_gap | log_query_existing
1984,01从者\000已有从者\07狂战士\狂战士-贝奥武夫\旧\源流斗争1.jpg,analyzed,4,existing_primitives_reviewed | effect_timing_and_conditions_reviewed | power_source_provenance_framework_gap | log_query_existing
1985,01从者\000已有从者\07狂战士\狂战士-贝奥武夫\旧\源流斗争旧.png,analyzed,4,existing_primitives_reviewed | effect_timing_and_conditions_reviewed | power_source_provenance_framework_gap | log_query_existing
1986,01从者\000已有从者\07狂战士\狂战士-贝奥武夫\旧\狂化.png,analyzed,4,existing_primitives_reviewed | effect_timing_and_conditions_reviewed | power_source_provenance_framework_gap | log_query_existing
1987,01从者\000已有从者\07狂战士\狂战士-贝奥武夫\旧\狂战士.png,analyzed,4,existing_primitives_reviewed | effect_timing_and_conditions_reviewed | power_source_provenance_framework_gap | log_query_existing
1988,01从者\000已有从者\07狂战士\狂战士-贝奥武夫\旧\狂战士1.jpg,analyzed,4,existing_primitives_reviewed | effect_timing_and_conditions_reviewed | power_source_provenance_framework_gap | log_query_existing
1989,01从者\000已有从者\07狂战士\狂战士-贝奥武夫\旧\贝奥武夫.png,non_rule,4,overview_token_back_or_no_rule_text
1990,01从者\000已有从者\07狂战士\狂战士-贝奥武夫\贝奥武夫1.png,non_rule,4,overview_token_back_or_no_rule_text
1991,01从者\000已有从者\07狂战士\狂战士-赫拉克勒斯\3.2更新12试炼 (1).png,analyzed,4,existing_primitives_reviewed | effect_timing_and_conditions_reviewed | log_query_existing
1992,01从者\000已有从者\07狂战士\狂战士-赫拉克勒斯\3.2更新12试炼 (2).png,analyzed,4,existing_primitives_reviewed | effect_timing_and_conditions_reviewed | log_query_existing
1993,01从者\000已有从者\07狂战士\狂战士-赫拉克勒斯\3.2更新12试炼 (3).png,analyzed,4,existing_primitives_reviewed | effect_timing_and_conditions_reviewed | log_query_existing
1994,01从者\000已有从者\07狂战士\狂战士-赫拉克勒斯\旧\12十连.png,analyzed,4,existing_primitives_reviewed | effect_timing_and_conditions_reviewed | log_query_existing
1995,01从者\000已有从者\07狂战士\狂战士-赫拉克勒斯\旧\12失恋.png,analyzed,4,existing_primitives_reviewed | effect_timing_and_conditions_reviewed | log_query_existing
1996,01从者\000已有从者\07狂战士\狂战士-赫拉克勒斯\旧\12试炼.png,analyzed,4,existing_primitives_reviewed | effect_timing_and_conditions_reviewed | log_query_existing
1997,01从者\000已有从者\07狂战士\狂战士-赫拉克勒斯\赫拉克勒斯.png,non_rule,4,overview_token_back_or_no_rule_text
1998,01从者\000已有从者\07狂战士\狂战士-赫拉克勒斯diy\3.1更新 (1).png,analyzed,4,existing_primitives_reviewed | effect_timing_and_conditions_reviewed | create_or_build_card_existing | log_query_existing
1999,01从者\000已有从者\07狂战士\狂战士-赫拉克勒斯diy\3.1更新 (2).png,analyzed,4,existing_primitives_reviewed | effect_timing_and_conditions_reviewed | log_query_existing
2000,01从者\000已有从者\07狂战士\狂战士-赫拉克勒斯diy\3.9更新.png,analyzed,4,existing_primitives_reviewed | effect_timing_and_conditions_reviewed | create_or_build_card_existing | log_query_existing
2001,01从者\000已有从者\07狂战士\狂战士-赫拉克勒斯diy\十二试炼.png,analyzed,4,existing_primitives_reviewed | effect_timing_and_conditions_reviewed | log_query_existing
2002,01从者\000已有从者\07狂战士\狂战士-赫拉克勒斯diy\旧\射杀百头.png,analyzed,4,existing_primitives_reviewed | effect_timing_and_conditions_reviewed | log_query_existing
2003,01从者\000已有从者\07狂战士\狂战士-赫拉克勒斯diy\旧\雪之城.png,analyzed,4,existing_primitives_reviewed | effect_timing_and_conditions_reviewed | log_query_existing
2004,01从者\000已有从者\07狂战士\狂战士-赫拉克勒斯diy\赫拉克勒斯.png,non_rule,4,overview_token_back_or_no_rule_text
2005,01从者\000已有从者\07狂战士\狂战士-阿周那Alter diy\千里眼（超越）.png,analyzed,4,existing_primitives_reviewed | effect_timing_and_conditions_reviewed | log_query_existing
2006,01从者\000已有从者\07狂战士\狂战士-阿周那Alter diy\至高神.png,analyzed,4,existing_primitives_reviewed | effect_timing_and_conditions_reviewed | create_or_build_card_existing | log_query_existing
2007,01从者\000已有从者\07狂战士\狂战士-阿周那Alter diy\裁定归灭之回剑.png,analyzed,4,existing_primitives_reviewed | effect_timing_and_conditions_reviewed | log_query_existing
2008,01从者\000已有从者\07狂战士\狂战士-阿周那Alter diy\阿周那.png,non_rule,4,overview_token_back_or_no_rule_text
2009,01从者\000已有从者\07狂战士\狂战士-阿周那\狂-阿周那.png,non_rule,4,overview_token_back_or_no_rule_text
2010,01从者\000已有从者\07狂战士\狂战士-阿周那\狂阶阿周那-有瑕x6.png,non_rule,4,overview_token_back_or_no_rule_text
2011,01从者\000已有从者\07狂战士\狂战士-阿周那\至高神.png,analyzed,4,existing_primitives_reviewed | effect_timing_and_conditions_reviewed | log_query_existing
2012,01从者\000已有从者\07狂战士\狂战士-阿周那\裁定归灭之回剑-阿周那.png,analyzed,4,existing_primitives_reviewed | effect_timing_and_conditions_reviewed | log_query_existing
2013,01从者\000已有从者\07狂战士\狂战士-阿周那\裁定归灭之回剑1.png,analyzed,4,existing_primitives_reviewed | effect_timing_and_conditions_reviewed | log_query_existing
2014,01从者\000已有从者\07狂战士\狂战士-阿塔兰忒（Alter）\3.6.1暗天蚀射.png,analyzed,4,existing_primitives_reviewed | effect_timing_and_conditions_reviewed | log_query_existing
2015,01从者\000已有从者\07狂战士\狂战士-阿塔兰忒（Alter）\3.6.1更新卡吕冬的毛皮.png,analyzed,4,existing_primitives_reviewed | effect_timing_and_conditions_reviewed | log_query_existing
2016,01从者\000已有从者\07狂战士\狂战士-阿塔兰忒（Alter）\旧\3.6暗天蚀射.png,analyzed,4,existing_primitives_reviewed | effect_timing_and_conditions_reviewed | log_query_existing
2017,01从者\000已有从者\07狂战士\狂战士-阿塔兰忒（Alter）\旧\3.6更新卡吕冬的毛皮.png,analyzed,4,existing_primitives_reviewed | effect_timing_and_conditions_reviewed | log_query_existing
2018,01从者\000已有从者\07狂战士\狂战士-阿塔兰忒（Alter）\旧\卡吕冬的毛皮.png,analyzed,4,existing_primitives_reviewed | effect_timing_and_conditions_reviewed | log_query_existing
2019,01从者\000已有从者\07狂战士\狂战士-阿塔兰忒（Alter）\旧\暗天蚀射.png,analyzed,4,existing_primitives_reviewed | effect_timing_and_conditions_reviewed | log_query_existing
2020,01从者\000已有从者\07狂战士\狂战士-阿塔兰忒（Alter）\越过阿卡迪亚.png,analyzed,4,existing_primitives_reviewed | effect_timing_and_conditions_reviewed | map_graph_query_gap | log_query_existing
2021,01从者\000已有从者\07狂战士\狂战士-阿塔兰忒（Alter）\阿塔兰忒（Alter）.png,non_rule,4,overview_token_back_or_no_rule_text
2022,01从者\000已有从者\07狂战士\狂战士-阿斯忒里俄斯 DIY2\3.6天性之魔.png,analyzed,4,existing_primitives_reviewed | effect_timing_and_conditions_reviewed | log_query_existing
2023,01从者\000已有从者\07狂战士\狂战士-阿斯忒里俄斯 DIY2\3.6无辜的怪物.png,analyzed,4,existing_primitives_reviewed | effect_timing_and_conditions_reviewed | create_or_build_card_existing | log_query_existing
2024,01从者\000已有从者\07狂战士\狂战士-阿斯忒里俄斯 DIY2\3.6迷宫.png,analyzed,4,existing_primitives_reviewed | effect_timing_and_conditions_reviewed | per_player_movement_rule_framework_gap | log_query_existing
2025,01从者\000已有从者\07狂战士\狂战士-阿斯忒里俄斯 DIY2\旧\天性之魔.png,analyzed,4,existing_primitives_reviewed | effect_timing_and_conditions_reviewed | log_query_existing
2026,01从者\000已有从者\07狂战士\狂战士-阿斯忒里俄斯 DIY2\旧\无辜的怪物.png,analyzed,4,existing_primitives_reviewed | effect_timing_and_conditions_reviewed | log_query_existing
2027,01从者\000已有从者\07狂战士\狂战士-阿斯忒里俄斯 DIY2\旧\迷宫.png,analyzed,4,existing_primitives_reviewed | effect_timing_and_conditions_reviewed | per_player_movement_rule_framework_gap | log_query_existing
2028,01从者\000已有从者\07狂战士\狂战士-阿斯忒里俄斯 DIY2\阿斯忒里俄斯.png,non_rule,4,overview_token_back_or_no_rule_text
2029,01从者\000已有从者\07狂战士\狂战士-阿斯忒里俄斯中文\token\狂怒.jpg.png,non_rule,4,overview_token_back_or_no_rule_text
2030,01从者\000已有从者\07狂战士\狂战士-阿斯忒里俄斯中文\token\阻碍 - 副本 (5).jpg,unclear,4,ocr_unreadable_or_semantically_incomplete
2031,01从者\000已有从者\07狂战士\狂战士-阿斯忒里俄斯中文\token\阻碍 - 副本 (6).jpg,unclear,4,ocr_unreadable_or_semantically_incomplete
2032,01从者\000已有从者\07狂战士\狂战士-阿斯忒里俄斯中文\token\阻碍 - 副本 (7).jpg,unclear,4,ocr_unreadable_or_semantically_incomplete
2033,01从者\000已有从者\07狂战士\狂战士-阿斯忒里俄斯中文\token\阻碍 - 副本 (8).jpg,unclear,4,ocr_unreadable_or_semantically_incomplete
2034,01从者\000已有从者\07狂战士\狂战士-阿斯忒里俄斯中文\token\阻碍 - 副本.jpg,unclear,4,ocr_unreadable_or_semantically_incomplete
2035,01从者\000已有从者\07狂战士\狂战士-阿斯忒里俄斯中文\token\阻碍.jpg,unclear,4,ocr_unreadable_or_semantically_incomplete
2036,01从者\000已有从者\07狂战士\狂战士-阿斯忒里俄斯中文\万古不变的迷宫.png,analyzed,4,existing_primitives_reviewed | effect_timing_and_conditions_reviewed | placed_non_event_object_gap | per_player_movement_rule_framework_gap | log_query_existing
2037,01从者\000已有从者\07狂战士\狂战士-阿斯忒里俄斯中文\旧\3.1.2更新双刃斧.jpg,analyzed,4,existing_primitives_reviewed | effect_timing_and_conditions_reviewed | log_query_existing
2038,01从者\000已有从者\07狂战士\狂战士-阿斯忒里俄斯中文\旧\3.1.2更新迷宫.jpg,analyzed,4,existing_primitives_reviewed | effect_timing_and_conditions_reviewed | per_player_movement_rule_framework_gap | log_query_existing
2039,01从者\000已有从者\07狂战士\狂战士-阿斯忒里俄斯中文\旧\3.1.2更新迷宫的怪物.jpg,analyzed,4,existing_primitives_reviewed | effect_timing_and_conditions_reviewed | log_query_existing
2040,01从者\000已有从者\07狂战士\狂战士-阿斯忒里俄斯中文\旧\万古不变的迷宫.jpg,analyzed,4,existing_primitives_reviewed | effect_timing_and_conditions_reviewed | placed_non_event_object_gap | per_player_movement_rule_framework_gap | log_query_existing
2041,01从者\000已有从者\07狂战士\狂战士-阿斯忒里俄斯中文\旧\深渊双刃斧.jpg,analyzed,4,existing_primitives_reviewed | effect_timing_and_conditions_reviewed | log_query_existing
2042,01从者\000已有从者\07狂战士\狂战士-阿斯忒里俄斯中文\旧\迷宫的怪物.jpg,analyzed,4,existing_primitives_reviewed | effect_timing_and_conditions_reviewed | log_query_existing
2043,01从者\000已有从者\07狂战士\狂战士-阿斯忒里俄斯中文\旧\迷宫的怪物3.3更新.png,analyzed,4,existing_primitives_reviewed | effect_timing_and_conditions_reviewed | log_query_existing
2044,01从者\000已有从者\07狂战士\狂战士-阿斯忒里俄斯中文\旧\阿斯忒里俄斯.jpg,non_rule,4,overview_token_back_or_no_rule_text
2045,01从者\000已有从者\07狂战士\狂战士-阿斯忒里俄斯中文\混沌双刃斧.png,analyzed,4,existing_primitives_reviewed | effect_timing_and_conditions_reviewed | create_or_build_card_existing | log_query_existing
2046,01从者\000已有从者\07狂战士\狂战士-阿斯忒里俄斯中文\迷宫的怪物.png,analyzed,4,existing_primitives_reviewed | effect_timing_and_conditions_reviewed | log_query_existing
2047,01从者\000已有从者\07狂战士\狂战士-阿斯忒里俄斯中文\阻碍牌库\延伸.png,analyzed,4,existing_primitives_reviewed | effect_timing_and_conditions_reviewed | log_query_existing
2048,01从者\000已有从者\07狂战士\狂战士-阿斯忒里俄斯中文\阻碍牌库\彷徨.png,analyzed,4,existing_primitives_reviewed | effect_timing_and_conditions_reviewed | log_query_existing
2049,01从者\000已有从者\07狂战士\狂战士-阿斯忒里俄斯中文\阻碍牌库\怪力.png,analyzed,4,existing_primitives_reviewed | effect_timing_and_conditions_reviewed | log_query_existing
2050,01从者\000已有从者\07狂战士\狂战士-阿斯忒里俄斯中文\阻碍牌库\绝望.png,analyzed,4,existing_primitives_reviewed | effect_timing_and_conditions_reviewed | log_query_existing
2051,01从者\000已有从者\07狂战士\狂战士-阿斯忒里俄斯中文\阻碍牌库\阻碍-牌背.png,unclear,4,ocr_unreadable_or_semantically_incomplete
2052,01从者\000已有从者\07狂战士\狂战士-阿斯忒里俄斯中文\阿斯忒里俄斯中文DIY.png,non_rule,4,overview_token_back_or_no_rule_text
2053,01从者\000已有从者\07狂战士\狂战士-难敌\3.6更新.png,analyzed,4,existing_primitives_reviewed | effect_timing_and_conditions_reviewed | create_or_build_card_existing | log_query_existing
2054,01从者\000已有从者\07狂战士\狂战士-难敌\恶之赌局.png,analyzed,4,existing_primitives_reviewed | effect_timing_and_conditions_reviewed | log_query_existing
2055,01从者\000已有从者\07狂战士\狂战士-难敌\旧\凶兆的产儿.png,analyzed,4,existing_primitives_reviewed | effect_timing_and_conditions_reviewed | create_or_build_card_existing | log_query_existing
2056,01从者\000已有从者\07狂战士\狂战士-难敌\旧\凶兆的产儿2.png,analyzed,4,existing_primitives_reviewed | effect_timing_and_conditions_reviewed | create_or_build_card_existing | log_query_existing
2057,01从者\000已有从者\07狂战士\狂战士-难敌\由一而生的百王子.png,analyzed,4,existing_primitives_reviewed | effect_timing_and_conditions_reviewed | array_window_query_gap | create_or_build_card_existing | log_query_existing
2058,01从者\000已有从者\07狂战士\狂战士-难敌\难敌.png,non_rule,4,overview_token_back_or_no_rule_text
2059,01从者\000已有从者\07狂战士\狂战士-项羽\3.1更新.png,analyzed,4,existing_primitives_reviewed | effect_timing_and_conditions_reviewed | number_rounding_gap | log_query_existing
2060,01从者\000已有从者\07狂战士\狂战士-项羽\httpcloud3steamusercontentcomugc1755834085905982841A5F587A2EC9C74EDA81B09B4D5E3E26ECD171465.png,unclear,4,ocr_unreadable_or_semantically_incomplete
2061,01从者\000已有从者\07狂战士\狂战士-项羽\力拔山兮气盖世.png,analyzed,4,existing_primitives_reviewed | effect_timing_and_conditions_reviewed | log_query_existing
2062,01从者\000已有从者\07狂战士\狂战士-项羽\战术躯体.png,analyzed,4,existing_primitives_reviewed | effect_timing_and_conditions_reviewed | number_rounding_gap | log_query_existing
2063,01从者\000已有从者\07狂战士\狂战士-项羽\霸王之武.png,analyzed,4,existing_primitives_reviewed | effect_timing_and_conditions_reviewed | log_query_existing
2064,01从者\000已有从者\07狂战士\狂战士-项羽\项羽.png,non_rule,4,overview_token_back_or_no_rule_text
2065,01从者\000已有从者\07狂战士\狂战士-鬼女红叶\变化.png,analyzed,4,existing_primitives_reviewed | effect_timing_and_conditions_reviewed | log_query_existing
2066,01从者\000已有从者\07狂战士\狂战士-鬼女红叶\新版技能 (1).png,analyzed,4,existing_primitives_reviewed | effect_timing_and_conditions_reviewed | placed_non_event_object_gap | log_query_existing
2067,01从者\000已有从者\07狂战士\狂战士-鬼女红叶\新版技能 (2).png,analyzed,4,existing_primitives_reviewed | effect_timing_and_conditions_reviewed | log_query_existing
2068,01从者\000已有从者\07狂战士\狂战士-鬼女红叶\新版技能 (3).png,analyzed,4,existing_primitives_reviewed | effect_timing_and_conditions_reviewed | log_query_existing
2069,01从者\000已有从者\07狂战士\狂战士-鬼女红叶\红叶狩.png,analyzed,4,existing_primitives_reviewed | effect_timing_and_conditions_reviewed | placed_non_event_object_gap | log_query_existing
2070,01从者\000已有从者\07狂战士\狂战士-鬼女红叶\雷火.png,analyzed,4,existing_primitives_reviewed | effect_timing_and_conditions_reviewed | log_query_existing
2071,01从者\000已有从者\07狂战士\狂战士-鬼女红叶\鬼女红叶.png,non_rule,4,overview_token_back_or_no_rule_text
2072,01从者\000已有从者\08ETC\从者：太空伊什塔尔\3.5更新伊什塔尔.png,non_rule,4,overview_token_back_or_no_rule_text
2073,01从者\000已有从者\08ETC\从者：太空伊什塔尔\3.5更新忘却补正.png,analyzed,4,existing_primitives_reviewed | effect_timing_and_conditions_reviewed | create_or_build_card_existing | log_query_existing
2074,01从者\000已有从者\08ETC\从者：太空伊什塔尔\3.5更新金星驱动  (1).png,analyzed,4,existing_primitives_reviewed | effect_timing_and_conditions_reviewed | log_query_existing
2075,01从者\000已有从者\08ETC\从者：太空伊什塔尔\3.5更新金星驱动  (2).png,analyzed,4,existing_primitives_reviewed | effect_timing_and_conditions_reviewed | log_query_existing
2076,01从者\000已有从者\08ETC\从者：太空伊什塔尔\3.5更新金星驱动  (3).png,analyzed,4,existing_primitives_reviewed | effect_timing_and_conditions_reviewed | log_query_existing
2077,01从者\000已有从者\08ETC\从者：太空伊什塔尔\3.5更新金星驱动  (4).png,analyzed,4,existing_primitives_reviewed | effect_timing_and_conditions_reviewed | log_query_existing
2078,01从者\000已有从者\08ETC\从者：太空伊什塔尔\3.5更新闪耀于原始宇宙的王冠  (1).png,analyzed,4,existing_primitives_reviewed | effect_timing_and_conditions_reviewed | log_query_existing
2079,01从者\000已有从者\08ETC\从者：太空伊什塔尔\3.5更新闪耀于原始宇宙的王冠  (2).png,analyzed,4,existing_primitives_reviewed | effect_timing_and_conditions_reviewed | card_controller_gap | log_query_existing
2080,01从者\000已有从者\08ETC\从者：太空伊什塔尔\3.5更新闪耀于原始宇宙的王冠  (3).png,analyzed,4,existing_primitives_reviewed | effect_timing_and_conditions_reviewed | log_query_existing
2081,01从者\000已有从者\08ETC\从者：太空伊什塔尔\3.5更新闪耀于原始宇宙的王冠  (4).png,analyzed,4,existing_primitives_reviewed | effect_timing_and_conditions_reviewed | log_query_existing
2082,01从者\000已有从者\08ETC\从者：太空伊什塔尔\旧版\skills.png,non_rule,4,overview_token_back_or_no_rule_text
2083,01从者\000已有从者\08ETC\从者：太空伊什塔尔\旧版\多重星环.png,analyzed,4,existing_primitives_reviewed | effect_timing_and_conditions_reviewed | create_or_build_card_existing | log_query_existing
2084,01从者\000已有从者\08ETC\从者：太空伊什塔尔\旧版\太空伊什塔尔.png,non_rule,4,overview_token_back_or_no_rule_text
2085,01从者\000已有从者\08ETC\从者：太空伊什塔尔\旧版\恶魔的砂糖.png,analyzed,4,existing_primitives_reviewed | effect_timing_and_conditions_reviewed | log_query_existing
2086,01从者\000已有从者\08ETC\从者：太空伊什塔尔\旧版\闪耀于原始宇宙的王冠.png,analyzed,4,existing_primitives_reviewed | effect_timing_and_conditions_reviewed | log_query_existing
2087,01从者\000已有从者\08ETC\他人格-千子村正\他人格.png,analyzed,4,existing_primitives_reviewed | effect_timing_and_conditions_reviewed | card_face_switch_gap | log_query_existing
2088,01从者\000已有从者\08ETC\他人格-千子村正\千子村正.png,non_rule,4,overview_token_back_or_no_rule_text
2089,01从者\000已有从者\08ETC\他人格-千子村正\无元剑制.png,analyzed,4,existing_primitives_reviewed | effect_timing_and_conditions_reviewed | log_query_existing
2090,01从者\000已有从者\08ETC\他人格-千子村正\试斩.png,analyzed,4,existing_primitives_reviewed | effect_timing_and_conditions_reviewed | log_query_existing
2091,01从者\000已有从者\08ETC\他人格-太岁\httpcloud3steamusercontentcomugc203173320263171667842BFD469D00F179F81C74E94683EF92FA966DFFB.png,unclear,4,ocr_unreadable_or_semantically_incomplete
2092,01从者\000已有从者\08ETC\他人格-太岁\凶神.png,analyzed,4,existing_primitives_reviewed | effect_timing_and_conditions_reviewed | log_query_existing
2093,01从者\000已有从者\08ETC\他人格-太岁\太岁头上动土.png,analyzed,4,existing_primitives_reviewed | effect_timing_and_conditions_reviewed | map_graph_query_gap | log_query_existing
2094,01从者\000已有从者\08ETC\他人格-太岁\太岁星君.png,non_rule,4,overview_token_back_or_no_rule_text
2095,01从者\000已有从者\08ETC\他人格-太岁\普通职介技能 (4).png,analyzed,4,existing_primitives_reviewed | effect_timing_and_conditions_reviewed | card_face_switch_gap | log_query_existing
2096,01从者\000已有从者\08ETC\他人格-太岁星君中文DIY\他人格.png,analyzed,4,existing_primitives_reviewed | effect_timing_and_conditions_reviewed | card_face_switch_gap | log_query_existing
2097,01从者\000已有从者\08ETC\他人格-太岁星君中文DIY\太岁头上动土.jpg,analyzed,4,existing_primitives_reviewed | effect_timing_and_conditions_reviewed | log_query_existing
2098,01从者\000已有从者\08ETC\他人格-太岁星君中文DIY\太岁星君.jpg,non_rule,4,overview_token_back_or_no_rule_text
2099,01从者\000已有从者\08ETC\他人格-太岁星君中文DIY\木星的镜像.png,analyzed,4,existing_primitives_reviewed | effect_timing_and_conditions_reviewed | log_query_existing
2100,01从者\000已有从者\08ETC\他人格-巴泽特diy\skills.png,non_rule,4,overview_token_back_or_no_rule_text
2101,01从者\000已有从者\08ETC\他人格-巴泽特diy\他人格.png,analyzed,4,existing_primitives_reviewed | effect_timing_and_conditions_reviewed | card_face_switch_gap | log_query_existing
2102,01从者\000已有从者\08ETC\他人格-巴泽特diy\封印指定 (1).png,analyzed,4,existing_primitives_reviewed | effect_timing_and_conditions_reviewed | card_face_switch_gap | log_query_existing
2103,01从者\000已有从者\08ETC\他人格-巴泽特diy\封印指定 (2).png,analyzed,4,existing_primitives_reviewed | effect_timing_and_conditions_reviewed | card_face_switch_gap | log_query_existing
2104,01从者\000已有从者\08ETC\他人格-巴泽特diy\封印指定 (3).png,analyzed,4,existing_primitives_reviewed | effect_timing_and_conditions_reviewed | card_face_switch_gap | log_query_existing
2105,01从者\000已有从者\08ETC\他人格-巴泽特diy\封印指定 (4).png,analyzed,4,existing_primitives_reviewed | effect_timing_and_conditions_reviewed | card_face_switch_gap | log_query_existing
2106,01从者\000已有从者\08ETC\他人格-巴泽特diy\巴泽特.png,non_rule,4,overview_token_back_or_no_rule_text
2107,01从者\000已有从者\08ETC\他人格-巴泽特diy\旧版技能\封印指定·执行者I.png,analyzed,4,existing_primitives_reviewed | effect_timing_and_conditions_reviewed | card_face_switch_gap | log_query_existing
2108,01从者\000已有从者\08ETC\他人格-巴泽特diy\旧版技能\封印指定·执行者II.png,analyzed,4,existing_primitives_reviewed | effect_timing_and_conditions_reviewed | card_face_switch_gap | log_query_existing
2109,01从者\000已有从者\08ETC\他人格-巴泽特diy\旧版技能\封印指定·执行者III.png,analyzed,4,existing_primitives_reviewed | effect_timing_and_conditions_reviewed | card_face_switch_gap | log_query_existing
2110,01从者\000已有从者\08ETC\他人格-巴泽特diy\旧版技能\封印指定·执行者IV.png,analyzed,4,existing_primitives_reviewed | effect_timing_and_conditions_reviewed | card_face_switch_gap | log_query_existing
2111,01从者\000已有从者\08ETC\他人格-巴泽特diy\旧版技能\逆光剑.png,analyzed,4,existing_primitives_reviewed | effect_timing_and_conditions_reviewed | card_face_switch_gap | log_query_existing
2112,01从者\000已有从者\08ETC\他人格-巴泽特diy\逆光剑.png,analyzed,4,existing_primitives_reviewed | effect_timing_and_conditions_reviewed | card_face_switch_gap | log_query_existing
2113,01从者\000已有从者\08ETC\他人格-巴泽特diy\逆光剑切换后.png,analyzed,4,existing_primitives_reviewed | effect_timing_and_conditions_reviewed | card_face_switch_gap | log_query_existing
2114,01从者\000已有从者\08ETC\他人格-帕森莉普\他人格.png,analyzed,4,existing_primitives_reviewed | effect_timing_and_conditions_reviewed | card_face_switch_gap | log_query_existing
2115,01从者\000已有从者\08ETC\他人格-帕森莉普\受虐体质.png,analyzed,4,existing_primitives_reviewed | effect_timing_and_conditions_reviewed | log_query_existing
2116,01从者\000已有从者\08ETC\他人格-帕森莉普\帕森莉普.png,non_rule,4,overview_token_back_or_no_rule_text
2117,01从者\000已有从者\08ETC\他人格-帕森莉普\杜尔迦之甲.png,analyzed,4,existing_primitives_reviewed | effect_timing_and_conditions_reviewed | log_query_existing
2118,01从者\000已有从者\08ETC\他人格-徐福diy\Atk-不死杀手.png,analyzed,4,existing_primitives_reviewed | effect_timing_and_conditions_reviewed | object_effect_enablement_gap | power_source_provenance_framework_gap | log_query_existing
2119,01从者\000已有从者\08ETC\他人格-徐福diy\Atk-不老不死之灵药.png,analyzed,4,existing_primitives_reviewed | effect_timing_and_conditions_reviewed | log_query_existing
2120,01从者\000已有从者\08ETC\他人格-徐福diy\Atk虞美人手办.png,analyzed,4,existing_primitives_reviewed | effect_timing_and_conditions_reviewed | log_query_existing
2121,01从者\000已有从者\08ETC\他人格-徐福diy\五谷礼赞.png,analyzed,4,existing_primitives_reviewed | effect_timing_and_conditions_reviewed | aggregate_property_gap | owner_controller_split_framework_gap | log_query_existing
2122,01从者\000已有从者\08ETC\他人格-徐福diy\徐福.png,non_rule,4,overview_token_back_or_no_rule_text
2123,01从者\000已有从者\08ETC\他人格-徐福diy\法师-阵地建造.png,analyzed,4,existing_primitives_reviewed | effect_timing_and_conditions_reviewed | log_query_existing
2124,01从者\000已有从者\08ETC\他人格-徐福diy\道术（外）.png,analyzed,4,existing_primitives_reviewed | effect_timing_and_conditions_reviewed | log_query_existing
2125,01从者\000已有从者\08ETC\他人格-志度内\他人格.png,analyzed,4,existing_primitives_reviewed | effect_timing_and_conditions_reviewed | card_face_switch_gap | log_query_existing
2126,01从者\000已有从者\08ETC\他人格-志度内\冻结吧，天上的诸力.png,analyzed,4,existing_primitives_reviewed | effect_timing_and_conditions_reviewed | log_query_existing
2127,01从者\000已有从者\08ETC\他人格-志度内\志度内.png,non_rule,4,overview_token_back_or_no_rule_text
2128,01从者\000已有从者\08ETC\他人格-志度内\连携打击.png,analyzed,4,existing_primitives_reviewed | effect_timing_and_conditions_reviewed | log_query_existing
2129,01从者\000已有从者\08ETC\他人格-提亚马特diy\3.4更新兽之权能.png,analyzed,4,existing_primitives_reviewed | effect_timing_and_conditions_reviewed | log_query_existing
2130,01从者\000已有从者\08ETC\他人格-提亚马特diy\3.4更新坚毅的孩子，抗击创世之理吧.png,analyzed,4,existing_primitives_reviewed | effect_timing_and_conditions_reviewed | create_or_build_card_existing | log_query_existing
2131,01从者\000已有从者\08ETC\他人格-提亚马特diy\3.4更新女神的神核.png,analyzed,4,existing_primitives_reviewed | effect_timing_and_conditions_reviewed | log_query_existing
2132,01从者\000已有从者\08ETC\他人格-提亚马特diy\ATK-苍.png,analyzed,4,existing_primitives_reviewed | effect_timing_and_conditions_reviewed | log_query_existing
2133,01从者\000已有从者\08ETC\他人格-提亚马特diy\ATK-赤.png,analyzed,4,existing_primitives_reviewed | effect_timing_and_conditions_reviewed | log_query_existing
2134,01从者\000已有从者\08ETC\他人格-提亚马特diy\ATK-青.png,analyzed,4,existing_primitives_reviewed | effect_timing_and_conditions_reviewed | log_query_existing
2135,01从者\000已有从者\08ETC\他人格-提亚马特diy\skills.png,non_rule,4,overview_token_back_or_no_rule_text
2136,01从者\000已有从者\08ETC\他人格-提亚马特diy\提玛亚特.png,non_rule,4,overview_token_back_or_no_rule_text
2137,01从者\000已有从者\08ETC\他人格-提亚马特diy\旧\atk\attacks.png,non_rule,4,overview_token_back_or_no_rule_text
2138,01从者\000已有从者\08ETC\他人格-提亚马特diy\旧\atk\炽红星之眼.png,analyzed,4,existing_primitives_reviewed | effect_timing_and_conditions_reviewed | log_query_existing
2139,01从者\000已有从者\08ETC\他人格-提亚马特diy\旧\atk\蔚蓝星之海.png,analyzed,4,existing_primitives_reviewed | effect_timing_and_conditions_reviewed | log_query_existing
2140,01从者\000已有从者\08ETC\他人格-提亚马特diy\旧\atk\蔚蓝星之眼.png,analyzed,4,existing_primitives_reviewed | effect_timing_and_conditions_reviewed | log_query_existing
2141,01从者\000已有从者\08ETC\他人格-提亚马特diy\旧\兽之权能.png,analyzed,4,existing_primitives_reviewed | effect_timing_and_conditions_reviewed | create_or_build_card_existing | log_query_existing
2142,01从者\000已有从者\08ETC\他人格-提亚马特diy\旧\坚毅的孩子，抗击创世之理吧.png,analyzed,4,existing_primitives_reviewed | effect_timing_and_conditions_reviewed | log_query_existing
2143,01从者\000已有从者\08ETC\他人格-提亚马特diy\旧\女神的神核.png,analyzed,4,existing_primitives_reviewed | effect_timing_and_conditions_reviewed | log_query_existing
2144,01从者\000已有从者\08ETC\他人格-提亚马特diy\旧\提亚马特.png,non_rule,4,overview_token_back_or_no_rule_text
2145,01从者\000已有从者\08ETC\他人格-机械伊丽亲\3.6更新.png,analyzed,4,existing_primitives_reviewed | effect_timing_and_conditions_reviewed | scoped_effect_invocation_gap | log_query_existing
2146,01从者\000已有从者\08ETC\他人格-机械伊丽亲\他人格.png,analyzed,4,existing_primitives_reviewed | effect_timing_and_conditions_reviewed | card_face_switch_gap | log_query_existing
2147,01从者\000已有从者\08ETC\他人格-机械伊丽亲\旧\3.1更新.png,analyzed,4,existing_primitives_reviewed | effect_timing_and_conditions_reviewed | scoped_effect_invocation_gap | log_query_existing
2148,01从者\000已有从者\08ETC\他人格-机械伊丽亲\旧\火箭飞拳.png,analyzed,4,existing_primitives_reviewed | effect_timing_and_conditions_reviewed | scoped_effect_invocation_gap | log_query_existing
2149,01从者\000已有从者\08ETC\他人格-机械伊丽亲\机械伊丽亲.png,non_rule,4,overview_token_back_or_no_rule_text
2150,01从者\000已有从者\08ETC\他人格-机械伊丽亲\钢铁天空魔女.png,analyzed,4,existing_primitives_reviewed | effect_timing_and_conditions_reviewed | log_query_existing
2151,01从者\000已有从者\08ETC\他人格-梅尔特莉莉丝\3.1更新.png,analyzed,4,existing_primitives_reviewed | effect_timing_and_conditions_reviewed | log_query_existing
2152,01从者\000已有从者\08ETC\他人格-梅尔特莉莉丝\他人格.png,analyzed,4,existing_primitives_reviewed | effect_timing_and_conditions_reviewed | card_face_switch_gap | log_query_existing
2153,01从者\000已有从者\08ETC\他人格-梅尔特莉莉丝\弃财天五弦琵琶.png,analyzed,4,existing_primitives_reviewed | effect_timing_and_conditions_reviewed | log_query_existing
2154,01从者\000已有从者\08ETC\他人格-梅尔特莉莉丝\感染x6.png,unclear,4,ocr_unreadable_or_semantically_incomplete
2155,01从者\000已有从者\08ETC\他人格-梅尔特莉莉丝\梅尔特莉莉丝.png,non_rule,4,overview_token_back_or_no_rule_text
2156,01从者\000已有从者\08ETC\他人格-梅尔特莉莉丝\莉莉丝-梅尔特病毒.png,analyzed,4,existing_primitives_reviewed | effect_timing_and_conditions_reviewed | log_query_existing
2157,01从者\000已有从者\08ETC\他人格-芦屋道满\Ridicule Cat.png,analyzed,4,existing_primitives_reviewed | effect_timing_and_conditions_reviewed | effect_targeting_immunity_framework_gap | log_query_existing
2158,01从者\000已有从者\08ETC\他人格-芦屋道满\他人格.png,analyzed,4,existing_primitives_reviewed | effect_timing_and_conditions_reviewed | card_face_switch_gap | log_query_existing
2159,01从者\000已有从者\08ETC\他人格-芦屋道满\狂澜怒涛·恶灵左府.png,analyzed,4,existing_primitives_reviewed | effect_timing_and_conditions_reviewed | log_query_existing
2160,01从者\000已有从者\08ETC\他人格-芦屋道满\芦屋道满.png,non_rule,4,overview_token_back_or_no_rule_text
2161,01从者\000已有从者\08ETC\他人格-芦屋道满\诅咒x6.png,unclear,4,ocr_unreadable_or_semantically_incomplete
2162,01从者\000已有从者\08ETC\他人格-霸王花\巨影，现于生命之海.png,analyzed,4,existing_primitives_reviewed | effect_timing_and_conditions_reviewed | effect_targeting_immunity_framework_gap | log_query_existing
2163,01从者\000已有从者\08ETC\他人格-霸王花\无限增殖.png,analyzed,4,existing_primitives_reviewed | effect_timing_and_conditions_reviewed | effect_targeting_immunity_framework_gap | log_query_existing
2164,01从者\000已有从者\08ETC\他人格-霸王花\渴爱之眠.png,analyzed,4,existing_primitives_reviewed | effect_timing_and_conditions_reviewed | effect_targeting_immunity_framework_gap | log_query_existing
2165,01从者\000已有从者\08ETC\他人格-霸王花\霸王花.png,non_rule,4,overview_token_back_or_no_rule_text
2166,01从者\000已有从者\08ETC\他人格-高扬斯卡娅\3.1更新 (1).png,analyzed,4,existing_primitives_reviewed | effect_timing_and_conditions_reviewed | card_controller_gap | log_query_existing
2167,01从者\000已有从者\08ETC\他人格-高扬斯卡娅\3.1更新 (2).png,analyzed,4,existing_primitives_reviewed | effect_timing_and_conditions_reviewed | placed_non_event_object_gap | log_query_existing
2168,01从者\000已有从者\08ETC\他人格-高扬斯卡娅\atk-杀狐 (1).png,analyzed,4,existing_primitives_reviewed | effect_timing_and_conditions_reviewed | create_or_build_card_existing | log_query_existing
2169,01从者\000已有从者\08ETC\他人格-高扬斯卡娅\atk-杀狐 (2).png,analyzed,4,existing_primitives_reviewed | effect_timing_and_conditions_reviewed | log_query_existing
2170,01从者\000已有从者\08ETC\他人格-高扬斯卡娅\atk-杀狐 (3).png,analyzed,4,existing_primitives_reviewed | effect_timing_and_conditions_reviewed | log_query_existing
2171,01从者\000已有从者\08ETC\他人格-高扬斯卡娅\httpcloud3steamusercontentcomugc1841408187396403253ABE5DC5EC2EC2E63FFC80AD3EA847B8D6582AB48.png,unclear,4,ocr_unreadable_or_semantically_incomplete
2172,01从者\000已有从者\08ETC\他人格-高扬斯卡娅\他人格.png,analyzed,4,existing_primitives_reviewed | effect_timing_and_conditions_reviewed | card_face_switch_gap | log_query_existing
2173,01从者\000已有从者\08ETC\他人格-高扬斯卡娅\旧\NFF特殊服务.png,analyzed,4,existing_primitives_reviewed | effect_timing_and_conditions_reviewed | placed_non_event_object_gap | log_query_existing
2174,01从者\000已有从者\08ETC\他人格-高扬斯卡娅\旧\杀狐：屠戮的福音.png,analyzed,4,existing_primitives_reviewed | effect_timing_and_conditions_reviewed | card_controller_gap | log_query_existing
2175,01从者\000已有从者\08ETC\他人格-高扬斯卡娅\高扬斯卡娅.png,non_rule,4,overview_token_back_or_no_rule_text
2176,01从者\000已有从者\08ETC\他人格-魔总\3.4更新无边.png,analyzed,4,existing_primitives_reviewed | effect_timing_and_conditions_reviewed | array_window_query_gap | log_query_existing
2177,01从者\000已有从者\08ETC\他人格-魔总\3.4更新绝剑.png,analyzed,4,existing_primitives_reviewed | effect_timing_and_conditions_reviewed | log_query_existing
2178,01从者\000已有从者\08ETC\他人格-魔总\旧\无边.png,analyzed,4,existing_primitives_reviewed | effect_timing_and_conditions_reviewed | array_window_query_gap | log_query_existing
2179,01从者\000已有从者\08ETC\他人格-魔总\旧\炼狱剑.png,analyzed,4,existing_primitives_reviewed | effect_timing_and_conditions_reviewed | log_query_existing
2180,01从者\000已有从者\08ETC\他人格-魔总\普通职介技能 (4).png,analyzed,4,existing_primitives_reviewed | effect_timing_and_conditions_reviewed | card_face_switch_gap | log_query_existing
2181,01从者\000已有从者\08ETC\他人格-魔总\魔神总司.png,non_rule,4,overview_token_back_or_no_rule_text
2182,01从者\000已有从者\08ETC\伪装者-奥伯龙·伏提庚\3.1更新.png,analyzed,4,existing_primitives_reviewed | effect_timing_and_conditions_reviewed | log_query_existing
2183,01从者\000已有从者\08ETC\伪装者-奥伯龙·伏提庚\3.3更新裁决者.jpg,analyzed,4,existing_primitives_reviewed | effect_timing_and_conditions_reviewed | log_query_existing
2184,01从者\000已有从者\08ETC\伪装者-奥伯龙·伏提庚\atk-复仇者x6.png,analyzed,4,existing_primitives_reviewed | effect_timing_and_conditions_reviewed | create_or_build_card_existing | log_query_existing
2185,01从者\000已有从者\08ETC\伪装者-奥伯龙·伏提庚\与彼方.png,analyzed,4,existing_primitives_reviewed | effect_timing_and_conditions_reviewed | log_query_existing
2186,01从者\000已有从者\08ETC\伪装者-奥伯龙·伏提庚\伪装者.png,analyzed,4,existing_primitives_reviewed | effect_timing_and_conditions_reviewed | log_query_existing
2187,01从者\000已有从者\08ETC\伪装者-奥伯龙·伏提庚\奥伯龙·伏提庚.png,non_rule,4,overview_token_back_or_no_rule_text
2188,01从者\000已有从者\08ETC\伪装者-奥伯龙·伏提庚\裁决者令咒新.png,analyzed,4,existing_primitives_reviewed | effect_timing_and_conditions_reviewed | log_query_existing
2189,01从者\000已有从者\08ETC\伪装者-赫费斯提翁\3.1更新骑乘.png,analyzed,4,existing_primitives_reviewed | effect_timing_and_conditions_reviewed | log_query_existing
2190,01从者\000已有从者\08ETC\伪装者-赫费斯提翁\伪装者.png,analyzed,4,existing_primitives_reviewed | effect_timing_and_conditions_reviewed | log_query_existing
2191,01从者\000已有从者\08ETC\伪装者-赫费斯提翁\赫费斯提翁.png,non_rule,4,overview_token_back_or_no_rule_text
2192,01从者\000已有从者\08ETC\伪装者-赫费斯提翁\骑兵-骑乘.png,analyzed,4,existing_primitives_reviewed | effect_timing_and_conditions_reviewed | log_query_existing
2193,01从者\000已有从者\08ETC\伪装者-赫费斯提翁\魔天之车轮.png,analyzed,4,existing_primitives_reviewed | effect_timing_and_conditions_reviewed | log_query_existing
2194,01从者\000已有从者\08ETC\伪装者-阿瓦隆女士\伪装者.png,analyzed,4,existing_primitives_reviewed | effect_timing_and_conditions_reviewed | log_query_existing
2195,01从者\000已有从者\08ETC\伪装者-阿瓦隆女士\幻世隔绝的理想乡.png,analyzed,4,existing_primitives_reviewed | effect_timing_and_conditions_reviewed | object_effect_enablement_gap | effect_targeting_immunity_framework_gap | log_query_existing
2196,01从者\000已有从者\08ETC\伪装者-阿瓦隆女士\法师-阵地建造.png,analyzed,4,existing_primitives_reviewed | effect_timing_and_conditions_reviewed | log_query_existing
2197,01从者\000已有从者\08ETC\伪装者-阿瓦隆女士\阿瓦隆女士.png,non_rule,4,overview_token_back_or_no_rule_text
2198,01从者\000已有从者\08ETC\伪装者-阿瓦隆女士diy\于彼方招手的理想乡.png,analyzed,4,existing_primitives_reviewed | effect_timing_and_conditions_reviewed | card_controller_gap | log_query_existing
2199,01从者\000已有从者\08ETC\伪装者-阿瓦隆女士diy\梅莉.png,non_rule,4,overview_token_back_or_no_rule_text
2200,01从者\000已有从者\08ETC\伪装者-阿瓦隆女士diy\梅莉伪装者.png,analyzed,4,existing_primitives_reviewed | effect_timing_and_conditions_reviewed | card_face_switch_gap | log_query_existing
2201,01从者\000已有从者\08ETC\伪装者-阿瓦隆女士diy\梦幻魅力.png,analyzed,4,existing_primitives_reviewed | effect_timing_and_conditions_reviewed | log_query_existing
2202,01从者\000已有从者\08ETC\伪装者-阿瓦隆女士diy\永世隔绝的理想乡.png,analyzed,4,existing_primitives_reviewed | effect_timing_and_conditions_reviewed | log_query_existing
2203,01从者\000已有从者\08ETC\兽-埃列什基伽勒\1阶段 (1).png,analyzed,4,existing_primitives_reviewed | effect_timing_and_conditions_reviewed | task_progress_framework_gap | servant_replacement_safe_composition | log_query_existing
2204,01从者\000已有从者\08ETC\兽-埃列什基伽勒\1阶段 (2).png,analyzed,4,existing_primitives_reviewed | effect_timing_and_conditions_reviewed | power_source_provenance_framework_gap | log_query_existing
2205,01从者\000已有从者\08ETC\兽-埃列什基伽勒\1阶段 (3).png,analyzed,4,existing_primitives_reviewed | effect_timing_and_conditions_reviewed | task_progress_framework_gap | log_query_existing
2206,01从者\000已有从者\08ETC\兽-埃列什基伽勒\2阶段 (1).png,analyzed,4,existing_primitives_reviewed | effect_timing_and_conditions_reviewed | task_progress_framework_gap | servant_replacement_safe_composition | log_query_existing
2207,01从者\000已有从者\08ETC\兽-埃列什基伽勒\2阶段 (3).png,analyzed,4,existing_primitives_reviewed | effect_timing_and_conditions_reviewed | task_progress_framework_gap | log_query_existing
2208,01从者\000已有从者\08ETC\兽-埃列什基伽勒\2阶段 (4).png,analyzed,4,existing_primitives_reviewed | effect_timing_and_conditions_reviewed | power_source_provenance_framework_gap | log_query_existing
2209,01从者\000已有从者\08ETC\兽-埃列什基伽勒\2阶段ATKX3.png,analyzed,4,existing_primitives_reviewed | effect_timing_and_conditions_reviewed | scoped_effect_invocation_gap | create_or_build_card_existing | log_query_existing
2210,01从者\000已有从者\08ETC\兽-埃列什基伽勒\3阶段 (1).png,analyzed,4,existing_primitives_reviewed | effect_timing_and_conditions_reviewed | task_progress_framework_gap | log_query_existing
2211,01从者\000已有从者\08ETC\兽-埃列什基伽勒\3阶段 (2).png,analyzed,4,existing_primitives_reviewed | effect_timing_and_conditions_reviewed | power_source_provenance_framework_gap | log_query_existing
2212,01从者\000已有从者\08ETC\兽-埃列什基伽勒\3阶段 (3).png,analyzed,4,existing_primitives_reviewed | effect_timing_and_conditions_reviewed | task_progress_framework_gap | player_lifecycle_framework_gap | servant_replacement_safe_composition | log_query_existing
2213,01从者\000已有从者\08ETC\兽-埃列什基伽勒\3阶段ATKX3.png,analyzed,4,existing_primitives_reviewed | effect_timing_and_conditions_reviewed | scoped_effect_invocation_gap | create_or_build_card_existing | log_query_existing
2214,01从者\000已有从者\08ETC\兽-埃列什基伽勒\ATKX3.png,analyzed,4,existing_primitives_reviewed | effect_timing_and_conditions_reviewed | scoped_effect_invocation_gap | create_or_build_card_existing | log_query_existing
2215,01从者\000已有从者\08ETC\兽-埃列什基伽勒\埃列什基伽勒-兽1.png,analyzed,4,existing_primitives_reviewed | effect_timing_and_conditions_reviewed | task_progress_framework_gap | log_query_existing
2216,01从者\000已有从者\08ETC\兽-埃列什基伽勒\埃列什基伽勒-兽2.png,analyzed,4,existing_primitives_reviewed | effect_timing_and_conditions_reviewed | task_progress_framework_gap | log_query_existing
2217,01从者\000已有从者\08ETC\兽-埃列什基伽勒\埃列什基伽勒-兽3.png,analyzed,4,existing_primitives_reviewed | effect_timing_and_conditions_reviewed | task_progress_framework_gap | log_query_existing
2218,01从者\000已有从者\08ETC\兽-埃列什基伽勒\好感度槽.png,analyzed,4,existing_primitives_reviewed | effect_timing_and_conditions_reviewed | task_progress_framework_gap | log_query_existing
2219,01从者\000已有从者\08ETC\兽-埃列什基伽勒\约会清单\正面\约会清单 (1).png,analyzed,4,existing_primitives_reviewed | effect_timing_and_conditions_reviewed | task_progress_framework_gap | log_query_existing
2220,01从者\000已有从者\08ETC\兽-埃列什基伽勒\约会清单\正面\约会清单 (10).png,analyzed,4,existing_primitives_reviewed | effect_timing_and_conditions_reviewed | task_progress_framework_gap | log_query_existing
2221,01从者\000已有从者\08ETC\兽-埃列什基伽勒\约会清单\正面\约会清单 (2).png,analyzed,4,existing_primitives_reviewed | effect_timing_and_conditions_reviewed | task_progress_framework_gap | log_query_existing
2222,01从者\000已有从者\08ETC\兽-埃列什基伽勒\约会清单\正面\约会清单 (3).png,analyzed,4,existing_primitives_reviewed | effect_timing_and_conditions_reviewed | task_progress_framework_gap | log_query_existing
2223,01从者\000已有从者\08ETC\兽-埃列什基伽勒\约会清单\正面\约会清单 (4).png,analyzed,4,existing_primitives_reviewed | effect_timing_and_conditions_reviewed | task_progress_framework_gap | log_query_existing
2224,01从者\000已有从者\08ETC\兽-埃列什基伽勒\约会清单\正面\约会清单 (5).png,analyzed,4,existing_primitives_reviewed | effect_timing_and_conditions_reviewed | task_progress_framework_gap | log_query_existing
2225,01从者\000已有从者\08ETC\兽-埃列什基伽勒\约会清单\正面\约会清单 (6).png,analyzed,4,existing_primitives_reviewed | effect_timing_and_conditions_reviewed | task_progress_framework_gap | log_query_existing
2226,01从者\000已有从者\08ETC\兽-埃列什基伽勒\约会清单\正面\约会清单 (7).png,analyzed,4,existing_primitives_reviewed | effect_timing_and_conditions_reviewed | task_progress_framework_gap | log_query_existing
2227,01从者\000已有从者\08ETC\兽-埃列什基伽勒\约会清单\正面\约会清单 (8).png,analyzed,4,existing_primitives_reviewed | effect_timing_and_conditions_reviewed | task_progress_framework_gap | log_query_existing
2228,01从者\000已有从者\08ETC\兽-埃列什基伽勒\约会清单\正面\约会清单 (9).png,analyzed,4,existing_primitives_reviewed | effect_timing_and_conditions_reviewed | task_progress_framework_gap | log_query_existing
2229,01从者\000已有从者\08ETC\兽-埃列什基伽勒\约会清单\背面.png,non_rule,4,overview_token_back_or_no_rule_text
2230,01从者\000已有从者\08ETC\兽-尼禄\ATK-黄金之杯.png,analyzed,4,existing_primitives_reviewed | effect_timing_and_conditions_reviewed | create_or_build_card_existing | log_query_existing
2231,01从者\000已有从者\08ETC\兽-尼禄\BEAST VI.png,analyzed,4,existing_primitives_reviewed | effect_timing_and_conditions_reviewed | log_query_existing
2232,01从者\000已有从者\08ETC\兽-尼禄\PSD文件\素材\兽之数字.jpg,unclear,4,ocr_unreadable_or_semantically_incomplete
2233,01从者\000已有从者\08ETC\兽-尼禄\PSD文件\素材\兽之数字666.png,analyzed,4,existing_primitives_reviewed | effect_timing_and_conditions_reviewed | log_query_existing
2234,01从者\000已有从者\08ETC\兽-尼禄\PSD文件\素材\兽尼禄完全体.jpeg,unclear,4,ocr_unreadable_or_semantically_incomplete
2235,01从者\000已有从者\08ETC\兽-尼禄\PSD文件\素材\兽尼禄完全体2.jpg,unclear,4,ocr_unreadable_or_semantically_incomplete
2236,01从者\000已有从者\08ETC\兽-尼禄\PSD文件\素材\兽尼禄投稿\BEAST  VI.jpg,unclear,4,ocr_unreadable_or_semantically_incomplete
2237,01从者\000已有从者\08ETC\兽-尼禄\PSD文件\素材\兽尼禄投稿\七之兽冠.jpg,unclear,4,ocr_unreadable_or_semantically_incomplete
2238,01从者\000已有从者\08ETC\兽-尼禄\PSD文件\素材\兽尼禄投稿\怀抱溶解的黄金剧场.jpg,unclear,4,ocr_unreadable_or_semantically_incomplete
2239,01从者\000已有从者\08ETC\兽-尼禄\PSD文件\素材\兽尼禄投稿\索玛多之兽.jpg,unclear,4,ocr_unreadable_or_semantically_incomplete
2240,01从者\000已有从者\08ETC\兽-尼禄\PSD文件\素材\兽尼禄投稿\黄金之杯.jpg,unclear,4,ocr_unreadable_or_semantically_incomplete
2241,01从者\000已有从者\08ETC\兽-尼禄\PSD文件\素材\兽尼禄素材2.jpg,unclear,4,ocr_unreadable_or_semantically_incomplete
2242,01从者\000已有从者\08ETC\兽-尼禄\PSD文件\素材\怀抱溶解的黄金剧场卡图.png,unclear,4,ocr_unreadable_or_semantically_incomplete
2243,01从者\000已有从者\08ETC\兽-尼禄\PSD文件\素材\所多玛之兽／德拉科一破.png,unclear,4,ocr_unreadable_or_semantically_incomplete
2244,01从者\000已有从者\08ETC\兽-尼禄\PSD文件\素材\黄金之杯1.jpg,unclear,4,ocr_unreadable_or_semantically_incomplete
2245,01从者\000已有从者\08ETC\兽-尼禄\七之兽冠.png,analyzed,4,existing_primitives_reviewed | effect_timing_and_conditions_reviewed | create_or_build_card_existing | log_query_existing
2246,01从者\000已有从者\08ETC\兽-尼禄\兽尼禄.png,non_rule,4,overview_token_back_or_no_rule_text
2247,01从者\000已有从者\08ETC\兽-尼禄\怀抱溶解的黄金剧场.png,analyzed,4,existing_primitives_reviewed | effect_timing_and_conditions_reviewed | per_player_movement_rule_framework_gap | log_query_existing
2248,01从者\000已有从者\08ETC\兽-尼禄\索玛多之兽.png,analyzed,4,existing_primitives_reviewed | effect_timing_and_conditions_reviewed | create_or_build_card_existing | log_query_existing
2249,01从者\000已有从者\08ETC\兽-尼禄\黄金之杯3.png,analyzed,4,existing_primitives_reviewed | effect_timing_and_conditions_reviewed | object_effect_enablement_gap | log_query_existing
2250,01从者\000已有从者\08ETC\兽-德拉科DIY2\3.8更新兽之权能.png,analyzed,4,existing_primitives_reviewed | effect_timing_and_conditions_reviewed | servant_replacement_safe_composition | log_query_existing
2251,01从者\000已有从者\08ETC\兽-德拉科DIY2\七之兽冠.png,analyzed,4,existing_primitives_reviewed | effect_timing_and_conditions_reviewed | log_query_existing
2252,01从者\000已有从者\08ETC\兽-德拉科DIY2\兽之权能.png,analyzed,4,existing_primitives_reviewed | effect_timing_and_conditions_reviewed | servant_replacement_safe_composition | log_query_existing
2253,01从者\000已有从者\08ETC\兽-德拉科DIY2\怀抱溶解的黄金剧场.png,analyzed,4,existing_primitives_reviewed | effect_timing_and_conditions_reviewed | log_query_existing
2254,01从者\000已有从者\08ETC\兽-德拉科DIY2\拥抱溶解的黄金剧场.png,analyzed,4,existing_primitives_reviewed | effect_timing_and_conditions_reviewed | log_query_existing
2255,01从者\000已有从者\08ETC\兽-德拉科DIY2\索多玛之兽-德拉科 (1).png,non_rule,4,overview_token_back_or_no_rule_text
2256,01从者\000已有从者\08ETC\兽-德拉科DIY2\索多玛之兽-德拉科 (2).png,non_rule,4,overview_token_back_or_no_rule_text
2257,01从者\000已有从者\08ETC\兽-德拉科DIY2\终末之火.png,analyzed,4,existing_primitives_reviewed | effect_timing_and_conditions_reviewed | player_lifecycle_framework_gap | owner_controller_split_framework_gap | log_query_existing
2258,01从者\000已有从者\08ETC\兽-德拉科DIY2\终末之火2.png,analyzed,4,existing_primitives_reviewed | effect_timing_and_conditions_reviewed | distinct_value_count_gap | owner_controller_split_framework_gap | log_query_existing
2259,01从者\000已有从者\08ETC\兽-德拉科\七之兽冠.png,analyzed,4,existing_primitives_reviewed | effect_timing_and_conditions_reviewed | create_or_build_card_existing | log_query_existing
2260,01从者\000已有从者\08ETC\兽-德拉科\兽之权能.png,analyzed,4,existing_primitives_reviewed | effect_timing_and_conditions_reviewed | create_or_build_card_existing | log_query_existing
2261,01从者\000已有从者\08ETC\兽-德拉科\原罪 (1).png,analyzed,4,existing_primitives_reviewed | effect_timing_and_conditions_reviewed | create_or_build_card_existing | log_query_existing
2262,01从者\000已有从者\08ETC\兽-德拉科\原罪 (2).png,analyzed,4,existing_primitives_reviewed | effect_timing_and_conditions_reviewed | create_or_build_card_existing | log_query_existing
2263,01从者\000已有从者\08ETC\兽-德拉科\原罪 (3).png,analyzed,4,existing_primitives_reviewed | effect_timing_and_conditions_reviewed | create_or_build_card_existing | log_query_existing
2264,01从者\000已有从者\08ETC\兽-德拉科\原罪 (4).png,analyzed,4,existing_primitives_reviewed | effect_timing_and_conditions_reviewed | create_or_build_card_existing | log_query_existing
2265,01从者\000已有从者\08ETC\兽-德拉科\原罪 (5).png,analyzed,4,existing_primitives_reviewed | effect_timing_and_conditions_reviewed | create_or_build_card_existing | log_query_existing
2266,01从者\000已有从者\08ETC\兽-德拉科\原罪 (6).png,analyzed,4,existing_primitives_reviewed | effect_timing_and_conditions_reviewed | create_or_build_card_existing | log_query_existing
2267,01从者\000已有从者\08ETC\兽-德拉科\原罪 (7).png,analyzed,4,existing_primitives_reviewed | effect_timing_and_conditions_reviewed | object_effect_enablement_gap | create_or_build_card_existing | log_query_existing
2268,01从者\000已有从者\08ETC\兽-德拉科\原罪 (8).png,analyzed,4,existing_primitives_reviewed | effect_timing_and_conditions_reviewed | create_or_build_card_existing | log_query_existing
2269,01从者\000已有从者\08ETC\兽-德拉科\德拉科.png,non_rule,4,overview_token_back_or_no_rule_text
2270,01从者\000已有从者\08ETC\兽-德拉科\怀抱溶解的黄金剧场.png,analyzed,4,existing_primitives_reviewed | effect_timing_and_conditions_reviewed | log_query_existing
2271,01从者\000已有从者\08ETC\复仇者-安东尼奥·萨列里\安东尼奥·萨列里.png,non_rule,4,overview_token_back_or_no_rule_text
2272,01从者\000已有从者\08ETC\复仇者-安东尼奥·萨列里\忘却补正.png,analyzed,4,existing_primitives_reviewed | effect_timing_and_conditions_reviewed | log_query_existing
2273,01从者\000已有从者\08ETC\复仇者-安东尼奥·萨列里\燎原之火.png,analyzed,4,existing_primitives_reviewed | effect_timing_and_conditions_reviewed | number_rounding_gap | log_query_existing
2274,01从者\000已有从者\08ETC\复仇者-安东尼奥·萨列里\至高之神啊，请垂怜于我.png,analyzed,4,existing_primitives_reviewed | effect_timing_and_conditions_reviewed | log_query_existing
2275,01从者\000已有从者\08ETC\复仇者-安哥拉曼纽\伪写记载之万象.png,analyzed,4,existing_primitives_reviewed | effect_timing_and_conditions_reviewed | log_query_existing
2276,01从者\000已有从者\08ETC\复仇者-安哥拉曼纽\安哥拉曼纽.png,non_rule,4,overview_token_back_or_no_rule_text
2277,01从者\000已有从者\08ETC\复仇者-安哥拉曼纽\左右咬.png,analyzed,4,existing_primitives_reviewed | effect_timing_and_conditions_reviewed | log_query_existing
2278,01从者\000已有从者\08ETC\复仇者-安哥拉曼纽\永世束缚.png,analyzed,4,existing_primitives_reviewed | effect_timing_and_conditions_reviewed | log_query_existing
2279,01从者\000已有从者\08ETC\复仇者-尼托克丽丝\3.3更新冥府神的裁定.jpg,analyzed,4,existing_primitives_reviewed | effect_timing_and_conditions_reviewed | log_query_existing
2280,01从者\000已有从者\08ETC\复仇者-尼托克丽丝\3.3更新吾之美丽冥府.jpg,analyzed,4,existing_primitives_reviewed | effect_timing_and_conditions_reviewed | log_query_existing
2281,01从者\000已有从者\08ETC\复仇者-尼托克丽丝\3.3更新沙漠的晚风.jpg,analyzed,4,existing_primitives_reviewed | effect_timing_and_conditions_reviewed | log_query_existing
2282,01从者\000已有从者\08ETC\复仇者-尼托克丽丝\冥府神的裁定.jpg,analyzed,4,existing_primitives_reviewed | effect_timing_and_conditions_reviewed | log_query_existing
2283,01从者\000已有从者\08ETC\复仇者-尼托克丽丝\吾之美丽冥府.jpg,analyzed,4,existing_primitives_reviewed | effect_timing_and_conditions_reviewed | log_query_existing
2284,01从者\000已有从者\08ETC\复仇者-尼托克丽丝\尼托克丽丝.jpg,non_rule,4,overview_token_back_or_no_rule_text
2285,01从者\000已有从者\08ETC\复仇者-尼托克丽丝\沙漠的晚风.jpg,analyzed,4,existing_primitives_reviewed | effect_timing_and_conditions_reviewed | log_query_existing
2286,01从者\000已有从者\08ETC\复仇者-平景清\3.4.1更新景清不灭.png,analyzed,4,existing_primitives_reviewed | effect_timing_and_conditions_reviewed | log_query_existing
2287,01从者\000已有从者\08ETC\复仇者-平景清\3.4.1更新诸行无常·盛者必衰.png,analyzed,4,existing_primitives_reviewed | effect_timing_and_conditions_reviewed | log_query_existing
2288,01从者\000已有从者\08ETC\复仇者-平景清\平景清.png,non_rule,4,overview_token_back_or_no_rule_text
2289,01从者\000已有从者\08ETC\复仇者-平景清\忘却补正.png,analyzed,4,existing_primitives_reviewed | effect_timing_and_conditions_reviewed | log_query_existing
2290,01从者\000已有从者\08ETC\复仇者-平景清\景清不灭.png,analyzed,4,existing_primitives_reviewed | effect_timing_and_conditions_reviewed | log_query_existing
2291,01从者\000已有从者\08ETC\复仇者-平景清\诸行无常·盛者必衰.png,analyzed,4,existing_primitives_reviewed | effect_timing_and_conditions_reviewed | log_query_existing
2292,01从者\000已有从者\08ETC\复仇者-戈耳工\万魔神殿.png,analyzed,4,existing_primitives_reviewed | effect_timing_and_conditions_reviewed | log_query_existing
2293,01从者\000已有从者\08ETC\复仇者-戈耳工\变转之魔.png,analyzed,4,existing_primitives_reviewed | effect_timing_and_conditions_reviewed | log_query_existing
2294,01从者\000已有从者\08ETC\复仇者-戈耳工\忘却补正.png,analyzed,4,existing_primitives_reviewed | effect_timing_and_conditions_reviewed | log_query_existing
2295,01从者\000已有从者\08ETC\复仇者-戈耳工\戈耳工.png,non_rule,4,overview_token_back_or_no_rule_text
2296,01从者\000已有从者\08ETC\复仇者-爱德蒙·唐泰斯\岩窟王.png,analyzed,4,existing_primitives_reviewed | effect_timing_and_conditions_reviewed | log_query_existing
2297,01从者\000已有从者\08ETC\复仇者-爱德蒙·唐泰斯\心怀希望.png,analyzed,4,existing_primitives_reviewed | effect_timing_and_conditions_reviewed | log_query_existing
2298,01从者\000已有从者\08ETC\复仇者-爱德蒙·唐泰斯\爱德蒙·唐泰斯.png,non_rule,4,overview_token_back_or_no_rule_text
2299,01从者\000已有从者\08ETC\复仇者-爱德蒙·唐泰斯\虎啊，煌煌燎燃.png,analyzed,4,existing_primitives_reviewed | effect_timing_and_conditions_reviewed | array_window_query_gap | log_query_existing
2300,01从者\000已有从者\08ETC\复仇者-织田信长diy\atk-复仇者x11.png,analyzed,4,existing_primitives_reviewed | effect_timing_and_conditions_reviewed | log_query_existing
2301,01从者\000已有从者\08ETC\复仇者-织田信长diy\事件牌-地狱之火x13.png,analyzed,4,existing_primitives_reviewed | effect_timing_and_conditions_reviewed | log_query_existing
2302,01从者\000已有从者\08ETC\复仇者-织田信长diy\忘却补正.png,analyzed,4,existing_primitives_reviewed | effect_timing_and_conditions_reviewed | log_query_existing
2303,01从者\000已有从者\08ETC\复仇者-织田信长diy\无可奈何.png,analyzed,4,existing_primitives_reviewed | effect_timing_and_conditions_reviewed | log_query_existing
2304,01从者\000已有从者\08ETC\复仇者-织田信长diy\波旬变生.png,analyzed,4,existing_primitives_reviewed | effect_timing_and_conditions_reviewed | log_query_existing
2305,01从者\000已有从者\08ETC\复仇者-织田信长diy\织田信长.png,non_rule,4,overview_token_back_or_no_rule_text
2306,01从者\000已有从者\08ETC\复仇者-织田信长diy\织田吉法师.png,non_rule,4,overview_token_back_or_no_rule_text
2307,01从者\000已有从者\08ETC\复仇者-织田信长diy\魔王信长.png,non_rule,4,overview_token_back_or_no_rule_text
2308,01从者\000已有从者\08ETC\复仇者-迷之兰丸X DIY\3.1.2更新.png,analyzed,4,existing_primitives_reviewed | effect_timing_and_conditions_reviewed | create_or_build_card_existing | log_query_existing
2309,01从者\000已有从者\08ETC\复仇者-迷之兰丸X DIY\3.1更新 (1).png,analyzed,4,existing_primitives_reviewed | effect_timing_and_conditions_reviewed | create_or_build_card_existing | log_query_existing
2310,01从者\000已有从者\08ETC\复仇者-迷之兰丸X DIY\3.1更新 (3).png,analyzed,4,existing_primitives_reviewed | effect_timing_and_conditions_reviewed | log_query_existing
2311,01从者\000已有从者\08ETC\复仇者-迷之兰丸X DIY\旧\3.1.1更新.png,analyzed,4,existing_primitives_reviewed | effect_timing_and_conditions_reviewed | create_or_build_card_existing | log_query_existing
2312,01从者\000已有从者\08ETC\复仇者-迷之兰丸X DIY\旧\3.1更新 (2).png,analyzed,4,existing_primitives_reviewed | effect_timing_and_conditions_reviewed | create_or_build_card_existing | log_query_existing
2313,01从者\000已有从者\08ETC\复仇者-迷之兰丸X DIY\迷之兰丸X.png,non_rule,4,overview_token_back_or_no_rule_text
2314,01从者\000已有从者\08ETC\复仇者-黑森·罗伯\3.4.1更新对遥远之辈的斩罪.png,analyzed,4,existing_primitives_reviewed | effect_timing_and_conditions_reviewed | log_query_existing
2315,01从者\000已有从者\08ETC\复仇者-黑森·罗伯\3.4.1更新忘却补正.png,analyzed,4,existing_primitives_reviewed | effect_timing_and_conditions_reviewed | map_graph_query_gap | log_query_existing
2316,01从者\000已有从者\08ETC\复仇者-黑森·罗伯\3.4.1更新恶喙.png,analyzed,4,existing_primitives_reviewed | effect_timing_and_conditions_reviewed | log_query_existing
2317,01从者\000已有从者\08ETC\复仇者-黑森·罗伯\对遥远之辈的斩罪.png,analyzed,4,existing_primitives_reviewed | effect_timing_and_conditions_reviewed | log_query_existing
2318,01从者\000已有从者\08ETC\复仇者-黑森·罗伯\忘却补正.png,analyzed,4,existing_primitives_reviewed | effect_timing_and_conditions_reviewed | map_graph_query_gap | log_query_existing
2319,01从者\000已有从者\08ETC\复仇者-黑森·罗伯\恶喙.png,analyzed,4,existing_primitives_reviewed | effect_timing_and_conditions_reviewed | log_query_existing
2320,01从者\000已有从者\08ETC\复仇者-黑森·罗伯\恶缠TOKEN.png,analyzed,4,existing_primitives_reviewed | effect_timing_and_conditions_reviewed | log_query_existing
2321,01从者\000已有从者\08ETC\复仇者-黑森·罗伯\黑森罗伯.png,analyzed,5,"黑森罗伯｜逐条语义审阅：Avenger 黑森·罗伯 米5,5 Surveil @ 2,3,3,4,4,4 Avenger Class × 2 Avenger Class"
2322,01从者\000已有从者\08ETC\复仇者-黑贞德\咆哮吧，吾之愤怒.png,analyzed,5,咆哮吧，吾之愤怒｜逐条语义审阅：魔術 宝具 5K 咆哮吧，吾之愤怒 9 【真名解放】 战斗阶段：若你激活的攻击数量多于与你交战的所有玩家的 攻击数量之和，使他们【败北】。
2323,01从者\000已有从者\08ETC\复仇者-黑贞德\忘却补正.png,analyzed,5,忘却补正｜逐条语义审阅：忘却补正 被动：每当一张或更多【幸运】放置入场时，弃置你的手牌 然后抽3张牌。将因此弃置的【复仇者】加入攻击。
2324,01从者\000已有从者\08ETC\复仇者-黑贞德\黑贞德.png,analyzed,5,"黑贞德｜逐条语义审阅：Avenger 贞德〔Alter〕 米 3,4,5,5 Avenger Class @ 2,3 Avenger Class * 3,4,4 β Avenger Class"
2325,01从者\000已有从者\08ETC\复仇者-黑贞德\龙之魔女.png,analyzed,5,龙之魔女｜逐条语义审阅：力量 龙之魔女 4K 5 残留：当你战败时关闭此牌。你的【复仇者】牌获得米力量 属性。 行动阶段：关闭一张自己的【复仇者】，沿着箭头移动1或2 个地点，与你位于同一战场的对手失去2点战果。
2326,01从者\000已有从者\08ETC\月之癌-B.B\Atk-月之癌x2.png,analyzed,5,Atk-月之癌x2｜逐条语义审阅：魔术 月之癌 206K 被动/行动阶段：弃置此牌，月之圣杯的事件牌效果只影响你 所在的地点。战斗阶段结束后弃置月之圣杯事件牌。 行动阶段：将你所在地点的一张事件牌与月之圣杯的事件牌 互换。
2327,01从者\000已有从者\08ETC\月之癌-B.B\B.B..png,analyzed,5,"B.B.｜逐条语义审阅：Cancer B.B. Luck 米 2,2,5 Preparation @ 2,3 * Moon Cancer * 2,4,4 * Moon Cancer"
2328,01从者\000已有从者\08ETC\月之癌-B.B\B.B.老虎机.png,analyzed,5,B.B.老虎机｜逐条语义审阅：特殊 5K B.B.老虎机 5 行动阶段：至多三名玩家随机弃置一张牌。根据弃置牌的类 型获得奖励： 米获得威力+2 ?沿着箭头移动至多一个地点 ×获得1点魔力 这选择上述任意一种奖励 若你同时获得三次同样的奖励，获得3点战果。
2329,01从者\000已有从者\08ETC\月之癌-B.B\C.C.C..png,analyzed,5,C.C.C.｜逐条语义审阅：宝具 8K C.C.C. 【真名解放】 将你所在地点与【月之圣杯】合成一处地点直至回合结束。 若你只处于【月之圣杯】，此牌威力+5。
2330,01从者\000已有从者\08ETC\月之癌-B.B\权限访问.png,analyzed,5,权限访问｜逐条语义审阅：权限访问 被动/行动阶段：花费3点魔力。移动至【月之圣杯】或你于 月之圣杯没有处于交战状态时，移动至一处战场并且保留你 的地利。
2331,01从者\000已有从者\08ETC\月之癌-八百比丘尼\3.4更新 (1).png,analyzed,5,3.4更新 (1)｜逐条语义审阅：Special Noble Phantasm 蛤御殿 3 16 被动：所有人的战斗阶段开始时，若你的战斗中没有事件 牌，将【月之圣杯】上的一张事件牌移动至你所在的战场。 【月之圣杯】上的所有事件牌更改为1点战果。 幽世幻都-行动阶段：将你所在战场的一张事件牌移动至 【月之圣杯】。
2332,01从者\000已有从者\08ETC\月之癌-八百比丘尼\3.4更新 (2).png,analyzed,5,3.4更新 (2)｜逐条语义审阅：Special 7 8K 异界作成 【真名解放】 被动/行动阶段：令所有位于【月之圣杯】的对手获得1点战 果，每有一名获得战果的对手，你获得1点魔力。 天堂之沫-战斗阶段：【月之圣杯】上每有一张事件牌，此 牌+2威力。
2333,01从者\000已有从者\08ETC\月之癌-八百比丘尼\3.4更新 (3).png,analyzed,5,3.4更新 (3)｜逐条语义审阅：Special 4& 人鱼之肉 长生-残留：回合结束时，弃置一张【月之圣杯】上的事件 牌或关闭此牌。 梦幻泡影-行动阶段：弃置一张【幸运】，然后弃置一处地 点的一张事件牌后抽2张新事件牌放置于该地点。被抽取的 事件牌改为1点战果至本回合结束且无法被增加。
2334,01从者\000已有从者\08ETC\月之癌-八百比丘尼\Atk-月之癌x2.png,analyzed,5,Atk-月之癌x2｜逐条语义审阅：魔术 月之癌 206K 被动/行动阶段：弃置此牌，月之圣杯的事件牌效果只影响你 所在的地点。战斗阶段结束后弃置月之圣杯事件牌。 行动阶段：将你所在地点的一张事件牌与月之圣杯的事件牌 互换。
2335,01从者\000已有从者\08ETC\月之癌-八百比丘尼\八百比丘尼.png,analyzed,5,"八百比丘尼｜逐条语义审阅：Moon Cancer 八百比丘尼 Luck 米 2,2,3 Luck @3 Surveil * 3,4,4,5 * Moon Cancer"
2336,01从者\000已有从者\08ETC\月之癌-八百比丘尼\旧\人鱼之肉.png,analyzed,5,人鱼之肉｜逐条语义审阅：Special 4& 人鱼之肉 长生-残留：回合结束时，弃置一张【月之圣杯】上的事件 牌或关闭此牌。 梦幻泡影-行动阶段：弃置一张【幸运】，然后弃置一处地 点的一张事件牌后抽2张新事件牌放置于该地点。被抽取的 事件牌改为1点战果至本回合结束且无法被增加。
2337,01从者\000已有从者\08ETC\月之癌-八百比丘尼\旧\异界作成.png,analyzed,5,异界作成｜逐条语义审阅：Special 7 8K 异界作成 【真名解放】 被动/行动阶段：令所有位于【月之圣杯】的对手获得1点战 果，每有一名获得战果的对手，你获得1点魔力。 天堂之沫-战斗阶段：【月之圣杯】上每有一张事件牌，此 牌+1威力。
2338,01从者\000已有从者\08ETC\月之癌-八百比丘尼\旧\蛤御殿.png,analyzed,5,蛤御殿｜逐条语义审阅：Special Noble Phantasm 蛤御殿 3 6 被动：所有人的战斗阶段开始时，若你的战斗中没有事件牌， 将【月之圣杯】上的一张事件牌移动至你所在的战场。 【月之圣杯】上的所有事件牌更改为1点战果。 幽世幻都-行动阶段：将你所在战场的事件牌移动至【月之 圣杯】。
2339,01从者\000已有从者\08ETC\月之癌-吉娜可\3.5更新超越千年的孤寂.png,analyzed,5,3.5更新超越千年的孤寂｜逐条语义审阅：超越千年的孤寂 月之背面-被动：【月之圣杯】的事件牌更改为于所有人 的行动阶段开始前保持暗置，你可以查看这些事件牌。 业障-被动/前哨阶段：选择一处你所在地点的位置并弃置 一张威力与该位置数值相同的手牌，下个部署于此位置的 玩家无法获得部署收益。
2340,01从者\000已有从者\08ETC\月之癌-吉娜可\3.5毗那夜迦.png,analyzed,5,3.5毗那夜迦｜逐条语义审阅：米 力量 毗那夜迦 4 6K 【真名解放】 若你位于【月之圣杯】，此牌-2魔力消耗。 不可侵犯-所有玩家无法以移动进入或离开你所在的地点。
2341,01从者\000已有从者\08ETC\月之癌-吉娜可\3.6更新肉弹.png,analyzed,5,3.6更新肉弹｜逐条语义审阅：敏捷 宝具 肉弹啊 8K 萌天再开始努力吧 【真名解放】 神财天-被动：若你已真名解放，你所在地点版图上的所有 数字+1，进入地点前先结算此效果。（包括魔术工房， 地利位置，竞争战果，移动成本[每一步+1]）。 明天再说吧-战斗阶段：获得6点魔力，然后关闭此牌。
2342,01从者\000已有从者\08ETC\月之癌-吉娜可\ATK-月之癌X3.png,analyzed,5,ATK-月之癌X3｜逐条语义审阅：特殊 月之癌 2 3& 行动阶段：令此牌变为一张区特殊基础攻击直至回合结束。 唯一/战斗阶段：若你位于魔术工房或【月之圣杯】，获得 2点战果。
2343,01从者\000已有从者\08ETC\月之癌-吉娜可\httpcloud3steamusercontentcomugc2282826643936888276D0C59E3BBB68AD49B45EC582F3814B1A61C81CC6.png,unclear,5,OCR不明：httpcloud3steamusercontentcomugc2282826643936888276D0C59E3BBB68AD49B45EC582F3814B1A61C81CC6；现有转写为“（未识别到文字）”，不足以判断规则，不据此提出operation。
2344,01从者\000已有从者\08ETC\月之癌-吉娜可\吉娜可.png,analyzed,5,"吉娜可｜逐条语义审阅：BOl 吉娜可·加里吉利 米2 β Moon Cancer @ 2,4 β Moon Cancer * 2,2,2,4,4,4 β Moon Cancer"
2345,01从者\000已有从者\08ETC\月之癌-吉娜可\旧\3.5肉弹啊 明天再开始努力吧.png,analyzed,5,3.5肉弹啊 明天再开始努力吧｜逐条语义审阅：敏捷 宝具 肉弹啊 19 萌天再开始努力吧 【真名解放】 神财天-被动：若你已真名解放，你所在地点版图上的所有 数字+1（移动成本每一步+1，进入地点前先结算此效果）。 明天再说吧-战斗阶段：获得6点魔力，然后关闭此牌。
2346,01从者\000已有从者\08ETC\月之癌-吉娜可\旧\毗那夜迦.png,analyzed,5,毗那夜迦｜逐条语义审阅：米 力量 毗那夜迦 4 7K 【真名解放】 若你位于【月之圣杯】，此牌-2魔力消耗。 不可侵犯-其他玩家无法以移动进入【月之圣杯】。 行动阶段：你所在的地点无法以常规移动进入或离开。
2347,01从者\000已有从者\08ETC\月之癌-吉娜可\旧\肉弹啊 明天再开始努力吧.png,analyzed,5,肉弹啊 明天再开始努力吧｜逐条语义审阅：敏捷 宝具 肉弹啊 7 (8K 萌天再开始努力吧 【真名解放】 神财天-被动：若你已真名解放，你所在地点版图上的所有 数字+1（进入地点前先结算此效果）。 明天再说吧-唯一/战斗阶段：获得3点魔力，战力结算时， 忽略此牌的威力并将其基本威力增加至你下回合的合计威力。
2348,01从者\000已有从者\08ETC\月之癌-吉娜可\旧\超越千年的孤寂1.png,analyzed,5,超越千年的孤寂1｜逐条语义审阅：超越千年的孤寂 月之背面-被动：【月之圣杯】的事件牌更改为于所有人 的行动阶段开始前保持暗置，你可以查看这些事件牌。 业障-被动/前哨阶段：弃置一张手牌，然后选择一处数值 与其印刷威力数值相同的位置，令下个部署于此位置的对 手无法获得部署于该位置的收益（不影响阵地作成等）。
2349,01从者\000已有从者\08ETC\月之癌-夏日BB\B.B..png,analyzed,5,"B.B.｜逐条语义审阅：Moon Cancer B.B. 米 2,2,4 米 Moon Cancer β Luck 2 Moon Cancer β Preparation * 2,2,4 K Moon Cancer"
2350,01从者\000已有从者\08ETC\月之癌-夏日BB\SKILL-C.C.C..png,analyzed,5,SKILL-C.C.C.｜逐条语义审阅：特殊 宝具 5 1K C.C.C. 战斗阶段：你关闭至多三张与你位于同一地点的玩家的基础牌。根据 关闭牌的类型获得奖励，若你同时获得三次同样的奖励，获得3点战果： 米获得威力+2/+X 沿着箭头移动至多一个地点/地利效果翻倍 ×获得1点/X-2点魔力×选择上述任意一种奖励/奖励 若你处于【月之圣杯】则奖励效果改变。X为被关闭的牌的基本威力。
2351,01从者\000已有从者\08ETC\月之癌-夏日BB\SKILL-双重神性.png,analyzed,5,SKILL-双重神性｜逐条语义审阅：双重神性 被动：你根据从者真名获得相应效果： 夏日BB亲：被动/行动阶段：弃置一张【月之癌】，本回合结束前，你所在的地 点视为月之圣杯。 火山女神BB亲：被动：你的【月之癌】获得“当你将一张牌放置入场时，你可以 弃置【月之癌】以使其获得反转效果。若其不含有反转效果，你可以任意令其在 打出后获得或失去力量/迅捷/魔术属性来达成任意组合。” 奈亚BB亲：被动：你是降临者。你的【月之癌】视为基础牌并获得β属性。
2352,01从者\000已有从者\08ETC\月之癌-夏日BB\SKILL-女神的神核.png,analyzed,5,SKILL-女神的神核｜逐条语义审阅：女神的神核 被动：此牌展示后，将【双重神性】加入你的技能区。 自我改造-被动/前哨阶段：若你的真名更改过，消耗一枚令咒使用。移除其他因 本效果加入你技能区的技能，将你的从者真名更改为下列一项并执行相应效果： 夏日BB亲：将【权限访问】加入你的技能区。 火山女神BB亲：将【黄金猪之杯】加入你的技能区。移除【阵地建造】。 奈亚BB亲：将【无貌之月】加入你的技能区。移除【阵地建造】。
2353,01从者\000已有从者\08ETC\月之癌-夏日BB\SKILL-无貌之月.png,analyzed,5,SKILL-无貌之月｜逐条语义审阅：特殊 3 1& 无貌之月 打出时：隐藏真名。此牌激活时，该从者无法被真名解放。 残留：·当你部署在魔术工房时，关闭此牌。 ·与你位于同一地点的特殊牌视为你的【领域外生命】并获得“你和降临 者各获得合计威力+6，此效果无法被任何方式阻止。” ·回合结束时，与你位于同一战场的玩家将本回合打出，弃置或移除的手 牌重新加入手牌中。此效果无法被任何方式阻止。
2354,01从者\000已有从者\08ETC\月之癌-夏日BB\SKILL-权限访问.png,analyzed,5,SKILL-权限访问｜逐条语义审阅：权限访问 被动/行动阶段：花费3点魔力。移动至【月之圣杯】或你于 月之圣杯没有处于交战状态时，移动至一处战场并且保留你 的地利。
2355,01从者\000已有从者\08ETC\月之癌-夏日BB\SKILL-阵地建造.png,analyzed,5,SKILL-阵地建造｜逐条语义审阅：魔術 X02& 阵地建造 X为16-（当前回合数×2） 残留：当你部署于魔术工房时，获得1点魔力和2点战果。
2356,01从者\000已有从者\08ETC\月之癌-夏日BB\SKILL-黄金猪之杯.png,analyzed,5,SKILL-黄金猪之杯｜逐条语义审阅：米 力量 宝具 6K 黄金猪之杯 【真名解放】 行动阶段：与你位于同一战场的对手打出或使用技能牌时， 若其有消耗，该魔力消耗+3（最大为12）。 反转/战斗阶段：将你的战斗中除本牌的所有技能攻击的威力 设为0。
2357,01从者\000已有从者\08ETC\月之癌-夏日BB\atk-力量月之癌.png,analyzed,5,atk-力量月之癌｜逐条语义审阅：力量 月之癌 2 被动/行动阶段：弃置此牌，月之圣杯的事件牌效果只影响 你所在的地点。战斗结束后弃置月之圣杯事件牌。 行动阶段：将你所在地点的事件牌与一张月之圣杯的事件牌 互换。
2358,01从者\000已有从者\08ETC\月之癌-夏日BB\atk-敏捷月之癌.png,analyzed,5,atk-敏捷月之癌｜逐条语义审阅：敏捷 月之癌 2 6K 被动/行动阶段：弃置此牌，月之圣杯的事件牌效果只影响 你所在的地点。战斗结束后弃置月之圣杯事件牌。 行动阶段：将你所在地点的事件牌与一张月之圣杯的事件牌 互换。
2359,01从者\000已有从者\08ETC\月之癌-夏日BB\atk-魔术月之癌.png,analyzed,5,atk-魔术月之癌｜逐条语义审阅：魔术 月之癌 2 6K 被动/行动阶段：弃置此牌，月之圣杯的事件牌效果只影响 你所在的地点。战斗结束后弃置月之圣杯事件牌。 行动阶段：将你所在地点的事件牌与一张月之圣杯的事件牌 互换。
2360,01从者\000已有从者\08ETC\月之癌-夏日BB\夏日BB亲.png,analyzed,5,"夏日BB亲｜逐条语义审阅：Moon Cancer 夏日BB亲 米 2,2,4 米 Moon Cancer β Luck ? 2 Moon Cancer β Preparation * 2,2,4 X K Moon Cancer"
2361,01从者\000已有从者\08ETC\月之癌-夏日BB\奈亚.png,analyzed,5,"奈亚｜逐条语义审阅：Moon Cancer 奈亚BB亲 米 2,2,4 米 Moon Cancer β Luck 2 Moon Cancer β Preparation * 2,2,4 * Moon Cancer"
2362,01从者\000已有从者\08ETC\月之癌-夏日BB\火山女神.png,analyzed,5,"火山女神｜逐条语义审阅：Moon Cancei 火山女神BB亲 米 2,2,4 米 Moon Cancer ± Luck 2 @ Moon Cancer β Preparation ? × 2,2,4 × Moon Cancer"
2363,01从者\000已有从者\08ETC\月之癌-岸波白野\ATK-岸波白野 (1).png,analyzed,5,ATK-岸波白野 (1)｜逐条语义审阅：魔术 4& 支援：玉藻前 C3惩罚机制-被动：若你的技能区不存在【决胜截击者】， 你无法使用此牌的阶段能力。 狐之婚嫁-行动阶段：回合结束时，你获得2点魔力。
2364,01从者\000已有从者\08ETC\月之癌-岸波白野\ATK-岸波白野 (2).png,analyzed,5,ATK-岸波白野 (2)｜逐条语义审阅：米 力量 月之癌 4& 被动/行动阶段：弃置此牌，月之圣杯的事件牌效果只影响 你所在的地点。战斗结束后弃置月之圣杯事件牌。 行动阶段：将你所在地点的事件牌与一张月之圣杯的事件牌 互换。
2365,01从者\000已有从者\08ETC\月之癌-岸波白野\ATK-岸波白野 (3).png,analyzed,5,ATK-岸波白野 (3)｜逐条语义审阅：敏捷 月之癌 4& 被动/行动阶段：弃置此牌，月之圣杯的事件牌效果只影响 你所在的地点。战斗结束后弃置月之圣杯事件牌。 行动阶段：将你所在地点的事件牌与一张月之圣杯的事件牌 互换。
2366,01从者\000已有从者\08ETC\月之癌-岸波白野\ATK-岸波白野 (4).png,analyzed,5,ATK-岸波白野 (4)｜逐条语义审阅：魔术 月之癌 4& 被动/行动阶段：弃置此牌，月之圣杯的事件牌效果只影响 你所在的地点。战斗结束后弃置月之圣杯事件牌。 行动阶段：将你所在地点的事件牌与一张月之圣杯的事件牌 互换。
2367,01从者\000已有从者\08ETC\月之癌-岸波白野\ATK-岸波白野 (5).png,analyzed,5,ATK-岸波白野 (5)｜逐条语义审阅：米 力量 宝具 10K 支援：查理曼 ? C3 惩罚机制-被动：（略）王道遍及-唯一/被动/行动阶段： 弃置你手牌中的此牌，当你获胜时可以将一张你战斗中的事件 牌洗回牌库并获得其战果数一半的战果（向下取整），该效果 不会被局势牌禁止使用。 展示王勇-战斗阶段：抽一张事件 牌加入你的战场，你的所有攻击获得该事件牌上印刷的属性。
2368,01从者\000已有从者\08ETC\月之癌-岸波白野\ATK-岸波白野 (6).png,analyzed,5,ATK-岸波白野 (6)｜逐条语义审阅：宝具 15K 支援：吉尔伽美什 C3惩罚机制-被动：（略）天之锁-唯一/被动/行动阶段： 弃置你手牌中的此牌，其他玩家除非花费2点魔力，否则无 法进入或离开你所在的战场。该效果不会被局势牌禁止使用。 切裂世界-战斗阶段：令所有控制区 特殊属性宝具的交 战对手【败北】。
2369,01从者\000已有从者\08ETC\月之癌-岸波白野\ATK-岸波白野 (7).png,analyzed,5,ATK-岸波白野 (7)｜逐条语义审阅：米 力量 敏捷 魔术 宝具 支援：巨神阿提拉 13K X C3 惩罚机制-被动：（略）星之纹章-唯一/被动/行动阶段: 弃置你手牌中的此牌，你以常规出牌打出攻击时-X魔力消耗， X为你战场战果数最高的事件牌战果数的一半（向上取整）。 该效果不会被局势牌禁止使用。神之鞭-行动阶段：你的攻击 无法因其他能力被关闭或减少威力。
2370,01从者\000已有从者\08ETC\月之癌-岸波白野\ATK-岸波白野 (8).png,analyzed,5,ATK-岸波白野 (8)｜逐条语义审阅：米 力量 2 5K 支援：尼禄 C3惩罚机制-被动：若你的技能区不存在【决胜截击者】， 你无法使用此牌的阶段能力。 原初之火-行动阶段：打出一张攻击。
2371,01从者\000已有从者\08ETC\月之癌-岸波白野\ATK-岸波白野 (9).png,analyzed,5,ATK-岸波白野 (9)｜逐条语义审阅：敏捷 3K 支援：无名 C3惩罚机制-被动：若你的技能区不存在【决胜截击者】， 你无法使用此牌的阶段能力。 螺旋剑-行动阶段：将你的基础地利设置为4点。 战斗阶段：若你获胜，获得2点战果。
2372,01从者\000已有从者\08ETC\月之癌-岸波白野\httpssteamusercontentaakamaihdnetugc2497898254553600641DDCE0670D4E9E53C80944B4B6F75B65C924DC544.png,analyzed,5,httpssteamusercontentaakamaihdnetugc2497898254553600641DDCE0670D4E9E53C80944B4B6F75B65C924DC544｜逐条语义审阅：1010.001001001 火花路径 被动：你的常规出牌更改为进行两次，但每次常规出牌 仅可打出一张牌（仍需遵守其他相应规则，不影响追加） 被动/行动阶段：花费1点魔力，弃置你的手牌后抽3张牌， 每当你进行常规出牌后，你可以再次使用此效果。
2373,01从者\000已有从者\08ETC\月之癌-岸波白野\httpssteamusercontentaakamaihdnetugc2497898254553601153D372DBC852D5419C06C38A56F3987BD3852926D7.png,analyzed,5,httpssteamusercontentaakamaihdnetugc2497898254553601153D372DBC852D5419C06C38A56F3987BD3852926D7｜逐条语义审阅：100 1077 0000101000 火花路径∞ 00 1000 100 110 11010 被动：你的常规出牌更改为进行两次，但每次常规出牌 仅可打出一张牌（仍需遵守其他相应规则，不影响追加） 被动/行动阶段：花费1点魔力，弃置你的手牌后抽3张牌， 每当你进行常规出牌后，你可以再次使用此效果。
2374,01从者\000已有从者\08ETC\月之癌-岸波白野\httpssteamusercontentaakamaihdnetugc249789825455360163225088D291986C2345E3100031EFD95D2DB19CE14.png,analyzed,5,httpssteamusercontentaakamaihdnetugc249789825455360163225088D291986C2345E3100031EFD95D2DB19CE14｜逐条语义审阅：决胜截击者 C3惩罚机制-被动：若你的技能区不存在【决胜截击者】， 你无法使用岸波白野【支援】牌的阶段能力。该效果于 岸波白野不会因任何方式失效。被动/前哨阶段：展示牌 堆顶的一张事件牌，然后你选择：1.将其弃置。2.弃置 【月之圣杯】上的所有事件牌后将其放置于【月之圣杯】。
2375,01从者\000已有从者\08ETC\月之癌-岸波白野\httpssteamusercontentaakamaihdnetugc24978982545536023857BF2ECC9EFD09CE53185E1F05B1A4D7A773D56EC.png,analyzed,5,httpssteamusercontentaakamaihdnetugc24978982545536023857BF2ECC9EFD09CE53185E1F05B1A4D7A773D56EC｜逐条语义审阅：决胜截击者 C?惩罚机制-被动：若你的技能区不存在【决胜截击者】， 你无法使用岸波白野【支援】牌的阶段能力。该效果于 岸波白野不会因任何方式失效。被动/前哨阶段：展示牌 堆顶的一张事件牌，然后你选择：1.将其弃置。2.弃置 【月之圣杯】上的所有事件牌后将其放置于【月之圣杯】。
2376,01从者\000已有从者\08ETC\月之癌-岸波白野\httpssteamusercontentaakamaihdnetugc2497898254553602953CA0A084FF0C751B65049138ACD80587CBC378C6A.png,analyzed,5,httpssteamusercontentaakamaihdnetugc2497898254553602953CA0A084FF0C751B65049138ACD80587CBC378C6A｜逐条语义审阅：宝具 去记录吧 无人阅读的月之棺 【真名解放】 被动/行动阶段：花费1点魔力，从你的手牌或牌库打出一 张 ll 宝具牌。
2377,01从者\000已有从者\08ETC\月之癌-岸波白野\岸波白野-女.png,analyzed,5,岸波白野-女｜逐条语义审阅：岸波白野 米5 10 * Moon Cancer β Luck 3 13 Q Moon Cancer β Surveil X 4 15 * Moon Cacner β Preparation
2378,01从者\000已有从者\08ETC\月之癌-岸波白野\岸波白野-男.png,analyzed,5,岸波白野-男｜逐条语义审阅：岸波白野 米5 10 * Moon Cancer β Luck 3 13 Q Moon Cancer β Surveil Q X 4 15 × Moon Cacner β Preparation
2379,01从者\000已有从者\08ETC\月之癌-月姬Archetype Earth\Funny Vamp.png,analyzed,5,Funny Vamp｜逐条语义审阅：FunnyVamp 人类爱-被动/前哨阶段：花费3点魔力，打出一张你手牌、牌 库或弃牌堆的【月之癌】。你可令其获得以下一种职阶技能的 文字效果，每种效果每局游戏限一次。回合结束时，将其弃置。 1.【对魔力】2.【阵地作成】3.【单独行动】
2380,01从者\000已有从者\08ETC\月之癌-月姬Archetype Earth\千年城1.png,analyzed,5,千年城1｜逐条语义审阅：千年城 仅在响应效果时，此地点视为【月之圣杯】。 【Archetype:Earth】于此地点的米力量、&敏捷、×魔术 攻击获得威力+2。回合结束时，若【Archetype:Earth】位 于此地点且未赢得战斗胜利，移除此牌。
2381,01从者\000已有从者\08ETC\月之癌-月姬Archetype Earth\月之癌 (1).png,analyzed,5,月之癌 (1)｜逐条语义审阅：米 力量 月之癌 3 7& 行动阶段：移动至一处无人的【月之圣杯】。 苍蓝之月-战斗阶段：令所有位于【月之圣杯】且未与其他 人交战的对手失去1点战果，然后移动至你所在的战场。
2382,01从者\000已有从者\08ETC\月之癌-月姬Archetype Earth\月之癌 (5).png,analyzed,5,月之癌 (5)｜逐条语义审阅：敏捷 月之癌 7& 3 行动阶段：移动至一处无人的【月之圣杯】。 苍蓝之月-战斗阶段：令所有位于【月之圣杯】且未与其他 人交战的对手失去1点战果，然后移动至你所在的战场。
2383,01从者\000已有从者\08ETC\月之癌-月姬Archetype Earth\月之癌 (6).png,analyzed,5,月之癌 (6)｜逐条语义审阅：水魔术 X 月之癌 3 7& 行动阶段：移动至一处无人的【月之圣杯】。 苍蓝之月-战斗阶段：令所有位于【月之圣杯】且未与其他 人交战的对手失去1点战果，然后移动至你所在的战场。
2384,01从者\000已有从者\08ETC\月之癌-月姬Archetype Earth\月姬.png,analyzed,5,"月姬｜逐条语义审阅：Cancer Archetype:Earth 米 2,5 β Luck 米 Moon Cancer 2 β Luck Moon Cancer * 2,4,5 β Luck Moon Cancer"
2385,01从者\000已有从者\08ETC\月之癌-月姬Archetype Earth\空想具现化.png,analyzed,5,空想具现化｜逐条语义审阅：米 力量 敏捷 魔术 宝具 3& 空想具现化 6 【真名解放】 被动：当你获得战斗胜利时，若你所在的战场没有【千年城】，将 一张你技能区【千年城】的复制放置于你所在的战场。 原初之一-行动阶段：若你所在的战场没有【千年城】，将一张你 技能区【千年城】的复制放置于于你所在的战场，本回合你的【千 年城】不会被移除。
2386,01从者\000已有从者\08ETC\月之癌-杀生院（MoonCancer）diy\skills.png,non_rule,5,非规则/静态素材：skills；转写“Skill”，未发现可执行的阶段能力。
2387,01从者\000已有从者\08ETC\月之癌-杀生院（MoonCancer）diy\人鱼之肉.png,analyzed,5,人鱼之肉｜逐条语义审阅：米 力量 2 O3& 人鱼之肉 残留：此牌残留至打出后的第三个回合结束。 人鱼的滋养-回合开始时，若此牌位于攻击区，获得一个【滋养】标记。 当你需将一张杀生院祈荒（MoonCancer）的技能放置入场前，你可以关 闭此牌并移除相应的【滋养】标记，令其获得相应效果。 当此牌返回技能区时，移除所有的【滋养】标记。
2388,01从者\000已有从者\08ETC\月之癌-杀生院（MoonCancer）diy\化乐天·蛟蛤曼荼罗.png,analyzed,5,化乐天·蛟蛤曼荼罗｜逐条语义审阅：魔术 宝具 15K 化乐天·蛟蛤曼茶罗 【真名解放】 蛤御殿-滋养1/战斗阶段：令同一战场的对手【幻惑】至游戏结束。被【幻 惑】的玩家位于【月之圣杯】进行常规打牌时，需选择自己于本回合打出 的一张有卡牌文字效果的攻击失去所有卡牌文字效果。 幽世幻都-滋养2/行动阶段：此回合结束前，所有战场均视为【月之圣杯】。
2389,01从者\000已有从者\08ETC\月之癌-杀生院（MoonCancer）diy\月之癌.png,analyzed,5,月之癌｜逐条语义审阅：特殊 月之癌 理性迟滞-被动/行动阶段：弃置此牌，移动至【月之圣杯】或弃置一张 【月之圣杯】上的事件牌并抽取一张新的事件牌。 理性逸散-行动阶段：移动至【月之圣杯】或弃置一张【月之圣杯】上 的事件牌并抽取一张新的事件牌。你可于你的战斗阶段开始时花费2点 魔力重复此操作。 你获得因理性迟滞和理性逸散弃置的所有事件牌战果数的合计威力。
2390,01从者\000已有从者\08ETC\月之癌-杀生院（MoonCancer）diy\杀生院祈荒.png,analyzed,5,"杀生院祈荒｜逐条语义审阅：ancer 杀生院祈荒（MoonCancer) Luck X 米 2,3,4,5 Moon Cancer @2 Moon Cancer * 4,5,5 Moon Cancer"
2391,01从者\000已有从者\08ETC\月之癌-杀生院（MoonCancer）diy\神通力（墨).png,analyzed,5,神通力（墨)｜逐条语义审阅：魔术 ETEN-RM ZEPAL 3 5K 神通力（墨） 【真名解放】 滋养1/打出时：从你的牌库、手牌或弃牌堆将一张【月之癌】 加入攻击。 滋养2/打出时：此牌获得“残留：准备阶段开始时，你需要 花费1点魔力，否则关闭此牌。”
2392,01从者\000已有从者\08ETC\月之癌-杀生院（diy）\ATK-月之癌.png,analyzed,5,ATK-月之癌｜逐条语义审阅：月之癌 2 你获得所有因此牌被弃置的事件牌战果点数之和的合计威力。 被动/行动阶段：弃置一张【月之圣杯】的事件牌，无论是否 弃置，于原地点抽一张新的事件牌。回合结束时，弃置此牌。 胎藏拳-行动阶段：弃置一张你所在战场或【月之圣杯】的 事件牌，无论是否弃置，于原地点抽一张新的事件牌。
2393,01从者\000已有从者\08ETC\月之癌-杀生院（diy）\人鱼之肉.png,analyzed,5,人鱼之肉｜逐条语义审阅：米 力量 3K 人鱼之肉 残留：准备阶段，弃置一张【月之圣杯】上的事件牌或关闭 此牌。当你获得魔力时获得一半数量的【滋养】（向上取整） 异界作成-行动阶段：花费2点【滋养】，抽一张事件牌放置 于【月之圣杯】。
2394,01从者\000已有从者\08ETC\月之癌-杀生院（diy）\化乐天.png,analyzed,5,化乐天｜逐条语义审阅：宝具 3 6K 化乐天·蛟蛤曼茶罗 【真名解放】 一夏之幻-行动阶段：花费3点【滋养】并选择下列一项： 若风-移动至一处战场或【月之圣杯】。 若梦-将一张【月之癌】从牌库或弃牌堆加入你的手牌。 若天-令所有不位于战场的其他玩家移动至【月之圣杯】。
2395,01从者\000已有从者\08ETC\月之癌-杀生院（diy）\幽世幻都.png,analyzed,5,幽世幻都｜逐条语义审阅：宝具 -ba 幽世幻都 7 6K 残留：准备阶段，花费3点【滋养】或关闭此牌。 理性吞噬-行动阶段：花费3点【滋养】，与你位于同一战场 的所有对手无法以打出外的方式使用与你控制的其他攻击具 有相同属性的攻击。
2396,01从者\000已有从者\08ETC\月之癌-杀生院（diy）\杀生院祈荒.png,analyzed,5,"杀生院祈荒｜逐条语义审阅：MoonCancer 杀生院祈荒【MoonCancer】 米 2,2,4,5 β Luck 2 β Moon Cancer * 2,4,4,5 β Moon Cancer"
2397,01从者\000已有从者\08ETC\盾兵-小茄子玛修0v0\httpcloud3steamusercontentcomugc1769331939315179074E04E31DE4C7C6904119185D0D21E11B46BF53F9A.png,analyzed,5,httpcloud3steamusercontentcomugc1769331939315179074E04E31DE4C7C6904119185D0D21E11B46BF53F9A｜逐条语义审阅：米 力量 守护 5K 3 若玛修战败，将【守护】返还于玛修的手牌。若玛修未参与 此战斗，则将此牌【关闭】。你和玛修无视【败北】效果， 你们二人各自的合计威力变为你和玛修中合计威力最高的数 值。 行动阶段：玛修将【守护】借给一位对手直到战斗阶段结束。
2398,01从者\000已有从者\08ETC\盾兵-小茄子玛修0v0\奥特瑙斯.png,analyzed,5,奥特瑙斯｜逐条语义审阅：奥特瑙斯 被动：当你没有令咒时，你的从者真名隐藏。你不能再使 用【已然遥远的理想之城】或出借【守护】。【守护】的 基本威力翻倍。
2399,01从者\000已有从者\08ETC\盾兵-小茄子玛修0v0\已然遥远的理想之城.png,analyzed,5,已然遥远的理想之城｜逐条语义审阅：宝具 200K 已然遥远的理想之城 【真名解放】 行动阶段：选择一名玩家，其获得你所在战场的+2地利。 随后将他的地利翻倍
2400,01从者\000已有从者\08ETC\盾兵-小茄子玛修0v0\雪花之壁.png,analyzed,5,雪花之壁｜逐条语义审阅：米 力量 雪花之壁 7 2K 战斗阶段：将与你战斗的除了你给予【守护】的对手，每张 攻击威力-3。如果你已经【真名解放】则改为-4。
2401,01从者\000已有从者\08ETC\盾兵-小茄子玛修0v0\马修.png,analyzed,5,"马修｜逐条语义审阅：Shielder Mash Kyrielight 米Guard 米 2,3,3,4,4 米 Guard @ 2,3,3 β Surveil 7 Preparation"
2402,01从者\000已有从者\08ETC\裁决者-卑弥呼beta\httpcloud3steamusercontentcomugc20215867899147373992CFE1CD8BE4C90B3181C103D7034C2BECFEC85D5.png,unclear,5,OCR不明：httpcloud3steamusercontentcomugc20215867899147373992CFE1CD8BE4C90B3181C103D7034C2BECFEC85D5；现有转写为“专”，不足以判断规则，不据此提出operation。
2403,01从者\000已有从者\08ETC\裁决者-卑弥呼beta\httpcloud3steamusercontentcomugc2021591230423671382D9012C593F41E94BC00C27D639B7468A2BD6787D.png,unclear,5,OCR不明：httpcloud3steamusercontentcomugc2021591230423671382D9012C593F41E94BC00C27D639B7468A2BD6787D；现有转写为“3”，不足以判断规则，不据此提出operation。
2404,01从者\000已有从者\08ETC\裁决者-卑弥呼beta\httpcloud3steamusercontentcomugc2022715295179304348B519CF7107153ECB30EACADAA1BAE89D40BF545E.png,analyzed,5,"httpcloud3steamusercontentcomugc2022715295179304348B519CF7107153ECB30EACADAA1BAE89D40BF545E｜逐条语义审阅：Ruler 卑弥呼 米 3,3,4,5 Luck @ 2,3 β Luck × 3,3,4 β Preparation"
2405,01从者\000已有从者\08ETC\裁决者-卑弥呼beta\久远镜1.png,analyzed,5,久远镜1｜逐条语义审阅：魔术 宝具 5 09K 映像星辰之久远镜 【真名解放】 打出时：下个回合你可以额外使用两次【光之神谕】（无法 令同一名玩家选择两次相同选项）。
2406,01从者\000已有从者\08ETC\裁决者-卑弥呼beta\光之神谕.png,analyzed,5,光之神谕｜逐条语义审阅：光之神谕 被动/前哨阶段：选择下列一项： -令一名对手选择一项：“1.部署或重新部署于卑弥呼所在的 地点。2.本回合你无法进入卑弥呼所在的地点。” -令一名对手选择一项：“1.立即进行常规出牌。2.本回合除 常规移动，你仅可花费至多3点魔力。”
2407,01从者\000已有从者\08ETC\裁决者-卑弥呼beta\旧\久远镜.png,analyzed,5,久远镜｜逐条语义审阅：米 力量 宝具 70 3K 映像星辰之久远镜 【真名解放】 <每局游戏限一次> 残留：你无法移动或被移动。所有玩家获得“光之神谕-行 动阶段：向卑弥呼支付2点战果，将你的一张米力量基础牌 或攻击替换为+4威力的【狂战士】”
2408,01从者\000已有从者\08ETC\裁决者-卑弥呼beta\旧\巫女的魅力.png,analyzed,5,巫女的魅力｜逐条语义审阅：天然的肉体 精力充沛-被动：回合结束时，若你于本回合花费过2点或 更多的魔力，获得2点魔力。否则，失去2点魔力。 悠然自得-被动/行动阶段：若你进行过移动，获得你所在 战场的一处地利（即使其已被占据）。
2409,01从者\000已有从者\08ETC\裁决者-卑弥呼beta\旧\神道.png,analyzed,5,神道｜逐条语义审阅：魔术 神道 0V 行动阶段：选择下列一项： 星辰-令所有与你位于同一地点的其他玩家分别获得一枚 【裁决者令咒】，你无法于本回合使用这些【裁决者令咒】。 深渊-战斗阶段：四倍化你的地利，若你获胜，你于下个回 合开始时必须部署于该战场且无法离开。
2410,01从者\000已有从者\08ETC\裁决者-卑弥呼beta\鬼道.png,analyzed,5,鬼道｜逐条语义审阅：魔术 鬼道 3 3K 镜之盾-行动阶段：选择一张你战斗中的激活攻击，将其威 力减半（向下取整）。 圣洁之土-战斗阶段：下个回合，局势牌不会禁止你 宝具 的使用且你于下回合翻倍你的地利。
2411,01从者\000已有从者\08ETC\裁决者-卡尔大帝diy\3.3更新卡尔大帝.jpg,analyzed,5,"3.3更新卡尔大帝｜逐条语义审阅：卡尔大帝 *2,3,5,5 Luck ? 2,2,4 Preparation 2,2,5"
2412,01从者\000已有从者\08ETC\裁决者-卡尔大帝diy\3.3更新裁决者.jpg,analyzed,5,3.3更新裁决者｜逐条语义审阅：裁决者 1& 此牌及其效果不可被复制或盗用。 <每局游戏限三次> 神明裁决-行动阶段：令两名其他玩家获得一枚【裁决者令 咒】来对其束缚，你仅可束缚本局游戏束缚次数最少的玩家。 只有进行束缚的裁决者可以于自己的行动阶段对被束缚者 使用【裁决者令咒】。
2413,01从者\000已有从者\08ETC\裁决者-卡尔大帝diy\3.5祈福.png,analyzed,5,3.5祈福｜逐条语义审阅：米 力量 宝具 祈福吧，神就在天上 4 5K 【真名解放】 典礼改革-被动：当你真名解放后，所有裁决者令咒的第三项效 果均更改为“行动阶段：令裁决者获得4点合计威力。” 大帝特权-行动阶段：若你使用了【裁决者令咒】，令此牌变为 一项常规职阶技能（狂战士为米力量，3/7）直至战斗阶段结束。
2414,01从者\000已有从者\08ETC\裁决者-卡尔大帝diy\3.6机动圣都.png,analyzed,5,3.6机动圣都｜逐条语义审阅：宝具 机动圣都 X X& 【真名解放】 X为14－（当前回合数×2）且此牌首次被使用后不再更改 被动/前哨阶段：将不位于你区域的此牌移动至一处相邻的地点或加入攻击。 被动/行动阶段：花费×点魔力将此牌放置于一处非侦查地点。此牌不位于 你的区域内时，拥有仅供你部署的位置并获得相应效果。当此牌移动时， 你视为进行移动后仍部署于该位置。魔术工房－+3魔力战场－+4地利
2415,01从者\000已有从者\08ETC\裁决者-卡尔大帝diy\skills.png,non_rule,5,非规则/静态素材：skills；转写“Skill”，未发现可执行的阶段能力。
2416,01从者\000已有从者\08ETC\裁决者-卡尔大帝diy\旧\3.3更新机械圣都.jpg,analyzed,5,3.3更新机械圣都｜逐条语义审阅：宝具 机动圣都 XO XK 【真名解放】 <每局游戏限一次> X为14-（当前回合数×2）且此牌被使用后不再更改 被动/前哨阶段：将不位于你区域的此牌移动至一处相邻的地点或加入攻击。 被动/行动阶段：花费X点魔力将此牌放置于一处地点，此牌不位于你的区 域内时，拥有仅供你部署的位置并根据此牌所在的地点获得相应效果。 魔术工房－+3魔力位置战场-+4地利位置侦查-一处额外的侦查位置
2417,01从者\000已有从者\08ETC\裁决者-卡尔大帝diy\旧\3.3更新祈福.jpg,analyzed,5,3.3更新祈福｜逐条语义审阅：米 力量 宝具 4 5K 祈福吧，神就在天上 【真名解放】 典礼改革-被动：当你真名解放后，所有裁决者令咒的第三项效 果均更改为“行动阶段：令裁决者获得4点合计威力。” 大帝特权-行动阶段：若你使用了【裁决者令咒】，令此牌变为 一项常规职阶技能（狂战士为米力量，3/7）直至战斗阶段结束。
2418,01从者\000已有从者\08ETC\裁决者-卡尔大帝diy\旧\3.4.1更新激动圣都.png,analyzed,5,3.4.1更新激动圣都｜逐条语义审阅：宝具 XO X& 机动圣都 【真名解放】 X为14－（当前回合数×2）且此牌首次被使用后不再更改 被动/前哨阶段：将不位于你区域的此牌移动至一处相邻的地点或加入攻击。 被动/行动阶段：花费X点魔力将此牌放置于一处非侦查地点，此牌不位于 你的区域内时，拥有仅供你部署的位置并获得相应效果。 魔术工房－+3魔力位置战场－+4地利位置
2419,01从者\000已有从者\08ETC\裁决者-卡尔大帝diy\旧\卡尔大帝.png,analyzed,5,"卡尔大帝｜逐条语义审阅：卡尔大帝 米 2,3,5,5 β Luck 2,2,4 β Luck × 2,2,5"
2420,01从者\000已有从者\08ETC\裁决者-卡尔大帝diy\旧\机动圣都.png,analyzed,5,机动圣都｜逐条语义审阅：宝具 XO XK 机动圣都 【真名解放】 <每局游戏限一次> X为14－（当前回合数×2）且打出后不再更改 打出时：将此牌放置于你所在的战场，此牌位于战场且不位于攻击区时，所有玩家 获得：“行动阶段：向卡尔大帝支付1点魔力，若【机动圣都】位于战场且不位于 攻击区，本回合你位于其所在的战场时，攻击因局势牌和事件牌提升的威力翻倍。 被动/行动阶段：若你与打出的此牌位于同一战场，将此牌加入攻击。
2421,01从者\000已有从者\08ETC\裁决者-卡尔大帝diy\旧\祈福吧，神就在天上.png,analyzed,5,祈福吧，神就在天上｜逐条语义审阅：米 力量 宝具 5K 祈福吧，神就在天上 4 【真名解放】 打出时：你可支付此牌的魔力消耗，令此牌基本威力翻倍直至回合结束。 典礼改革-被动：所有【裁决者令咒】无法提供战果。 大帝特权-被动：你的【裁决者令咒】获得：“行动阶段：展示此名角色卡盒印刷的职阶， 若为【裁决者】，令其于战斗阶段开始时【败北】。否则，【祈福吧，神就在天上】获得 此职阶技能或职阶牌的文字描述效果及属性直至下回合结束。其上提到的职阶或从者名 均视为你。”（狂战士的效果为：“狂化-此卡+4威力并获得任意一种属性”）
2422,01从者\000已有从者\08ETC\裁决者-卡尔大帝diy\旧\裁决者令咒新.png,analyzed,5,裁决者令咒新｜逐条语义审阅：裁决者 4 <每局游戏限一次> 此牌及其效果不可被复制或盗用。 神明裁决-行动阶段：依轮次顺序，令一名拥有【裁决者令咒】 数量最少的其他玩家获得一枚【裁决者令咒】，总共执行6次。 【裁决者令咒】仅有【裁决者】可以对其使用。
2423,01从者\000已有从者\08ETC\裁决者-夏洛特福尔摩斯\夏洛克·福尔摩斯.png,analyzed,5,"夏洛克·福尔摩斯｜逐条语义审阅：Ruler 夏洛克·福尔摩斯 米 β Surveil Luck @ 2,3,5 Preparation Luck * 2,3,4,5 Luck"
2424,01从者\000已有从者\08ETC\裁决者-夏洛特福尔摩斯\空屋历险.png,analyzed,5,空屋历险｜逐条语义审阅：魔術 空屋历险 XO 3K X等于玩家数减去回合数。 残留：当你部署于魔术工房时，获得1点魔力且进行一次 【逆推法】。
2425,01从者\000已有从者\08ETC\裁决者-夏洛特福尔摩斯\这是常识，我亲爱的朋友啊.png,analyzed,5,这是常识，我亲爱的朋友啊｜逐条语义审阅：宝具 6 这是常识，我亲爱的朋友啊 4 【真名解放】 战斗阶段：你所在地点的一名对手展示其手牌与其打出的暗 置牌，若其展示了一张你以【逆推法】记录的卡牌，触发【 逆推法】并令其【败北】。
2426,01从者\000已有从者\08ETC\裁决者-夏洛特福尔摩斯\逆推法.png,analyzed,5,逆推法｜逐条语义审阅：逆推法 秘密记录一种攻击类型。当一名其他玩家打出相对应的基 础牌时，翻开并弃置秘密记录的牌获得一点战果，然后你 可以再进行一次【逆推法】。如果回合结束时尚有未触发 的【逆推法】，失去3点战果然后将其弃置。
2427,01从者\000已有从者\08ETC\裁决者-天草四郎时贞\3.3更新裁决者.jpg,analyzed,5,3.3更新裁决者｜逐条语义审阅：裁决者 1& 此牌及其效果不可被复制或盗用。 <每局游戏限三次> 神明裁决-行动阶段：令两名其他玩家获得一枚【裁决者令 咒】来对其束缚，你仅可束缚本局游戏束缚次数最少的玩家。 只有进行束缚的裁决者可以于自己的行动阶段对被束缚者 使用【裁决者令咒】。
2428,01从者\000已有从者\08ETC\裁决者-天草四郎时贞\Amakusa Shirou Tokisada.png,analyzed,5,"Amakusa Shirou Tokisada｜逐条语义审阅：Ruler Amakusa Shirou Tokisada 米 2,3 Luck @ 2,3,4,5 Luck * 3,3,4 Preparation"
2429,01从者\000已有从者\08ETC\裁决者-天草四郎时贞\奇术师.png,analyzed,5,奇术师｜逐条语义审阅：宝具 奇术师 10 2K 战斗阶段：花费3点魔力，抽取一位对手牌堆顶的一张牌并 将之加入你的攻击。【奇术师】获得该牌的属性，且你可以 使用该牌的【行动阶段】能力，战斗后将那张牌返回原主的 弃牌堆。每回合你可使用两次此能力。
2430,01从者\000已有从者\08ETC\裁决者-天草四郎时贞\旧版\裁决者新.png,analyzed,5,裁决者新｜逐条语义审阅：裁决者 4 <每局游戏限一次> 此牌及其效果不可被复制或盗用。 神明裁决-行动阶段：依轮次顺序，令一名拥有【裁决者令咒】 数量最少的其他玩家获得一枚【裁决者令咒】，总共执行6次。 【裁决者令咒】仅有【裁决者】可以对其使用。
2431,01从者\000已有从者\08ETC\裁决者-天草四郎时贞\零次集束.png,analyzed,5,零次集束｜逐条语义审阅：魔术 宝具 X& 双腕·零次集束 7 【真名解放】 <每局游戏限一次> X=以此牌效果移除的事件牌的印刷战果数总和的2倍 打出时：将所有正面向上的事件牌移除游戏。
2432,01从者\000已有从者\08ETC\裁决者-始皇帝2.7diy\atk-护卫队长.png,analyzed,5,atk-护卫队长｜逐条语义审阅：迅捷 305& 护卫队长 战斗失败时，将此牌移除游戏。 行动阶段：你所有基本威力为1或2的攻击变为5。 行动阶段：若韩信在场，二者皆获得米力量属性。 被动：如果你使用此牌战败了，将此牌移除游戏。
2433,01从者\000已有从者\08ETC\裁决者-始皇帝2.7diy\atk-韩信.png,analyzed,5,atk-韩信｜逐条语义审阅：特殊 韩信 20 1K 战斗失败时，将此牌移除游戏。 打出时：从以下效果选择一项： 一从牌库顶打出2张牌； 一将自己从桌面移除并再次部署； 一所在战场的地利翻倍。
2434,01从者\000已有从者\08ETC\裁决者-始皇帝2.7diy\skill始皇帝.png,analyzed,5,skill始皇帝｜逐条语义审阅：宝具 1000K 始皇帝 【真名解放】 <每局游戏限一次> 残留：你拥有3次【诏令】，当【诏令】用完时，将此牌移 除游戏。你可于前哨阶段使用一次【诏令】，然后本回合中 所有玩家的攻击牌获得效果“打出时：此牌基本威力变为2 点。”
2435,01从者\000已有从者\08ETC\裁决者-始皇帝2.7diy\书当楚.png,analyzed,5,书当楚｜逐条语义审阅：魔術 3 2& 书当焚 被动/前哨阶段：你拥有的魔力少于8点也可打出此牌。 打出时：当你的交战对手消耗或失去魔力时，额外失去2点 魔力。若【始皇帝】本回合已经激活，其【诏令】效果会持 续生效至下回合结束。
2436,01从者\000已有从者\08ETC\裁决者-始皇帝2.7diy\儒应坑.png,analyzed,5,儒应坑｜逐条语义审阅：儒应坑 被动/前哨阶段；花费2点魔力或将牌库顶的一张牌从游戏中 除外。当你处于战场时，你的交战对手的地利变为负值，若 【始皇帝】本回合已经激活，你的交战对手无法离开此战场。
2437,01从者\000已有从者\08ETC\裁决者-始皇帝2.7diy\始皇帝.png,analyzed,5,"始皇帝｜逐条语义审阅：始皇帝 米 2,3,5 护卫队长 @ 2,3,5 韩信 × 2,3,5 幸运"
2438,01从者\000已有从者\08ETC\裁决者-始皇帝diy\3.4.1更新始皇帝.png,analyzed,5,3.4.1更新始皇帝｜逐条语义审阅：宝具 XO2& 始皇帝 【真名解放】 X=7－你本局游戏获胜的次数 万里长城-所有玩家无法移动且其控制的攻击基本威力降低至 2点，该效果无法被任何方式阻止。 一统六合-被动/准备阶段：打出此牌。此牌仅可以此方式入场。
2439,01从者\000已有从者\08ETC\裁决者-始皇帝diy\3.4.1更新永世帝位.png,analyzed,5,3.4.1更新永世帝位｜逐条语义审阅：宝具 永世帝位 X? 2K 【真名解放】 X = 8－当前回合数 四海八荒-残留：准备阶段，弃置一张手牌并选择其一种属 性或关闭此牌。你控制的攻击获得被选择的属性，所有玩家 控制的该属性的攻击不会被你和自身以外的玩家能力影响。
2440,01从者\000已有从者\08ETC\裁决者-始皇帝diy\奏疏x7（正反相同.png,analyzed,5,奏疏x7（正反相同｜逐条语义审阅：奏疏 <每局游戏限一次> 被动：若你与【始皇帝】位于同一战场且不是【始皇帝】，你 不能使用此牌。当你淘汰时，令【始皇帝】获得此牌。 圣恩-唯一/行动阶段：向【始皇帝】支付1点战果后选择一项： 1.获得2点地利2.免费打出一张手牌3.移动至一处战场
2441,01从者\000已有从者\08ETC\裁决者-始皇帝diy\始皇帝.png,analyzed,5,"始皇帝｜逐条语义审阅：Ruler 始皇帝 米 2,3,4 冈 Luck 2,3,4 β Surveil × 2,3,4 β Preparation"
2442,01从者\000已有从者\08ETC\裁决者-始皇帝diy\始皇帝技能.png,analyzed,5,始皇帝技能｜逐条语义审阅：宝具 始皇帝 【真名解放】 <每局游戏限一次> 法政之容-被动/准备阶段：令一名拥有【奏疏】数量最少 的玩家获得一枚【奏疏】，总共执行7次。 【奏疏】仅可被其拥有者使用。
2443,01从者\000已有从者\08ETC\裁决者-始皇帝diy\旧\3.1更新 (1).png,analyzed,5,3.1更新 (1)｜逐条语义审阅：宝具 永世帝位 X 2K 【真名解放】 X为14-（当前回合数×2） 四海八荒-残留：准备阶段，弃置一张手牌并选择其一种属 性，你控制的攻击获得该属性且所有玩家控制的具有该属性 的牌不会被始皇帝和自己以外的其他玩家的能力所影响。
2444,01从者\000已有从者\08ETC\裁决者-始皇帝diy\旧\3.1更新 (2).png,analyzed,5,3.1更新 (2)｜逐条语义审阅：宝具 始皇帝 2K 6 【真名解放】 一统六合-被动/准备阶段：支付此牌的魔力消耗将其加入攻 击，此牌不能通过其他任何方式入场。 万里长城-所有玩家无法移动或被移动，且其攻击的基本威 力降低至2点。
2445,01从者\000已有从者\08ETC\裁决者-始皇帝diy\旧\始皇帝大招.png,analyzed,5,始皇帝大招｜逐条语义审阅：宝具 70 始皇帝 2K 【真名解放】 被动/准备阶段：支付此牌的魔力消耗将其加入攻击，此牌 不能通过其他任何方式入场。 万里长城-本回合内，所有玩家无法移动或被移动，且其攻 击的基本威力降低至2点。
2446,01从者\000已有从者\08ETC\裁决者-始皇帝diy\旧\永世帝位.png,analyzed,5,永世帝位｜逐条语义审阅：宝具 X 2K 永世帝位 【真名解放】 X为14-（当前回合数×2） 四海八荒-残留：准备阶段，展示一张手牌并选择其的一种属性，本 回合内，你打出的攻击获得该属性且所有玩家打出或加入攻击的该属 性的牌不会被你和自已以外的其他玩家的能力所影响。
2447,01从者\000已有从者\08ETC\裁决者-摩根\3.3更新来自止境.jpg,analyzed,5,3.3更新来自止境｜逐条语义审阅：Noble Phantasm 来自止境 被动/前哨阶段：花费一枚令咒或裁决者令咒，本回合摩 根成为【狂战士】且她的×魔术攻击与【远隔操作】 获得 宝具属性和+3威力。
2448,01从者\000已有从者\08ETC\裁决者-摩根\3.3更新裁决者.jpg,analyzed,5,3.3更新裁决者｜逐条语义审阅：裁决者 1& 此牌及其效果不可被复制或盗用。 <每局游戏限三次> 神明裁决-行动阶段：令两名其他玩家获得一枚【裁决者令 咒】来对其束缚，你仅可束缚本局游戏束缚次数最少的玩家。 只有进行束缚的裁决者可以于自己的行动阶段对被束缚者 使用【裁决者令咒】。
2449,01从者\000已有从者\08ETC\裁决者-摩根\3.6更新.png,analyzed,5,3.6更新｜逐条语义审阅：魔术 5 10% 业已无法抵达的理想乡 【真名解放】 止境-被动：当你赢得一场战斗，移除所有摩根已激活的 宝具牌。当你以此法移除第七张牌后，获得游戏胜利。此效 果于摩根不会因任何方式失效（包括但不限于此牌失去卡牌 文字效果、被移除）。
2450,01从者\000已有从者\08ETC\裁决者-摩根\摩根.png,analyzed,5,"摩根｜逐条语义审阅：摩根 Luck 米 2,3 Luck ? 3 Preparation * 3,4,4,5,5 Preparation"
2451,01从者\000已有从者\08ETC\裁决者-摩根\旧\3.1更新 (1).png,analyzed,5,3.1更新 (1)｜逐条语义审阅：魔术 5 9K 业已无法抵达的理想乡 【真名解放】 止境-被动：当你赢得一场战斗，移除所有摩根已激活的 宝具牌。当你以此法移除第七张牌后，获得游戏胜利。此效 果于摩根不会因任何方式失效（包括但不限于此牌失去卡牌 文字效果、被移除）。
2452,01从者\000已有从者\08ETC\裁决者-摩根\旧\3.1更新 (2).png,analyzed,5,3.1更新 (2)｜逐条语义审阅：来自止境 被动/前哨阶段：每局游戏限一次，花费共计5枚令咒和/或 裁决者令咒，摩根技能区和控制的×魔术攻击与【远隔 操作】获得 宝具属性和“行动阶段：此牌+3威力。” 直至游戏结束。
2453,01从者\000已有从者\08ETC\裁决者-摩根\旧\摩根.png,analyzed,5,"摩根｜逐条语义审阅：Ruler 摩根 Luck 米 2,3 Luck 3 Preparation * 3,4,4,5,5 Preparation"
2454,01从者\000已有从者\08ETC\裁决者-摩根\旧\来自止境.png,analyzed,5,来自止境｜逐条语义审阅：来自止境 <每局游戏限一次> 被动/行动阶段：花费共计5枚令咒和/或裁决者令咒。摩根 成为【狂战士】且她的×魔术攻击与【远隔操作】获得 +3威力和 宝具属性直至游戏结束（无论攻击位于何处）。
2455,01从者\000已有从者\08ETC\裁决者-摩根\旧\理想乡.png,analyzed,5,理想乡｜逐条语义审阅：魔术 $ 5 09K 业已无法抵达的理想乡 【真名解放】 止境-被动：当你赢得一场战斗，移除所有摩根已激活的 宝具牌。当你以此法移除第七张牌后，获得游戏胜利。此效 果于摩根不会因任何方式失效（包括但不限于此牌失去卡牌 文字效果、被移除）。
2456,01从者\000已有从者\08ETC\裁决者-摩根\旧\裁决者令咒新.png,analyzed,5,裁决者令咒新｜逐条语义审阅：裁决者 4 <每局游戏限一次> 此牌及其效果不可被复制或盗用。 神明裁决-行动阶段：依轮次顺序，令一名拥有【裁决者令咒】 数量最少的其他玩家获得一枚【裁决者令咒】，总共执行6次。 【裁决者令咒】仅有【裁决者】可以对其使用。
2457,01从者\000已有从者\08ETC\裁决者-玛尔达diy\3.1更新 (2).png,analyzed,5,3.1更新 (2)｜逐条语义审阅：米 力量 宝具 8 2K 狂暴的悲哀之龙啊 【真名解放】 雅各布的追随者-行动阶段：此牌威力翻倍。 战斗阶段：此牌威力翻倍。
2458,01从者\000已有从者\08ETC\裁决者-玛尔达diy\3.4.1更新玛尔达.png,analyzed,5,"3.4.1更新玛尔达｜逐条语义审阅：Ruler 玛尔达 米 2,2,3,5,5 β Luck @2 β Luck × 2,3,4 β Luck"
2459,01从者\000已有从者\08ETC\裁决者-玛尔达diy\3.4.1更新铁拳.png,analyzed,5,3.4.1更新铁拳｜逐条语义审阅：art 铁拳圣裁 圣女的教示-被动：当你赢得争夺战时，令所有于该战斗 战败的玩家获得一枚【裁决者令咒】，你无法以【裁决者 令咒】移动其他玩家。 堂堂正正-被动/前哨阶段：将一张你手牌中的【幸运】移 除游戏，你抽一张牌并令获得一枚临时的【裁决者令咒】。
2460,01从者\000已有从者\08ETC\裁决者-玛尔达diy\旧\3.1更新 (1).png,analyzed,5,3.1更新 (1)｜逐条语义审阅：特殊 7K 水边圣女 4 天性的肉体（海）-被动：当你位于【地脉】所在的地点时， 你的米力量攻击威力+2。 行动阶段：选择一张【地脉】加入你所在的战场（无论其在 何处）并令其战果点数变为0，回合结束时，令该【地脉】 返回原本所在的位置。
2461,01从者\000已有从者\08ETC\裁决者-玛尔达diy\旧\3.1更新 (3).png,analyzed,5,3.1更新 (3)｜逐条语义审阅：arC 铁拳圣裁 圣女的教示-被动：当你赢得争夺战时，令所有于该战斗 战败的玩家获得一枚【裁决者令咒】，你无法以【裁决者 令咒】移动玩家。 堂堂正正-被动/前哨阶段：将一张你手牌中的【幸运】移 除游戏，抽一张牌。令你自己获得一枚【裁决者令咒】。
2462,01从者\000已有从者\08ETC\裁决者-玛尔达diy\旧\水边圣女.png,analyzed,5,水边圣女｜逐条语义审阅：特殊 5 7& 水边圣女 天性的肉体（海）－被动：当你位于【地脉】所在的地点时， 你的米力量攻击威力+X，X为一张【地脉】提及的魔力值。 行动阶段：选择一张【地脉】加入你所在的战场（无论其 在何处），回合结束时，令其返回原本所在的位置。
2463,01从者\000已有从者\08ETC\裁决者-玛尔达diy\旧\狂暴的悲哀之龙.png,analyzed,5,狂暴的悲哀之龙｜逐条语义审阅：米 力量 宝具 7 2K 狂暴的悲哀之龙啊 【真名解放】 雅各布的追随者-行动阶段：此牌威力翻倍。 战斗阶段：此牌威力翻倍。
2464,01从者\000已有从者\08ETC\裁决者-玛尔达diy\旧\玛尔达.png,analyzed,5,"玛尔达｜逐条语义审阅：Ruler 玛尔达 米 2,4,4,5,5 β Luck @2 β Luck × 2,3,4 β Luck"
2465,01从者\000已有从者\08ETC\裁决者-玛尔达diy\旧\铁拳圣裁.png,analyzed,5,铁拳圣裁｜逐条语义审阅：arC 铁拳圣裁 圣女的教示-被动：当你赢得争夺战时，令所有于该战斗 战败的玩家获得一枚【裁决者令咒】。 堂堂正正-被动/前哨阶段：将一张你手牌中的【幸运】移 除游戏，抽一张牌。令你自已获得一枚【裁决者令咒】。
2466,01从者\000已有从者\08ETC\裁决者-玛尔达diy\水边圣女3.1.3更新.jpg,analyzed,5,水边圣女3.1.3更新｜逐条语义审阅：特殊 7& 水边圣女 天性的肉体（海）一被动：若你所在的战场的事件牌描述中 提及获得魔力或节省魔力，你的米力量攻击+2威力。 行动阶段：从事件牌牌堆、弃牌堆或移除区中选择一张提及 获得魔力或节省魔力且属于原事件牌堆的事件牌加入你所在 的战场，回合结束时，令其返回原本所在的位置。
2467,01从者\000已有从者\08ETC\裁决者-莫里亚蒂diy\3.2更新数理恶性摘除.jpg,analyzed,5,3.2更新数理恶性摘除｜逐条语义审阅：魔术 宝具 4 8K 数理恶性摘除 【真名解放】 被动：当一名玩家淘汰时，你获得其属于你的【裁决者令咒】。 终局的方程式-行动阶段：对一名拥有你【裁决者令咒】的 玩家使用一项【裁决者令咒】的能力，然后立即结束你的行 动阶段。
2468,01从者\000已有从者\08ETC\裁决者-莫里亚蒂diy\3.2更新阴谋构造.jpg,analyzed,5,3.2更新阴谋构造｜逐条语义审阅：特殊 不支付→6面骰 1点魔力→8面骰 1点战果→12面骰 阴谋构造 7 残留：你无法使用不位于你区域的【裁决者令咒】，每当一名对手首次因 骰子的选择掷骰点数小于5时，此牌+1威力直至游戏结束（至多+6）。 骰子的选择-准备阶段：令所有拥有你的【裁决者令咒】的玩家进行一次 掷骰。若其点数小于5，属于该对手的职阶技能、职阶牌或【裁决者令咒】 掷骰前，其可更换用骰并向你支付相应战果或魔力。
2469,01从者\000已有从者\08ETC\裁决者-莫里亚蒂diy\3.3更新裁决者.jpg,analyzed,5,3.3更新裁决者｜逐条语义审阅：裁决者 1& 此牌及其效果不可被复制或盗用。 <每局游戏限三次> 神明裁决-行动阶段：令两名其他玩家获得一枚【裁决者令 咒】来对其束缚，你仅可束缚本局游戏束缚次数最少的玩家。 只有进行束缚的裁决者可以于自己的行动阶段对被束缚者 使用【裁决者令咒】。
2470,01从者\000已有从者\08ETC\裁决者-莫里亚蒂diy\旧版技能\数理恶性摘除.png,analyzed,5,数理恶性摘除｜逐条语义审阅：魔术 宝具 4 9K 数理恶性摘除 【真名解放】 恐慌减免-被动：你无法通过终局的方程式以外的方式使用【裁决者令 咒】，当一名玩家淘汰时，你获得其所有归属于你的【裁决者令咒】。 终局的方程式-行动阶段：使用一名同一地点的玩家的，你的【裁决者 令咒】的行动阶段能力。你每支付4点魔力，便可选择一项： 一使用任意次终局的方程式。-更改为于战斗阶段使用终局的方程式。
2471,01从者\000已有从者\08ETC\裁决者-莫里亚蒂diy\旧版技能\新数理.png,analyzed,5,新数理｜逐条语义审阅：魔术 宝具 4 9K 数理恶性摘除 【真名解放】 恐慌减免-被动：你无法使用位于其他玩家处的【裁决者令咒】，当一 名玩家淘汰时，你获得其所有归属于你的【裁决者令咒】。 终局的方程式-行动阶段：选择一名拥有你的【裁决者令咒】玩家，对 其使用一项【裁决者令咒】的能力（不会移除令咒）。你可以支付2点 魔力，额外选择一名玩家使用。
2472,01从者\000已有从者\08ETC\裁决者-莫里亚蒂diy\旧版技能\裁决者新.png,analyzed,5,裁决者新｜逐条语义审阅：裁决者 4 <每局游戏限一次> 此牌及其效果不可被复制或盗用。 神明裁决-行动阶段：依轮次顺序，令一名拥有【裁决者令咒】 数量最少的其他玩家获得一枚【裁决者令咒】，总共执行6次。 【裁决者令咒】仅有【裁决者】可以对其使用。
2473,01从者\000已有从者\08ETC\裁决者-莫里亚蒂diy\旧版技能\阴谋构造.png,analyzed,5,阴谋构造｜逐条语义审阅：特殊 700K 阴谋构造 【真名解放】 般子的选择-残留：准备阶段，所有其他拥有你的【裁决者令咒】的玩家进行一次掷骰。 掷骰前，其可以向你支付魔力或战果更换用骰： 不支付-四面骰1点魔力-六面骰1点战果-八面骰1点魔力和战果-十二面骰 若其点数小于4，属于该对手的职阶技能、职阶牌或【裁决者令咒】失去所有非“残留” 的卡牌文字效果（包括‘残留：’后的卡牌文字效果，【阵地作成】的魔力消耗仅在打出 时视为16）直至回合结束。 被动：此牌威力+X，X为因般子的选择掷骰点数小于过4的对手数（即使其被淘汰）。
2474,01从者\000已有从者\08ETC\裁决者-莫里亚蒂diy\莫里亚蒂.png,analyzed,5,"莫里亚蒂｜逐条语义审阅：Ruler 詹姆斯·莫里亚蒂 米 2,3,4 冈 Luck 2,3,4 β Surveil × 3,4,5 β Preparation"
2475,01从者\000已有从者\08ETC\裁决者-贞德\3.1更新.png,analyzed,5,3.1更新｜逐条语义审阅：裁决者 4 <每局游戏限一次> 此牌及其效果不可被复制或盗用。 神明裁决-行动阶段：依轮次顺序，令一名拥有【裁决者令咒】 数量最少的其他玩家获得一枚【裁决者令咒】，总共执行6次。 【裁决者令咒】仅有【裁决者】可以对其使用。
2476,01从者\000已有从者\08ETC\裁决者-贞德\3.3更新裁决者.jpg,analyzed,5,3.3更新裁决者｜逐条语义审阅：裁决者 1& 此牌及其效果不可被复制或盗用。 <每局游戏限三次> 神明裁决-行动阶段：令两名其他玩家获得一枚【裁决者令 咒】来对其束缚，你仅可束缚本局游戏束缚次数最少的玩家。 只有进行束缚的裁决者可以于自己的行动阶段对被束缚者 使用【裁决者令咒】。
2477,01从者\000已有从者\08ETC\裁决者-贞德\吾主在此.png,analyzed,5,吾主在此｜逐条语义审阅：宝具 3K 吾主在此 4 【真名解放】 被动/战斗阶段：场上每有一张正面表示的【幸运】牌，便获 得合计威力+2。 行动阶段：所有玩家抽一张牌。所有【幸运】牌获得：“被 动/战斗阶段：打出此牌。”
2478,01从者\000已有从者\08ETC\裁决者-贞德\红莲圣女.png,analyzed,5,红莲圣女｜逐条语义审阅：宝具 红莲圣女 8K 【真名解放】 <每局游戏限一次> 战斗阶段：使所有参与这场战斗的玩家【败北】。
2479,01从者\000已有从者\08ETC\裁决者-贞德\裁决者.png,analyzed,5,裁决者｜逐条语义审阅：裁决者 <每局游戏一次> 被动/行动阶段：给一名拥有[裁决者令咒]数量最少 的对手一枚[裁决者令咒]，总共执行6次。 只有裁决者可以使用这些[裁决者令咒]。
2480,01从者\000已有从者\08ETC\裁决者-贞德\贞德.png,analyzed,5,"贞德｜逐条语义审阅：Ruler 贞德 米 2,3,4 Luck Luck @ 2,3 Luck Surveil ×3 Luck Surveil"
2481,01从者\000已有从者\08ETC\裁决者-达芬奇\3.8更新 (1).png,analyzed,5,3.8更新 (1)｜逐条语义审阅：宝具 难忘暑假，白垩之梦 4K Fiamma－战斗阶段：将你的基础地利变为4点，你的攻击 获得米力量属性并失去其他属性。Vento－战斗阶段： 打出1张手牌，你的攻击获得&敏捷属性并失去其他属性。 Mare－战斗阶段：令至多一张事件牌失去卡牌文字效果， 你的攻击获得×魔术属性并失去其他属性。
2482,01从者\000已有从者\08ETC\裁决者-达芬奇\3.8更新 (2).png,analyzed,5,"3.8更新 (2)｜逐条语义审阅：魔术 宝具 2 5K 万能之人（夏） 【真名解放】 予海以光-行动阶段或战斗阶段：关闭万能之人（夏）, 并令其变为一张激活攻击的复制直至游戏结束。变化后其 仍属于技能牌，且始终额外拥有牌名“万能之人（夏）” 和予海以光。"
2483,01从者\000已有从者\08ETC\裁决者-达芬奇\3.8更新 (3).png,analyzed,5,3.8更新 (3)｜逐条语义审阅：于黄昏闪耀 被动：当你因从者技能获得战果时，改为获得等量的魔力。 每回合行动阶段限一次，你可以选择一项达·芬奇（Ruler) 印刷于非<每局游戏限一次>的牌上的其他阶段能力并花费3点 魔力，令怀梦机械变为该能力并获得“被动”直至回合结束。 怀梦机械-被动/行动阶段：获得1点合计威力。
2484,01从者\000已有从者\08ETC\裁决者-达芬奇\旧\万能之人.png,analyzed,5,万能之人｜逐条语义审阅：宝具 万能之人（夏） m 4 【真名解放】 行动阶段：关闭此牌或花费一枚令咒，万能之人（夏）永 久变为一张激活攻击的复制，但其额外拥有牌名“万能之 人（夏）”和此能力且属于技能牌。
2485,01从者\000已有从者\08ETC\裁决者-达芬奇\旧\于黄昏闪耀.png,analyzed,5,于黄昏闪耀｜逐条语义审阅：于黄昏闪耀 被动：每回合行动阶段限一次，你可以选择一项达·芬奇 （Ruler）的其他阶段能力并花费4点魔力，令怀梦机械变为 该能力并获得“被动/”直至回合结束（若该能力有花费则 无需花费，但仍需遵循原卡牌上的限制条件）。 怀梦机械-被动/行动阶段：获得1点合计威力。
2486,01从者\000已有从者\08ETC\裁决者-达芬奇\旧\难忘暑假.png,analyzed,5,难忘暑假｜逐条语义审阅：宝具 C.O 难忘暑假，白垩之梦 4K Fiamma－战斗阶段：将你的基础地利变为4点，你的攻击获 得米力量属性并失去其他属性。Vento－战斗阶段：打出1张 手牌，你的攻击获得敏捷属性并失去其他属性。 Mare－战斗阶段：获得2点战果，你的攻击获得×魔术属性 并失去其他属性。
2487,01从者\000已有从者\08ETC\裁决者-达芬奇\达芬奇（裁决）.png,analyzed,5,"达芬奇（裁决）｜逐条语义审阅：达·芬奇(Ruler) 米2 冈 Luck 2,3,4,4 7 Luck × 2,3,4,5 β Surveil"
2488,01从者\000已有从者\08ETC\裁决者-阿摩耳（卡莲）\3.3更新裁决者.jpg,analyzed,5,3.3更新裁决者｜逐条语义审阅：裁决者 1& 此牌及其效果不可被复制或盗用。 <每局游戏限三次> 神明裁决-行动阶段：令两名其他玩家获得一枚【裁决者令 咒】来对其束缚，你仅可束缚本局游戏束缚次数最少的玩家。 只有进行束缚的裁决者可以于自己的行动阶段对被束缚者 使用【裁决者令咒】。
2489,01从者\000已有从者\08ETC\裁决者-阿摩耳（卡莲）\卡莲.png,analyzed,5,"卡莲｜逐条语义审阅：Ruler 阿摩耳【卡莲] 米 2,3 冈 Luck ? 2,3,4,5 Surveil × 3,3,4 7 Surveil"
2490,01从者\000已有从者\08ETC\裁决者-阿摩耳（卡莲）\普遍之爱.png,analyzed,5,普遍之爱｜逐条语义审阅：宝具 无偿无限普遍之爱 ? 主之爱-被动：当一名拥有【裁决者令咒】的玩家被淘汰时， 令一名对手获得其所有的【裁决者令咒】。 全然降服-战斗阶段：令所有与你位于同一战场的，拥有3枚或 更多【裁决者令咒】的玩家的合计威力降低至0。
2491,01从者\000已有从者\08ETC\裁决者-阿摩耳（卡莲）\裁决者令咒.png,analyzed,5,裁决者令咒｜逐条语义审阅：裁决者 4 <每局游戏限一次> 此牌及其效果不可被复制或盗用。 神明裁决-行动阶段：依轮次顺序，令一名拥有【裁决者令咒】 数量最少的其他玩家获得一枚【裁决者令咒】，总共执行6次。 【裁决者令咒】仅有【裁决者】可以对其使用。
2492,01从者\000已有从者\08ETC\裁决者-阿摩耳（卡莲）\黄金之箭.png,analyzed,5,黄金之箭｜逐条语义审阅：敏捷 宝具 5 10% 黄金之箭 【真名解放】 被动：你可以同时使用【裁决者令咒】的两项效果，若你移动 其他玩家，你仅可将其移动至你所在的战场。 战斗阶段：回合结束时，令一名本回合于你的战斗中获胜，且 被你使用过【裁决者令咒】的玩家获得一枚【裁决者令咒】。
2493,01从者\000已有从者\08ETC\裁决者-阿斯特蕾亚\3.1更新 (1).png,analyzed,5,3.1更新 (1)｜逐条语义审阅：Magic Noble Phantasm 裁决之时正是此刻 2 4K 告此汝之名 【真名解放】 战斗阶段：移除所有玩家的【谴责】，每有一名被移除 【谴责】的玩家，此牌+4威力（至多+8威力）。
2494,01从者\000已有从者\08ETC\裁决者-阿斯特蕾亚\3.1更新 (2).png,analyzed,5,3.1更新 (2)｜逐条语义审阅：力量 宝具 将秩序归还于此 7 9 被动/行动阶段：若你的攻击中不包含被【制约】的属性，合 计威力+2。 战斗阶段：若与你战斗的对手控制的攻击有两张及以上且其 中不包含至少一种相同属性，则其合计威力-4。
2495,01从者\000已有从者\08ETC\裁决者-阿斯特蕾亚\天秤护佑.png,analyzed,5,天秤护佑｜逐条语义审阅：天秤护佑 被动/前哨阶段：弃置一张牌，【制约】它的一种 属性。被【谴责】的玩家从手牌和技能区使用含【 制约】属性的攻击时消耗+3（最多+12）。你的对 手使用含【制约】属性卡牌既视为被【遣责】，直 到他们的【遣责】被移除。
2496,01从者\000已有从者\08ETC\裁决者-阿斯特蕾亚\旧\将秩序归还于此.png,analyzed,5,将秩序归还于此｜逐条语义审阅：力量 宝具 9K 将秩序归还于此 被动/行动阶段：若你的攻击中不包含被【制约】的属性，合 计威力+2。 战斗阶段：若与你战斗的对手控制的攻击有两张及以上且其 中不包含至少一种相同属性，则其合计威力-4。
2497,01从者\000已有从者\08ETC\裁决者-阿斯特蕾亚\旧\裁决之时正是此刻告以汝之名.png,analyzed,5,裁决之时正是此刻告以汝之名｜逐条语义审阅：魔术 宝具 裁决之时正是此刻 4K 2 告以汝之名 【真名解放】 战斗阶段：对所有玩家移除【谴责】。每有一名与 你战斗的玩家被移除了【谴责】，此攻击的威力+4。
2498,01从者\000已有从者\08ETC\裁决者-阿斯特蕾亚\谴责.png,unclear,5,OCR不明：谴责；现有转写为“（未识别到文字）”，不足以判断规则，不据此提出operation。
2499,01从者\000已有从者\08ETC\裁决者-阿斯特蕾亚\阿斯特蕾亚.png,analyzed,5,"阿斯特蕾亚｜逐条语义审阅：阿斯特蕾亚 米3,4,5,5 Luck @ 2,3 Luck × 2,3,5 Preparation"
2500,01从者\000已有从者\08ETC\降临者-旅行者\旅行者.png,analyzed,5,"旅行者｜逐条语义审阅：旅行者 米 β Luck ? 2,3,3,4,4,4 β Surveil × 3,3,4 β Surveil"
2501,01从者\000已有从者\08ETC\降临者-旅行者\讯息：和平.png,analyzed,5,讯息：和平｜逐条语义审阅：特殊 200K 讯息：和平 深空奏鸣-行动阶段：从手牌中打出至多2张【降临者】和至 多2张暗置牌。 战斗阶段：展示所有玩家的手牌。将因此效果展示了【降临 者】的玩家的攻击威力降低至0。
2502,01从者\000已有从者\08ETC\降临者-旅行者\讯息：希望.png,analyzed,5,讯息：希望｜逐条语义审阅：特殊 讯息：希望 群星低吟-被动：当一名玩家进入侦查，将两张游戏外的【降 临者】加入其手牌。 行动阶段：所有玩家可以展示他们手牌中的【降临者】。若如 此做，其获得2点战果。
2503,01从者\000已有从者\08ETC\降临者-旅行者\遥远的蓝色星球.png,analyzed,5,遥远的蓝色星球｜逐条语义审阅：宝具 Snp 5 8K 遥远的蓝色星球啊 【真名解放】 未知的世界，温暖的风-行动阶段：选择一名对手展示其弃牌 堆，你可以免费打出所有因此效果展示的【降临者】。若你 因此打出了至少一张【降临者】，偷取该对手2点战果。
2504,01从者\000已有从者\08ETC\降临者-旅行者\降-旅行 (1).png,analyzed,5,降-旅行 (1)｜逐条语义审阅：特殊 领域外生命 【真名解放】 你和旅行者各获得+6合计威力（若你是旅行者，该效果不 会令你+12合计威力）。 战斗阶段结束后，将此牌加入旅行者的弃牌堆。
2505,01从者\000已有从者\08ETC\降临者-杨贵妃\ATK.png,analyzed,5,ATK｜逐条语义审阅：特殊 领域外生命 【真名解放】 你和杨贵妃各获得+6合计威力（若你是杨贵妃，该效果不 会令你+12合计威力）。 战斗阶段结束后，将此牌加入杨贵妃的弃牌堆。
2506,01从者\000已有从者\08ETC\降临者-杨贵妃\httpcloud3steamusercontentcomugc1666853488468028245E6005DE6C2E0D3340F4B75A1337A85B104F0E622.png,unclear,5,OCR不明：httpcloud3steamusercontentcomugc1666853488468028245E6005DE6C2E0D3340F4B75A1337A85B104F0E622；现有转写为“（未识别到文字）”，不足以判断规则，不据此提出operation。
2507,01从者\000已有从者\08ETC\降临者-杨贵妃\三千宠爱在一身.png,analyzed,5,三千宠爱在一身｜逐条语义审阅：魔术 宝具 霓裳羽衣 5 3K 比翼连理 【真名解放】 被动：每当你抽到【领域外生命】时，你可将其明置于此牌上，然后抽一 张牌。此牌上的牌视为手牌且可如手牌一般被打出。回合结束时，你可弃 置此牌上的任意张牌。 三千宠爱在一身-行动阶段：所有【领域外生命】获得：“被动：若你本回 合未打出此牌，失去1点战果。”“被动/战斗阶段：打出此牌。”
2508,01从者\000已有从者\08ETC\降临者-杨贵妃\倾国的炽焰.png,analyzed,5,"倾国的炽焰｜逐条语义审阅：倾国的炽焰 长恨歌-被动：回合开始时抽牌前，被【灼伤】的玩家将1 张游戏外的【领域外生命】加入手牌。 回合结束时，若被【灼伤】的玩家本回合内打出过【领域外 生命】，其移除【灼伤】。否则其需移除牌库顶的X张牌, 若不足则失去X点战果。X为本次【灼伤】持续的回合数。"
2509,01从者\000已有从者\08ETC\降临者-杨贵妃\妖星的火轮.png,analyzed,5,妖星的火轮｜逐条语义审阅：米 力量 妖星的火轮 3 5K 此牌每连续打出一回合，魔力消耗+2。 战斗阶段：【灼烧】你所在地点的未被【灼伤】的其他玩家， 下回合开始时，他们被【灼伤】。 紫玉之笛-被动：回合结束时，你吸取每名与你位于同一地点 的，被【灼伤】的玩家的1点魔力。
2510,01从者\000已有从者\08ETC\降临者-杨贵妃\杨贵妃.png,analyzed,5,"杨贵妃｜逐条语义审阅：杨贵妃 β Foreginer Class 米2 Foreginer Class 2,3,4 Preparation × 2,3,4,5 Preparation"
2511,01从者\000已有从者\08ETC\降临者-梵高\3.4.1更新星月夜.png,analyzed,5,3.4.1更新星月夜｜逐条语义审阅：Magic Noble Phantasm 50 星月夜 (5k 此牌需追加打出。 战斗阶段：若你真名隐藏，位于战场和侦查的所有玩家将游 戏外的一张【领域外生命】加入其手牌。若你已真名解放， 所有【领域外生命】获得+3威力。
2512,01从者\000已有从者\08ETC\降临者-梵高\3.4.1更新水之宁芙.png,analyzed,5,3.4.1更新水之宁芙｜逐条语义审阅：Strength Agility Magic 水之宁芙 2K 此牌需追加打出。若你真名隐藏，你无法打出此牌。 行动阶段：为每张你控制的【领域外生命】分别抽并展示 一张牌，该【领域外生命】获得对应被展示牌的所有属性。
2513,01从者\000已有从者\08ETC\降临者-梵高\ATK.png,analyzed,5,ATK｜逐条语义审阅：特殊 领域外生命 【真名解放】 你和梵高各获得+6合计威力（若你是梵高，该效果不会令 你+12合计威力）。 战斗阶段结束后，将此牌加入梵高的弃牌堆。
2514,01从者\000已有从者\08ETC\降临者-梵高\克吕提厄的悲怆.png,analyzed,5,克吕提厄的悲怆｜逐条语义审阅：米 力量 敏捷 魔术 3 2K 克吕提厄的悲怆 此牌需追加打出。当你真名隐藏时无法打出此牌。 虚数美术-行动阶段：你每控制一张【领域外生命】，便抽 一张牌并展示，该【领域外生命】获得因此展示的牌的所有 属性。
2515,01从者\000已有从者\08ETC\降临者-梵高\星月夜.png,analyzed,5,星月夜｜逐条语义审阅：魔术 宝具 3 4K 星月夜 此牌需追加打出。 战斗阶段：若你真名隐藏，位于战场和侦查的所有玩家将游 戏外的一张【领域外生命】加入其手牌。若你已真名解放， 所有【领域外生命】获得+3威力。
2516,01从者\000已有从者\08ETC\降临者-梵高\梵高.png,analyzed,5,"梵高｜逐条语义审阅：Foreigner Clytie Van Gogh 米2,2,2 Surveil @ 3,3,3 β Preparation * 4,4,4 β Preparation"
2517,01从者\000已有从者\08ETC\降临者-梵高\梵高更新.png,analyzed,5,"梵高更新｜逐条语义审阅：Foreigner 克吕提厄·梵高 米 2,2,2 β Surveil @ 3,3,3 β Preparation * 4,4,4 β Preparation"
2518,01从者\000已有从者\08ETC\降临者-梵高\澪标之魂.png,analyzed,5,澪标之魂｜逐条语义审阅：O? 零标之魂 向日葵-被动：当你【真名解放】时，所有玩家展示其弃 牌堆且其中每有一张【领域外生命】，该玩家失去2点战 果（至多失去6点），然后，将因此效果展示的所有【领 域外生命】加入你的手牌并将此牌移除游戏。
2519,01从者\000已有从者\08ETC\降临者-梵高diy\3.2更新夜.jpg,analyzed,5,3.2更新夜｜逐条语义审阅：宝具 星月夜 X X& 打出时：自由选择X（X至多为12）。 残留：准备阶段，你需弃置一张【领域外生命】，否则关闭 此牌。
2520,01从者\000已有从者\08ETC\降临者-梵高diy\3.2更新美术.jpg,analyzed,5,3.2更新美术｜逐条语义审阅：米 力量 敏捷 魔术 3K 虚数美术 3 被动：激活的【领域外生命】获得：“临摹-行动阶段： 选择一张与此牌属性和基本威力完全相同的，其他玩家明置 的技能牌，此牌获得被选择牌需激活能力的卡牌文字效果。” 献身一行动阶段：重新分配你控制的攻击的属性与基本威力 至回合结束，分配前后的总和保持不变。
2521,01从者\000已有从者\08ETC\降临者-梵高diy\3.2更新魂.jpg,analyzed,5,3.2更新魂｜逐条语义审阅：特殊 零标之魂 X& X为诅咒的数值（未记录则为0）。 献身一唯一/行动阶段：若你上回合未记录，记录你忽略局势 牌和事件牌影响的合计威力作为证咒直至下回合结束，然后 将你的合计威力设置为0。
2522,01从者\000已有从者\08ETC\降临者-梵高diy\临摹token.png,unclear,5,OCR不明：临摹token；现有转写为“（未识别到文字）”，不足以判断规则，不据此提出operation。
2523,01从者\000已有从者\08ETC\降临者-梵高diy\旧\星月夜.png,analyzed,5,星月夜｜逐条语义审阅：宝具 星月夜 此牌魔力消耗-X，X为你本局游戏使用浸标之魂的次数。 零标之魂-被动/前哨阶段：弃置一张手牌中的【领域外生命】并移除 一张临摹，【星月夜】获得此临拳的卡牌文字效果直至本回合结束。 战斗阶段：移除任意张临摹，每张因此效果被移除的临摹为被临摹的 技能拥有者创造并激活一张临时的【领域外生命】。
2524,01从者\000已有从者\08ETC\降临者-梵高diy\旧\虚数美术.png,analyzed,5,虚数美术｜逐条语义审阅：米 力量 敏捷 魔术 3K 虚数美术 被动/战斗阶段：将所有与你位于同一地点的，与你控制的任意攻击 同时具有相同的属性与基本威力的其他玩家的，不存在临摹的技能 牌叠放于此牌上方，称为临摹。临摹无法以常规方式打出或使用。 行动阶段：令一张技能牌的临摹失去所有卡牌文字效果后，令其获 得<每局游戏限一次>并打出。
2525,01从者\000已有从者\08ETC\降临者-梵高diy\旧\黄房子.png,analyzed,5,黄房子｜逐条语义审阅：特殊 XOO& 黄房子 X等于玩家数减去回合数。 诅咒-残留：当你将一张牌放置入场时，你可以将其属性和基础威力分配给你的 攻击，或将你攻击的属性和基础威力分配给该牌持续至本回合结束。分配前和分 配后的属性、基础威力总和与保持不变。 蔓延-行动阶段：战力结算时，记录你本回合因攻击及其效果获得的威力后，将 你的合计威力设置为0。下回合开始时，此牌的基础威力增加你记录的数值直至 该回合结束。你无法连续两回合使用此效果。
2526,01从者\000已有从者\08ETC\降临者-梵高diy\梵高diy.png,analyzed,5,"梵高diy｜逐条语义审阅：Foreigner 梵高 米 2,3,4 β Foreigner Class @ 2,3,4 β Foreigner Class × 2,3,4 β Foreigner Class"
2527,01从者\000已有从者\08ETC\降临者-葛饰北斋\3.4更新森罗万象.png,analyzed,5,"3.4更新森罗万象｜逐条语义审阅：Magic 8K 森罗万象 7 行动阶段：将至多3枚【颜色】标记放置于不同的，明置 的牌上直至回合结束，每种【颜色】标记有且仅有一个 (米,@,×,β和 ）。被放置【颜色】标记的牌上 印刷的所有属性均更改为标记的属性。"
2528,01从者\000已有从者\08ETC\降临者-葛饰北斋\3.4更新葛饰北斋.png,analyzed,5,"3.4更新葛饰北斋｜逐条语义审阅：Foreigner 葛饰北斋 米2,2 β Preparation @2,2,3 β Foreigner Class ×2,3,4,5 β Foreigner Class"
2529,01从者\000已有从者\08ETC\降临者-葛饰北斋\httpcloud3steamusercontentcomugc1696128153276391935A92F7FBFC4AE5C5195B7F05D62B565C10D834ECE.png,unclear,5,OCR不明：httpcloud3steamusercontentcomugc1696128153276391935A92F7FBFC4AE5C5195B7F05D62B565C10D834ECE；现有转写为“（未识别到文字）”，不足以判断规则，不据此提出operation。
2530,01从者\000已有从者\08ETC\降临者-葛饰北斋\httpcloud3steamusercontentcomugc1696128153276396033DE688ACA47A1C9A1A250B2C0F36AD4BA15ECC28E.png,unclear,5,OCR不明：httpcloud3steamusercontentcomugc1696128153276396033DE688ACA47A1C9A1A250B2C0F36AD4BA15ECC28E；现有转写为“（未识别到文字）”，不足以判断规则，不据此提出operation。
2531,01从者\000已有从者\08ETC\降临者-葛饰北斋\httpcloud3steamusercontentcomugc1696128153276398192C83D893EF39B9A22CEEEA6E278A90757F9C00531.png,unclear,5,OCR不明：httpcloud3steamusercontentcomugc1696128153276398192C83D893EF39B9A22CEEEA6E278A90757F9C00531；现有转写为“（未识别到文字）”，不足以判断规则，不据此提出operation。
2532,01从者\000已有从者\08ETC\降临者-葛饰北斋\httpcloud3steamusercontentcomugc16961281532766059457693929E58FB2888F2B836E5399BDA04C7C0F99F.png,unclear,5,OCR不明：httpcloud3steamusercontentcomugc16961281532766059457693929E58FB2888F2B836E5399BDA04C7C0F99F；现有转写为“（未识别到文字）”，不足以判断规则，不据此提出operation。
2533,01从者\000已有从者\08ETC\降临者-葛饰北斋\httpcloud3steamusercontentcomugc169612815327660852647BD0F3B0B1112C49962B5758C1EBE4C1D1FADF7.png,unclear,5,OCR不明：httpcloud3steamusercontentcomugc169612815327660852647BD0F3B0B1112C49962B5758C1EBE4C1D1FADF7；现有转写为“（未识别到文字）”，不足以判断规则，不据此提出operation。
2534,01从者\000已有从者\08ETC\降临者-葛饰北斋\富岳三十六景.png,analyzed,5,富岳三十六景｜逐条语义审阅：魔術 宝具 405K 富岳三十六景 【真名解放】 残留：此牌残留至下个回合结束并且下个回合中此牌威力-3。 战斗阶段：位于你所在的战场的对手的非×魔术攻击威力-2。
2535,01从者\000已有从者\08ETC\降临者-葛饰北斋\旧\3.1更新.png,analyzed,5,"3.1更新｜逐条语义审阅：Magic 4& 森罗万象 4 行动阶段：将至多3枚【颜色】标记放置于不同的，明置 的牌上直至回合结束，每种【颜色】标记有且仅有一个 (米,@,×,β和 ）。被放置【颜色】标记的牌上 印刷的所有属性均更改为标记的属性。"
2536,01从者\000已有从者\08ETC\降临者-葛饰北斋\旧\森罗万象.png,analyzed,5,森罗万象｜逐条语义审阅：魔术 4& 森罗万象 行动阶段：将至多三枚【颜色】标记放在不同的，正面朝上 的牌直至回合结束。每种属性都有一个对应的【颜色】标记。 放有【颜色】标记的牌上印刷的所有属性都视为是【颜色】 标记的属性。
2537,01从者\000已有从者\08ETC\降临者-葛饰北斋\旧\葛饰北斋.png,analyzed,5,"葛饰北斋｜逐条语义审阅：Foreigner 葛饰北斋 米2,2 β Foreigner Class @2,2,3 β Foreigner Class ×2,3,4,5 βForeigner Class"
2538,01从者\000已有从者\08ETC\降临者-葛饰北斋\旧\领域外生命x3.png,analyzed,5,领域外生命x3｜逐条语义审阅：特殊 领域外生命 100& 【真名解放】 你和降临者各获得合计威力+6。将此牌加入降临者的弃牌堆。
2539,01从者\000已有从者\08ETC\降临者-葛饰北斋\色彩的彼界.png,analyzed,5,色彩的彼界｜逐条语义审阅：色彩的彼界 被动：激活的【领域外生命】拥有所有属性。 被动/行动阶段：支付一张激活的非<每局游戏限一次>的攻 击的魔力消耗，将其移除游戏直至本回合结束，并将你手牌 中的一张【领域外生命】放置入场（如果你无法放置，便不 能使用这项能力）。
2540,01从者\000已有从者\08ETC\降临者-葛饰北斋\降-葛饰北斋 (1).png,analyzed,5,降-葛饰北斋 (1)｜逐条语义审阅：特殊 领域外生命 【真名解放】 你和葛饰北斋各获得+6合计威力（若你是葛饰北斋，该效 果不会令你+12合计威力）。 战斗阶段结束后，将此牌加入葛饰北斋的弃牌堆。
2541,01从者\000已有从者\08ETC\降临者-葛饰北斋\降-葛饰北斋 (2).png,analyzed,5,降-葛饰北斋 (2)｜逐条语义审阅：特殊 领域外生命 【真名解放】 你和葛饰北斋各获得+6合计威力（若你是葛饰北斋，该效 果不会令你+12合计威力）。 战斗阶段结束后，将此牌加入葛饰北斋的弃牌堆。
2542,01从者\000已有从者\08ETC\降临者-葛饰北斋\降-葛饰北斋 (3).png,analyzed,5,降-葛饰北斋 (3)｜逐条语义审阅：特殊 领域外生命 【真名解放】 你和葛饰北斋各获得+6合计威力（若你是葛饰北斋，该效 果不会令你+12合计威力）。 战斗阶段结束后，将此牌加入葛饰北斋的弃牌堆。
2543,01从者\000已有从者\08ETC\降临者-迷之偶像X diy\3.2更新歌词.jpg,analyzed,5,3.2更新歌词｜逐条语义审阅：特殊 2010K 无限溯行歌词 残留：准备阶段，随机选择两次除 宝具外的属性作为【Combo】至 回合结束。每【Combo】限一次，当你于本回合打出或加入与其相同属 性的攻击时，触发一次【Combo】。你的行动阶段结束时，根据你触发 【Combo】的次数，获得如下效果：“Miss”-0：关闭此牌。 “Great”-1：令一名其他玩家成为【粉丝】直至游戏结束。 “Perfect”-2+：为一名【粉丝】创造并激活一张临时的【领域外生命】。
2544,01从者\000已有从者\08ETC\降临者-迷之偶像X diy\3.2更新王之歌声.jpg,analyzed,5,3.2更新王之歌声｜逐条语义审阅：米 力量 敏捷 魔术 特殊 宝具 MLEAD SABER 王之歌声 7 【真名解放】 声援-被动：高潮阶段此牌威力+2X，X为已被淘汰的【粉丝】数。 若你赢得胜利，你可令你战斗的败者成为【粉丝】直至游戏结束。 战斗阶段：为所有【粉丝】创造并激活一张临时的【领域外生命】。
2545,01从者\000已有从者\08ETC\降临者-迷之偶像X diy\3.2更新霸道剑.jpg,analyzed,5,3.2更新霸道剑｜逐条语义审阅：宝具 300K 煌彩幻奏霸道剑 【真名解放】 圆舞绝奏-被动：战力结算时，若与你交战的【粉丝】控制与 你相同属性的攻击，你与其各获得1点魔力（你最多获得1点）。 行动阶段：每【Combo】限一次，将至多2张可触发【Com bo】的牌从你的手牌或牌库打出。
2546,01从者\000已有从者\08ETC\降临者-迷之偶像X diy\ATK.png,analyzed,5,ATK｜逐条语义审阅：特殊 领域外生命 【真名解放】 <每局游戏限一次> 你和谜之偶像X〔Alter）各获得+6合计威力（若你是 谜之偶像X〔Alter〕，该效果不会令你+12合计威力）。 战斗阶段结束后，将此牌加入谜之偶像X〔Alter」的弃牌 堆（实际上是移除游戏）。
2547,01从者\000已有从者\08ETC\降临者-迷之偶像X diy\skills.png,non_rule,5,非规则/静态素材：skills；转写“Skill”，未发现可执行的阶段能力。
2548,01从者\000已有从者\08ETC\降临者-迷之偶像X diy\吉他token.png,non_rule,5,非规则/静态素材：吉他token；转写“CABER”，未发现可执行的阶段能力。
2549,01从者\000已有从者\08ETC\降临者-迷之偶像X diy\旧\新版技能 (2).png,analyzed,5,新版技能 (2)｜逐条语义审阅：米 力量 敏捷 魔术 特殊 宝具 MLEAD SABER. 王之歌声 7 【真名解放】 声援-被动：高潮阶段此牌威力+2X，X为已被淘汰的【粉丝】数。 行动阶段：若你赢得胜利，此战斗的败者变为【粉丝】直至游戏 结束。 战斗阶段：为所有【粉丝】创造并激活一张临时的【领域外生命】。
2550,01从者\000已有从者\08ETC\降临者-迷之偶像X diy\旧\新版技能 (3).png,analyzed,5,新版技能 (3)｜逐条语义审阅：宝具 3 煌彩幻奏霸道剑 【真名解放】 圆舞绝奏-被动：回合结束时，若存在与你位于同一地点且与你控制 相同属性攻击的【粉丝】，你与所有满足条件的【粉丝】获得1点魔力。 行动阶段：从手牌或牌库中将一张可触发【Combo】的牌加入攻击， 你可以花费2点魔力改为从弃牌堆中加入。
2551,01从者\000已有从者\08ETC\降临者-迷之偶像X diy\粉丝token.png,non_rule,5,非规则/静态素材：粉丝token；转写“RRAOIME”，未发现可执行的阶段能力。
2552,01从者\000已有从者\08ETC\降临者-迷之偶像X diy\自备两个四面骰\httpcloud3steamusercontentcomugc1901100913649425938B37ED5879FA56929CA2AA875ECDE0B5371656D13.png,analyzed,5,httpcloud3steamusercontentcomugc1901100913649425938B37ED5879FA56929CA2AA875ECDE0B5371656D13｜逐条语义审阅：宝具 500K 煌彩幻奏霸道剑 【真名解放】 圆舞绝奏-被动：回合结束时，若【粉丝】与你位于同一地点且你们控 制的攻击中有相同属性，其与你各获得1点魔力。 行动阶段：从手牌或牌库中打出至多两张与【Combo】相同属性的攻 击。你可不用支付其中一张牌的魔力消耗。
2553,01从者\000已有从者\08ETC\降临者-迷之偶像X diy\自备两个四面骰\httpcloud3steamusercontentcomugc190110091364942854681770191D5314723EAC56D6614D7A401FD589C4D.png,analyzed,5,httpcloud3steamusercontentcomugc190110091364942854681770191D5314723EAC56D6614D7A401FD589C4D｜逐条语义审阅：米 力量 敏捷 魔术 特殊 MLEAD SABER. 王之歌声 7 【真名解放】 被动：高潮阶段时，此牌威力+7。 行动阶段：若你赢得胜利，此战斗的败者变为【粉丝】直至游戏 结束。 战斗阶段：为所有【粉丝】创造并激活一张临时的【领域外生命】。
2554,01从者\000已有从者\08ETC\降临者-迷之偶像X diy\自备两个四面骰\httpcloud3steamusercontentcomugc190110091364942923606F9B2352A988EF765E900CDC04E4AC39C8D4BD1.png,analyzed,5,"httpcloud3steamusercontentcomugc190110091364942923606F9B2352A988EF765E900CDC04E4AC39C8D4BD1｜逐条语义审阅：特殊 2 无限溯行歌词 残留：准备阶段开始时，投掷两次四面骰并记录出数对应的属性，称为【Combo】 “1"":米 “2”：@ “3"": × “4"" : β 行动阶段结束时，根据你本回合打出的攻击属性与【Combo】属性相同的数量（ 一张攻击仅可触发一次【Combo】）得到： “Miss”-0：支付2点魔力或关闭此牌。“Great”-1+：令一名对手成为【粉丝】 “Perfect”-2：为一名【粉丝】创造并激活一张临时的【领域外生命】。"
2555,01从者\000已有从者\08ETC\降临者-迷之偶像X diy\自备两个四面骰\新版技能 (1).png,analyzed,5,新版技能 (1)｜逐条语义审阅：特殊 SABER 2 O0K 无限溯行歌词 残留：准备阶段，随机选择两次除 宝具外的属性作为【Combo】至 回合结束。每【Combo】限一次，当你于本回合打出或加入与其相同属 性的攻击时，触发一次【Combo】。你的行动阶段结束时，根据你触发 【Combo】的次数，获得如下效果：“Miss”-0：关闭此牌。 “Great”-1：令一名交战对手成为【粉丝】直至游戏结束。 “Perfect”-2+：为一名【粉丝】创造并激活一张临时的【领域外生命】。
2556,01从者\000已有从者\08ETC\降临者-迷之偶像X diy\谜之偶像X.png,analyzed,5,"谜之偶像X｜逐条语义审阅：SABER: 谜之偶像X〔Alter】 米 2,5,7 β Luck ? 2,5,7 β Surveil * 2,5,7 β Preparation"
2557,01从者\000已有从者\08ETC\降临者-迷之女主角XX diy\乘镀.png,analyzed,5,乘镀｜逐条语义审阅：乘镀 阿瓦隆的佑护-被动：战力结算时，若你真名隐藏，你的 【幸运】获得+3威力。 被动/前哨阶段：花费2点魔力，隐藏你的真名或将一张 【幸运】从你的牌库或弃牌堆加入手牌。
2558,01从者\000已有从者\08ETC\降临者-迷之女主角XX diy\无铭星云剑.png,analyzed,5,无铭星云剑｜逐条语义审阅：宝具 无铭星云剑 9K 【真名解放】 以太宇宙需秩序-战力结算时，若你的交战对手控制特殊 攻击，此牌视为拥有所有属性且它的威力不能被减少。 苍辉银河即宇宙-战斗阶段：你的战斗中每有一张其他的区 特殊攻击，此牌+3威力。
2559,01从者\000已有从者\08ETC\降临者-迷之女主角XX diy\旧\乘镀.png,analyzed,5,乘镀｜逐条语义审阅：乘镀 阿瓦隆的佑护-被动：若你真名隐藏，你的【幸运】+3 威力。若你于常规出牌时打出了两张属性相同的攻击且 已真名解放，你可以追加打出一张【幸运】。 被动/前哨阶段：若你于上回合未打出明置牌，隐藏你的 真名。
2560,01从者\000已有从者\08ETC\降临者-迷之女主角XX diy\旧\无铭星云剑.png,analyzed,5,无铭星云剑｜逐条语义审阅：宝具 无铭星云剑 9K 【真名解放】 以太宇宙需秩序-战力结算时，若你的战斗中有玩家控制区 特殊攻击，此牌视为拥有所有属性且它的威力不能被减少。 苍辉银河即宇宙-战斗阶段：你的战斗中每有一张区特殊攻 击，此牌+3威力。
2561,01从者\000已有从者\08ETC\降临者-迷之女主角XX diy\旧\止境的正义.png,analyzed,5,止境的正义｜逐条语义审阅：米 力量 止境的正义 15k 被动：当你获胜时，你可以令你战斗中败者的职阶更改为 【降临者】且其区特殊基础攻击同时名为【领域外生命】 直至其获胜。 宇宙刑警-战斗阶段：移除一张你战斗中的【领域外生命】 并令其控制者【败北】。
2562,01从者\000已有从者\08ETC\降临者-迷之女主角XX diy\止境的正义.png,analyzed,5,止境的正义｜逐条语义审阅：米 力量 0 止境的正义 15k 被动：当你获胜时，你可以令你战斗中败者的职阶更改为 【降临者】且其区特殊基础攻击同时名为【领域外生命】 直至其获胜。 宇宙刑警-战斗阶段：令一名你战斗中控制【领域外生命】 的玩家【败北】。
2563,01从者\000已有从者\08ETC\降临者-迷之女主角XX diy\迷之女主角XX.png,analyzed,5,"迷之女主角XX｜逐条语义审阅：Foreigner 谜之女主角XX 米 2,3,4,4,5 β Luck 2,3,4,4,5 β Luck"
2564,01从者\000已有从者\08ETC\降临者-迷之女主角XX\3.6更新.png,analyzed,5,3.6更新｜逐条语义审阅：Strength Noble Phantasm 伦戈米尼亚德LR 7 10% 【真名解放】 苍辉银河即宇宙-战斗阶段：将X枚你战斗中的代币移除游 戏，获得+3X合计威力。若你本局游戏以此法移除了5枚及 以上的代币，你获得游戏胜利。
2565,01从者\000已有从者\08ETC\降临者-迷之女主角XX\LR.png,analyzed,5,LR｜逐条语义审阅：Strength Noble Phantasm 伦戈米尼亚德LR 7 10% 【真名解放】 苍辉银河即宇宙-战斗阶段：将X枚你战斗中的代币移除游 戏，获得+3X合计威力。若你一次性移除了5枚及以上的代 币，你获得游戏胜利。
2566,01从者\000已有从者\08ETC\降临者-迷之女主角XX\圣枪甲胄.png,analyzed,5,圣枪甲胄｜逐条语义审阅：Special X& 圣枪甲胃·阿瓦隆 X=7-游戏内的【Saber】代币数 战斗阶段：打出一张手牌，若它的基本威力低于X，将其 基本威力降低至0。
2567,01从者\000已有从者\08ETC\降临者-迷之女主角XX\宇宙反应器.png,analyzed,5,宇宙反应器｜逐条语义审阅：宇宙反应器 【真名解放】 <每局游戏限一次> 被动/前哨阶段：令所有玩家将一张【领域外生命】从游戏 外洗入其牌库。你的所有对手获得一枚【Saber】代币直至 其打出【领域外生命】或你通过战胜他们获取代币。
2568,01从者\000已有从者\08ETC\降临者-迷之女主角XX\迷之女主角XX.png,analyzed,5,"迷之女主角XX｜逐条语义审阅：谜之女主角XX 米 2,3,4,5 Luck @ 2,4,5 Luck × 2,3 Surveil"
2569,01从者\000已有从者\08ETC\降临者-阿比盖尔·威廉姆斯\3.1更新 (1).png,analyzed,5,3.1更新 (1)｜逐条语义审阅：Magic 魔女审判 5K 2 银之钥-战斗阶段：隐藏真名，令交战对手随机弃置一张 手牌后展示弃牌堆，因银之钥展示了最多【领域外生命】 （至少1张）的交战对手【败北】。然后你将所有因银之钥 展示的【领域外生命】加入你的弃牌堆。
2570,01从者\000已有从者\08ETC\降临者-阿比盖尔·威廉姆斯\3.1更新 (2).png,analyzed,5,3.1更新 (2)｜逐条语义审阅：Magic X& 于深渊化作光 X X为你本局游戏以理智丧失分发的【领域外生命】数。 打出时：若X为12，你获得游戏胜利。 理智丧失-行动阶段：令所有与你位于同一地点的对手将游戏 外的一张【领域外生命】加入手牌。
2571,01从者\000已有从者\08ETC\降临者-阿比盖尔·威廉姆斯\ATK阿比降临者.png,analyzed,5,ATK阿比降临者｜逐条语义审阅：特殊 领域外生命 【真名解放】 你和阿比盖尔各获得+6合计威力（若你是阿比盖尔，该效 果不会令你+12合计威力）。 战斗阶段结束后，将此牌加入阿比盖尔的弃牌堆。
2572,01从者\000已有从者\08ETC\降临者-阿比盖尔·威廉姆斯\光壳流溢的虚树.png,analyzed,5,光壳流溢的虚树｜逐条语义审阅：魔術 宝具 光壳流溢的虚树 被动/行动阶段：移除手牌的一张【领域外生命】。若如此， 获得2点魔力。 行动阶段：将你的弃牌堆中任意数量的【领域外生命】打出， 战斗阶段结束后将你所有激活的【领域外生命】洗入牌库。
2573,01从者\000已有从者\08ETC\降临者-阿比盖尔·威廉姆斯\旧\理智丧失.png,analyzed,5,理智丧失｜逐条语义审阅：魔术 XO X& 理智丧失 行动阶段：将1张游戏外的【领域外生命】加入到当前战场 所有其他玩家的手牌，X为本局游戏你所分发的【领域外生 命】数量。
2574,01从者\000已有从者\08ETC\降临者-阿比盖尔·威廉姆斯\旧\魔女审判.png,analyzed,5,魔女审判｜逐条语义审阅：魔術 宝具 5& 魔女审判 战斗阶段：隐藏真名。所有与你交战的对手随机弃置一张牌 并展示其弃牌堆。令所有展示了【领域外生命】的对手【败 北】，并将所有被展示的【领域外生命】加入你的弃牌堆。
2575,01从者\000已有从者\08ETC\降临者-阿比盖尔·威廉姆斯\阿比盖尔·威廉姆斯.png,analyzed,5,"阿比盖尔·威廉姆斯｜逐条语义审阅：Foreigner 阿比盖尔·威廉姆斯 β Foreigner Class 米 β Foreigner Class @ 2,2,3 Surveil × 2,3,3,4,5 Surveil"
2576,01从者\000已有从者\08ETC\降临者-阿比盖尔泳装diy\3.2更新蔷薇的沉睡.jpg,analyzed,5,3.2更新蔷薇的沉睡｜逐条语义审阅：特殊 3& 蔷薇的沉睡 2 被动：当【领域外生命】进入你的弃牌堆时，你可以选择将 将其移除后获得1点魔力，或放置于一名其他玩家的牌库底。 甜美沉论-行动阶段：与你位于同一地点的对手无法因你以 外的能力影响变动牌库。（包括但不限于洗牌、抽牌、从牌 库中打出牌等）
2577,01从者\000已有从者\08ETC\降临者-阿比盖尔泳装diy\3.2更新诺修.jpg,analyzed,5,3.2更新诺修｜逐条语义审阅：米 力量 敏捷 诺修&鲁撒 2 2K 此牌需追加打出 行动阶段：根据你于本回合打出的攻击具有的相同属性，此牌获得： 米一将一张游戏外的【领域外生命】加入你的牌库底。 区－将一张游戏外的【领域外生命】加入你的攻击。
2578,01从者\000已有从者\08ETC\降临者-阿比盖尔泳装diy\3.9更新.png,analyzed,5,3.9更新｜逐条语义审阅：米 力量 敏捷 诺修&鲁撒 2 2K 此牌需追加打出 行动阶段：根据你于本回合打出的攻击具有的相同属性，此牌获得： 米－将一张游戏外的【领域外生命】加入你的牌库底。 -将一张游戏外的【领域外生命】加入一名其他玩家的牌库底。 区－将一张游戏外的【领域外生命】加入攻击，然后关闭此牌。
2579,01从者\000已有从者\08ETC\降临者-阿比盖尔泳装diy\新版技能 (3).png,analyzed,5,新版技能 (3)｜逐条语义审阅：宝具 遥远的幻梦境 梦之门-战斗阶段：隐藏此战场所有玩家的真名，按基础威 力由低到高、激活顺序由前到后（若相同，则随机选择）， 将其2张非<每局游戏限一次>的攻击移除游戏至本回合结束， 然后他们可以打出牌堆底的2张牌。
2580,01从者\000已有从者\08ETC\降临者-阿比盖尔泳装diy\旧\新版技能 (1).png,analyzed,5,新版技能 (1)｜逐条语义审阅：蔷薇的沉睡 被动：当你的【领域外生命】进入你的弃牌堆时，你可 以将其放入一名非来源的其他玩家牌库底部或将其移除。 甜美沉沦-被动/前哨阶段：花费3点魔力，本回合与你位 于同一地点的对手无法因你以外的能力影响变动牌库。 （包括但不限于洗牌、抽牌、从牌库中打出牌等）
2581,01从者\000已有从者\08ETC\降临者-阿比盖尔泳装diy\旧\新版技能 (2).png,analyzed,5,新版技能 (2)｜逐条语义审阅：米 力量 敏捷 诺修&鲁撒 2 3K 此牌需追加打出。 引导者-行动阶段：若你控制两张及以上相同属性的攻击，根据所有相同 的属性，此牌获得： 米－将一张游戏外的【领域外生命】加入你的牌库底。 －将一张游戏外的【领域外生命】加入一名其他玩家的牌库底。 β－将一张游戏外的【领域外生命】加入你的攻击。
2582,01从者\000已有从者\08ETC\降临者-阿比盖尔泳装diy\旧\蔷薇的沉睡.png,analyzed,5,蔷薇的沉睡｜逐条语义审阅：蔷薇的沉睡 被动：当你的【领域外生命】进入你的弃牌堆时，你可以 1.将其放入一名其他玩家的牌库底部。 2.移除其并获得1点魔力。
2583,01从者\000已有从者\08ETC\降临者-阿比盖尔泳装diy\旧\诺修鲁撒.png,analyzed,5,诺修鲁撒｜逐条语义审阅：米 力量 敏捷 诺修&鲁撒 2 2K 此牌可追加打出。 理智丧失-打出时：根据与此牌一同打出的牌的属性，你获得相应效果： 米力量：将你弃牌堆中的一张牌放置于你的牌库底部。 @敏捷：将一张游戏外的【领域外生命】加入一名其他玩家的牌库底部。 残留：当你打出两张相同属性的攻击时，于回合结束时关闭此牌。 若其均为区特殊属性，将一张游戏外的【领域外生命】加入你的攻击。
2584,01从者\000已有从者\08ETC\降临者-阿比盖尔泳装diy\旧\遥远的幻梦境.png,analyzed,5,遥远的幻梦境｜逐条语义审阅：宝具 遥远的幻梦境 梦之门-战斗阶段：隐藏此战场所有玩家的真名，按基础威 力由低到高（若相同，则随机选择）、激活顺序由前到后， 将其两张攻击移除游戏至本回合结束，然后将其牌库底的两 张牌加入攻击，加入前若不足两张，则将其弃牌堆中的牌洗 回牌库至有两张再加入。
2585,01从者\000已有从者\08ETC\降临者-阿比盖尔泳装diy\阿比盖尔.png,analyzed,5,"阿比盖尔｜逐条语义审阅：阿比盖尔·威廉姆斯〔夏］ β Foreigner Class 米 2,4,4 β Foreigner Class ? 2,2,3,4,5 7 Preparation β Preparation"
2586,01从者\000已有从者\08ETC\降临者-阿比盖尔泳装diy\降临ATK.png,analyzed,5,降临ATK｜逐条语义审阅：特殊 领域外生命 0V 【真名解放】 你和阿比盖尔〔夏）各获得+6合计威力（若你是阿比盖尔 〔夏〕，该效果不会令你+12合计威力）。 战斗阶段结束后，将此牌加入阿比盖尔［夏］的弃牌堆。
2587,01从者\000已有从者\月-岸波白野从者\月之癌-GM.BB\3.1更新 (1).png,analyzed,5,3.1更新 (1)｜逐条语义审阅：深海电脑乐土 月之癌-被动：为【月之圣杯】抽取事件牌时，更改为抽取一张游戏外的月之圣杯事件牌。 SERA.PH-被动：若【樱之迷宫】已激活，当一张局势牌于回合开始被展示后，你可以随 机额外激活一张月之圣杯局势牌；当一张于回合开始时被抽取的原事件牌展示后，你可以 将其移除，然后随机将一张游戏外的月之圣杯事件牌加入其位置。 管理权限-被动/行动阶段：移动至【月之圣杯】或你独自位于【月之圣杯】时，移动至一 处战场并且保留你的地利，回合结束时，若你未取得战斗胜利，失去3点魔力，若魔力不 足，剩余部分更改为失去战果。
2588,01从者\000已有从者\月-岸波白野从者\月之癌-GM.BB\3.1更新 (2).png,analyzed,5,3.1更新 (2)｜逐条语义审阅：宝具 13K 十之王冠 【真名解放】 权能解放-打出时：以七一五一一的顺序获得相应效果，每项效果每局游戏限一次： 七之丘-此牌印刷威力-7直至游戏结束，战力结算时，你获得X点合计威力。X为战力结算 时你的魔力值且至多为7。 五之丘-此牌印刷威力-5直至游戏结束，你获得5点魔力。 -之丘-此牌印刷威力-1直至游戏结束，移动至任意地点，你本回合不受你所在地点的其 他玩家的能力影响。然后，你可从新都、深山町或【月之圣杯】移动至任意位置，无视交 战状态。
2589,01从者\000已有从者\月-岸波白野从者\月之癌-GM.BB\3.1更新 (3).png,analyzed,5,3.1更新 (3)｜逐条语义审阅：特殊 13 樱之迷宫 此牌魔力消耗-X，X为本局游戏你打出正面朝上的牌的次数。 虚数空间-残留：你的其他特殊攻击名为【幸运】并获得“战斗阶段：你无视 【败北】效果”。你于常规出牌打出的攻击魔力消耗减半（向上取整）。回合开 始时，将所有地点的顺序随机打乱，箭头及移动消耗保持不变。 的，正面朝上的牌的属性与卡牌文字效果，回合结束时，将获得效果的牌移除游戏。
2590,01从者\000已有从者\月-岸波白野从者\月之癌-GM.BB\ATK卡\3.1GMBB攻击卡 (1).png,analyzed,5,3.1GMBB攻击卡 (1)｜逐条语义审阅：魔术 蓝色权能 11& Cursed-打出时：所有与你位于同一地点的玩家失去1点战果。
2591,01从者\000已有从者\月-岸波白野从者\月之癌-GM.BB\ATK卡\3.1GMBB攻击卡 (10).png,analyzed,5,3.1GMBB攻击卡 (10)｜逐条语义审阅：敏捷 8K 绿色权能 4 Cupid-打出时：沿着箭头移动至多一步。
2592,01从者\000已有从者\月-岸波白野从者\月之癌-GM.BB\ATK卡\3.1GMBB攻击卡 (11).png,analyzed,5,3.1GMBB攻击卡 (11)｜逐条语义审阅：敏捷 绿色权能 5 09K Cupid-打出时：沿着箭头移动至多一步。
2593,01从者\000已有从者\月-岸波白野从者\月之癌-GM.BB\ATK卡\3.1GMBB攻击卡 (12).png,analyzed,5,3.1GMBB攻击卡 (12)｜逐条语义审阅：魔术 蓝色权能 10K Cursed-打出时：所有与你位于同一地点的玩家失去1点战果。
2594,01从者\000已有从者\月-岸波白野从者\月之癌-GM.BB\ATK卡\3.1GMBB攻击卡 (2).png,analyzed,5,3.1GMBB攻击卡 (2)｜逐条语义审阅：魔术 蓝色权能 12% Cursed-打出时：所有与你位于同一地点的玩家失去1点战果。
2595,01从者\000已有从者\月-岸波白野从者\月之癌-GM.BB\ATK卡\3.1GMBB攻击卡 (3).png,analyzed,5,3.1GMBB攻击卡 (3)｜逐条语义审阅：特殊 无色权能 1& O Cleanser-打出时：获得1点魔力。
2596,01从者\000已有从者\月-岸波白野从者\月之癌-GM.BB\ATK卡\3.1GMBB攻击卡 (4).png,analyzed,5,3.1GMBB攻击卡 (4)｜逐条语义审阅：特殊 无色权能 O 2K Cupid-打出时：沿着箭头移动至多一步。
2597,01从者\000已有从者\月-岸波白野从者\月之癌-GM.BB\ATK卡\3.1GMBB攻击卡 (5).png,analyzed,5,3.1GMBB攻击卡 (5)｜逐条语义审阅：特殊 无色权能 3& Cursed-打出时：所有与你位于同一地点的玩家失去1点战果。
2598,01从者\000已有从者\月-岸波白野从者\月之癌-GM.BB\ATK卡\3.1GMBB攻击卡 (6).png,analyzed,5,3.1GMBB攻击卡 (6)｜逐条语义审阅：米 力量 4& 红色权能 Cleanser-打出时：获得1点魔力。
2599,01从者\000已有从者\月-岸波白野从者\月之癌-GM.BB\ATK卡\3.1GMBB攻击卡 (7).png,analyzed,5,3.1GMBB攻击卡 (7)｜逐条语义审阅：米 力量 5K 红色权能 Cleanser-打出时：获得1点魔力。
2600,01从者\000已有从者\月-岸波白野从者\月之癌-GM.BB\ATK卡\3.1GMBB攻击卡 (8).png,analyzed,5,3.1GMBB攻击卡 (8)｜逐条语义审阅：米 力量 2 6K 红色权能 Cleanser-打出时：获得1点魔力。
2601,01从者\000已有从者\月-岸波白野从者\月之癌-GM.BB\ATK卡\3.1GMBB攻击卡 (9).png,analyzed,5,3.1GMBB攻击卡 (9)｜逐条语义审阅：敏捷 绿色权能 3 7K Cupid-打出时：沿着箭头移动至多一步。
2602,01从者\000已有从者\月-岸波白野从者\月之癌-GM.BB\GM.BB.png,non_rule,5,"非规则/静态素材：GM.BB；转写“Cancer Game Master B.B. 米 4,5,6 @ 7,8,9 × 10,11,12”，未发现可执行的阶段能力。"
2603,01从者\000已有从者\月-岸波白野从者\月之癌-GM.BB\战场卡\卡背.png,unclear,5,OCR不明：卡背；现有转写为“（未识别到文字）”，不足以判断规则，不据此提出operation。
2604,01从者\000已有从者\月-岸波白野从者\月之癌-GM.BB\战场卡\战场卡 (1).png,non_rule,5,非规则/静态素材：战场卡 (1)；转写“月之圣杯”，未发现可执行的阶段能力。
2605,01从者\000已有从者\月-岸波白野从者\月之癌-GM.BB\战场卡\战场卡 (2).png,non_rule,5,非规则/静态素材：战场卡 (2)；转写“魔术工房”，未发现可执行的阶段能力。
2606,01从者\000已有从者\月-岸波白野从者\月之癌-GM.BB\战场卡\战场卡 (3).png,non_rule,5,非规则/静态素材：战场卡 (3)；转写“下高141 深山町”，未发现可执行的阶段能力。
2607,01从者\000已有从者\月-岸波白野从者\月之癌-GM.BB\战场卡\战场卡 (4).png,non_rule,5,非规则/静态素材：战场卡 (4)；转写“新都”，未发现可执行的阶段能力。
2608,01从者\000已有从者\月-岸波白野从者\月之癌-GM.BB\战场卡\战场卡 (5).png,non_rule,5,非规则/静态素材：战场卡 (5)；转写“侦查”，未发现可执行的阶段能力。
2609,01从者\000已有从者\月-岸波白野从者\神话礼装-不夜\太阳的 数字.jpg,analyzed,5,太阳的 数字｜逐条语义审阅：力量 米 特殊 3 3K 太阳的数字 挑战一被动：当一张事件牌被展示后，你可以弃置一张与其 提到的属性对应的手牌后抽一张牌。该事件牌获得+3战果。 阳光普照-战斗阶段：花费3点魔力（若你位于被挑战的事件 牌的战斗中则无需花费魔力），将你基本威力为3的攻击的 基本威力翻至三倍。
2610,01从者\000已有从者\月-岸波白野从者\神话礼装-不夜\神话礼装-不夜.png,analyzed,5,"神话礼装-不夜｜逐条语义审阅：神话礼装·不夜 米3,3,3,4,5 β Luck ? 3,3,4,5 β Preparation ×3"
2611,01从者\000已有从者\月-岸波白野从者\神话礼装-不夜\轮转胜利之剑.jpg,analyzed,5,轮转胜利之剑｜逐条语义审阅：米 力量 宝具 12K 轮转胜利之剑 【真名解放】 被动/前哨阶段：若当前回合数为3的倍数且你位于战场， 将你技能区的【太阳的数字】加入攻击。
2612,01从者\000已有从者\月-岸波白野从者\神话礼装-不夜\骑士的夙愿.jpg,analyzed,5,骑士的夙愿｜逐条语义审阅：骑士的夙愿 若再重逢-被动/行动阶段：根据X（X为你连续且不间断 赢得战斗的次数），你：1+：获得+3合计威力。 2+：并可以花费3点魔力，令一张你控制的基本威力为3 的攻击获得【对魔力】的卡牌文字效果。 3+：并可以打出一张基本威力为3的攻击。
2613,01从者\000已有从者\月-岸波白野从者\神话礼装-八极\无二打.jpeg,analyzed,5,无二打｜逐条语义审阅：米 力量 敏捷 无二打 3 10K 【真名解放】 猛虎硬爬山一战斗阶段：选择一张你控制的，与一名你交战 对手控制的攻击具有相同属性的暗置攻击移除游戏，然后令 该对手【败北】。
2614,01从者\000已有从者\月-岸波白野从者\神话礼装-八极\无极.jpeg,analyzed,5,无极｜逐条语义审阅：无极 被动：你可以于你的任意阶段开始时花费1点魔力，然后获得 一项持续至本回合结束的效果：1.准备阶段：隐藏你的区域。 2.前哨阶段：抽一张牌，然后打出一张暗置手牌。 3.行动阶段：你可以于战斗阶段使用行动阶段能力。 4.战斗阶段：将一张你激活的攻击改为暗置。
2615,01从者\000已有从者\月-岸波白野从者\神话礼装-八极\神话礼装-八极.jpeg,analyzed,5,"神话礼装-八极｜逐条语义审阅：神话礼装·八极 *4,4,5 Surveil ? 4,4,5 Surveil 4,4,5 Preparation"
2616,01从者\000已有从者\月-岸波白野从者\神话礼装-八极\阴阳交错.jpeg,analyzed,5,阴阳交错｜逐条语义审阅：阴阳交错 被动/前哨阶段：花费1点魔力，【神话礼装·八极】的 其他技能魔力消耗和基本威力翻倍并失去所有卡牌文字 效果。
2617,01从者\000已有从者\月-岸波白野从者\神话礼装-剑之王者\3.5更新 (1).png,analyzed,5,3.5更新 (1)｜逐条语义审阅：遥远的理想乡 被动：当你即将被淘汰时，改为将此牌移除来继续进行 游戏，然后回复等于当前高潮回合数的令咒。 （第9回合=高潮第1回合，以此类推）
2618,01从者\000已有从者\月-岸波白野从者\神话礼装-剑之王者\3.5更新 (2).png,analyzed,5,3.5更新 (2)｜逐条语义审阅：米 力量 宝具 12K 誓约胜利之剑 8 【真名解放】 战斗阶段：你获得+4合计威力。高潮回合时，若你赢得第 11回合的战斗，获得游戏胜利。
2619,01从者\000已有从者\月-岸波白野从者\神话礼装-剑之王者\3.5更新 (3).png,analyzed,5,3.5更新 (3)｜逐条语义审阅：魔术 风王结界 4& 4 若你真名隐藏，此牌被打出时的魔力消耗-2。 打出时：选择米力量或×魔术属性。 战斗阶段：将与你位于同一战场的对手控制的你选择属性的 攻击威力降低为0。
2620,01从者\000已有从者\月-岸波白野从者\神话礼装-剑之王者\旧\剑之王者.png,analyzed,5,"剑之王者｜逐条语义审阅：骑士之王 米 3,4,5,5,5,5 β Luck @4 7 Luck * 3,4 Surveil"
2621,01从者\000已有从者\月-岸波白野从者\神话礼装-剑之王者\旧\遥远的理想乡.png,analyzed,5,遥远的理想乡｜逐条语义审阅：遥远的理想乡 被动：当你首次即将被淘汰时，改为将此牌移除来继续 进行游戏，然后回复等于当前高潮回合数的令咒。 （第9回合=高潮第1回合，以此类推）
2622,01从者\000已有从者\月-岸波白野从者\神话礼装-剑之王者\旧\风王结界.png,analyzed,5,风王结界｜逐条语义审阅：魔术 宝具 风王结界 4K 4 被动：与你位于同一战场的对手无法于你首次【真名解放】 的回合使用能力。 战斗阶段：将与你位于同一战场的对手的米力量攻击威力 降低为0。
2623,01从者\000已有从者\月-岸波白野从者\神话礼装-剑之王者\誓约胜利之剑.png,analyzed,5,誓约胜利之剑｜逐条语义审阅：米 力量 宝具 12K 誓约胜利之剑 8 【真名解放】 神造兵装-被动/行动阶段：你手牌与技能区的攻击-1魔力 消耗，你的基础攻击+1威力。 战斗阶段：高潮回合时，你获得+4合计威力。若你赢得第 11回合的战斗，获得游戏胜利。
2624,01从者\000已有从者\月-岸波白野从者\神话礼装-卫宫\3.1更新 (1).png,analyzed,5,3.1更新 (1)｜逐条语义审阅：迅捷 宝具 伪·螺旋剑 4K 2 【真名解放】 <每局游戏限一次> 行动阶段：将你的地利变为3倍。 战斗阶段：若赢得本场战斗，获得4战果。
2625,01从者\000已有从者\月-岸波白野从者\神话礼装-卫宫\3.1更新 (2).png,analyzed,5,3.1更新 (2)｜逐条语义审阅：米 力量 宝具 干将·莫邪 10 15K （你的魔力需要达到8点才能打出此牌） 投影-此牌需追加打出。
2626,01从者\000已有从者\月-岸波白野从者\神话礼装-卫宫\3.1更新 (3).png,analyzed,5,3.1更新 (3)｜逐条语义审阅：回路连接 【真名解放】 <每局游戏限一次> 崩坏的幻想-被动/行动阶段：移除你技能区的【投影】。 将游戏外的【伪·螺旋剑】，【炽天覆七重圆环】 【干将·莫邪】和【永恒遥远的黄金之剑】加入你的技能 区并令其全部获得<每局游戏限一次>。
2627,01从者\000已有从者\月-岸波白野从者\神话礼装-卫宫\3.1更新 (4).png,analyzed,5,3.1更新 (4)｜逐条语义审阅：米 力量 宝具 7 12% 永恒遥远的黄金之剑 【真名解放】 只有在【无限剑制】激活时才可使用此牌。 战斗阶段：若你赢得第11回合的战斗，获得游戏胜利。
2628,01从者\000已有从者\月-岸波白野从者\神话礼装-卫宫\3.1更新 (5).png,analyzed,5,3.1更新 (5)｜逐条语义审阅：特殊 无限剑制 【真名解放】 打出时：生成一个由你打出的牌，手牌，牌堆以及弃牌堆形成的12张 牌的手牌。 残留：你每回合可以打出0-4张牌，你不能抽牌。当你没有手牌时， 关闭此牌。战斗阶段开始时，令任意张你本回合打出的非技能牌或背 面向上的攻击返回你的手牌。
2629,01从者\000已有从者\月-岸波白野从者\神话礼装-卫宫\3.1更新 (6).png,non_rule,5,非规则/静态素材：3.1更新 (6)；转写“投影”，未发现可执行的阶段能力。
2630,01从者\000已有从者\月-岸波白野从者\神话礼装-卫宫\3.1更新 (7).png,analyzed,5,3.1更新 (7)｜逐条语义审阅：特殊 2 4& 炽天覆七重圆环 战斗阶段：将同一战场所有对手的 属性威力变为0。
2631,01从者\000已有从者\月-岸波白野从者\神话礼装-卫宫\神-卫宫.png,analyzed,5,"神-卫宫｜逐条语义审阅：神话礼装·炼铁 米 2,5 Surveil 2,4,4,5 Preparation × 2,5,5 β Preparation"
2632,01从者\000已有从者\月-岸波白野从者\神话礼装-原初\天之锁.png,analyzed,5,天之锁｜逐条语义审阅：宝具 天之锁 0O0& 【真名解放】 冀以锁系神明-残留：此牌持续激活至下回合战斗阶段结束。你无法 使用宝具且不能离开你所在的战场（包括回合结束时）。 被动/行动阶段：若你是【神话礼装·原初】，花费2点魔力，将此牌 加入一名你交战对手的攻击且令此牌于下回合结束时返回你的技能区。
2633,01从者\000已有从者\月-岸波白野从者\神话礼装-原初\天地乖离开辟之星.png,analyzed,5,天地乖离开辟之星｜逐条语义审阅：宝具 PIXIVID 天地乖离开辟之星 12 83 【真名解放】 此牌不能被复制，盗用，无效关闭或同其他牌一起打出。 当你需要于战力结算外计算攻击威力或合计威力时，不计 入此牌的威力。
2634,01从者\000已有从者\月-岸波白野从者\神话礼装-原初\旧\3.1更新 (1).png,analyzed,5,3.1更新 (1)｜逐条语义审阅：宝具 天之锁 【真名解放】 被动/行动阶段：打出此牌并将此牌加入一名与你位于同一战场的交战 对手的攻击之中。此牌不能通过其他任何方式入场。 冀以锁系神明-残留：此牌持续激活至被加入攻击的第二个回合结束。 你不可使用 宝具且你不能离开你所在的地点。前哨阶段，你可向 神话礼装·原初支付2点魔力来关闭此牌。
2635,01从者\000已有从者\月-岸波白野从者\神话礼装-原初\旧\3.1更新 (2).png,analyzed,5,3.1更新 (2)｜逐条语义审阅：米 力量 敏捷 魔术 王律之键 3 6K 【真名解放】 收藏家-被动：回合结束时，若你位于地利位置或侦查，获 得1点战果。 千里眼-行动阶段：将你的地利翻倍。
2636,01从者\000已有从者\月-岸波白野从者\神话礼装-原初\旧\3.1更新 (3).png,analyzed,5,3.1更新 (3)｜逐条语义审阅：宝具 PIXIVID 12 天地乖离开辟之星 87 【真名解放】 此牌不能同其他牌一起打出，是你本回合打出唯一的一张牌。 此牌不能被复制，盗用或无效关闭。当你因其他玩家的能力 影响需要于用于战力结算外计算战力时，不计入此牌带来的 威力，【气息遮断】等类似效果依然正常结算生效。
2637,01从者\000已有从者\月-岸波白野从者\神话礼装-原初\旧\神-闪闪.png,analyzed,5,"神-闪闪｜逐条语义审阅：MythDress 神话礼装·原初 米 3,4,5 7 Luck ? 3,4,5 Luck × 3,4,5 β Preparation"
2638,01从者\000已有从者\月-岸波白野从者\神话礼装-原初\王律之键.png,analyzed,5,王律之键｜逐条语义审阅：宝具 XO 4& 王律之键 【真名解放】 打出时：自由选择X。此牌获得X种非β特殊属性（由你 选择）。收藏家-被动：回合结束时，若你位于地利位置或 侦查，你可以获得1点战果，若你获胜，改为获得2点战果。 千里眼-行动阶段：翻倍你的地利。
2639,01从者\000已有从者\月-岸波白野从者\神话礼装-原初\神话礼装-原初 .png,analyzed,5,"神话礼装-原初 ｜逐条语义审阅：MythDress 神话礼装·原初 米 3,4,5 β Luck 3,4,5 β Luck × 3,4,5 β Preparation"
2640,01从者\000已有从者\月-岸波白野从者\神话礼装-尼禄\3.1更新 (2).png,analyzed,5,3.1更新 (2)｜逐条语义审阅：魔术 宝具 4 1K 童女讴歌的繁华帝政 【真名解放】 富之杯-被动：此牌威力+X，X你本局游戏因原初之火被移 除游戏的牌的数量。 原初之火-行动阶段：抽2张牌，从手牌中打出任意张基本威 力不同的攻击，然后将手牌中剩余的牌移除游戏。
2641,01从者\000已有从者\月-岸波白野从者\神话礼装-尼禄\3.5更新 (1).png,analyzed,5,3.5更新 (1)｜逐条语义审阅：特殊 3K 纵使三度迎来落日 【真名解放】 <每局游戏限一次> 残留：当你第三次使用终焉蔷薇的回合结束时，关闭此牌。 终焉蔷薇-行动阶段：选择创造并激活一张临时的【幸运】， 【疾行】或【远隔操作】直至本回合结束。
2642,01从者\000已有从者\月-岸波白野从者\神话礼装-尼禄\3.5更新 (2).png,analyzed,5,3.5更新 (2)｜逐条语义审阅：不夜特权 被动/准备阶段：花费1点魔力，将你本轮的玩家顺位调 整至首置或末置位，这不会影响其他玩家的行动顺序。 被动/行动阶段：你激活的米力量攻击获得敏捷属性， Q 敏捷获得×魔术，×魔术获得米力量（不重复获得）
2643,01从者\000已有从者\月-岸波白野从者\神话礼装-尼禄\旧\3.1更新 (1).png,analyzed,5,3.1更新 (1)｜逐条语义审阅：不夜特权 被动/行动阶段：你印刷属性为米力量、敏捷、×魔术的基础 攻击分别附加敏捷、×魔术、米力量属性。 被动/准备阶段：你可以花费2点魔力选择在本轮将自已的玩家顺位 调整至任意一位，这不会影响其他玩家的行动顺序。若你于本回合 赢得战斗，每有一名当前回合顺位在你之后的玩家就额外获得1战 果。
2644,01从者\000已有从者\月-岸波白野从者\神话礼装-尼禄\旧\3.1更新 (3).png,analyzed,5,3.1更新 (3)｜逐条语义审阅：特殊 3K 纵使三度迎来落日 【真名解放】 <每局游戏限一次> 残留：此牌持续激活至你第三次使用终焉蔷薇的回合结束。 终焉蔷薇-行动阶段：创造并激活一张临时的区特殊基础攻 击。
2645,01从者\000已有从者\月-岸波白野从者\神话礼装-尼禄\神-尼禄.png,analyzed,5,"神-尼禄｜逐条语义审阅：神话礼装·皇帝 米 2,3,4,5,5 β Luck ? 2,3,4,5 × 2,3"
2646,01从者\000已有从者\月-岸波白野从者\神话礼装-文豪\3.1更新 (1).png,analyzed,5,3.1更新 (1)｜逐条语义审阅：Sonnet 155 主从互换-被动/行动阶段：如果神话礼装·文豪是你的从 者，解锁你的【升华技】。 被动：你可以追加打出你的【升华技】和【开演之时已至 ，此处应有雷鸣般的喝彩】。
2647,01从者\000已有从者\月-岸波白野从者\神话礼装-文豪\3.1更新 (2).png,analyzed,5,3.1更新 (2)｜逐条语义审阅：特殊 XO 国王剧团 X为16－（当前回合数×2）。 残留：当你部署于魔术工房时，获得1点魔力和2点战果。 唯一/行动阶段：创造并激活一张你本回合打出的基础攻击的临 时复制。
2648,01从者\000已有从者\月-岸波白野从者\神话礼装-文豪\3.1更新 (3).png,analyzed,5,3.1更新 (3)｜逐条语义审阅：宝具 开演之时已至 5 此处应有雷鸣般的喝彩 【真名解放】 传奇创作-战斗阶段：使所有本回合未使用过令咒的交战玩 家【败北】。
2649,01从者\000已有从者\月-岸波白野从者\神话礼装-文豪\3.5更新.png,analyzed,5,3.5更新｜逐条语义审阅：宝具 开演之时已至 5 1k 此处应有雷鸣般的喝彩 【真名解放】 传奇创作-战斗阶段：令所有本回合未使用过令咒的，与你 交战的玩家【败北】。
2650,01从者\000已有从者\月-岸波白野从者\神话礼装-文豪\神-文豪.png,analyzed,5,"神-文豪｜逐条语义审阅：883 神话礼装·文豪 米 3,3,4 β Surveil 3,3,4 β Preparation * 3,4,4,5"
2651,01从者\000已有从者\月-岸波白野从者\神话礼装-无名剑士\一之太刀.png,analyzed,5,一之太刀｜逐条语义审阅：敏捷 一之太刀 5 7K 你拥有的魔力少于8点也可打出此牌。 战斗阶段：选择一张你交战对手控制的基础攻击，然后从 手牌弃置一张米力量基础攻击将其关闭。
2652,01从者\000已有从者\月-岸波白野从者\神话礼装-无名剑士\三之太刀.png,analyzed,5,三之太刀｜逐条语义审阅：敏捷 3& 三之太刀 你可于打出两张&迅捷攻击时追加打出此牌 燕返-若你同时控制【一之太刀】和【二之太刀】，你【真 名解放】并获得+3合计威力。
2653,01从者\000已有从者\月-岸波白野从者\神话礼装-无名剑士\二之太刀.png,analyzed,5,二之太刀｜逐条语义审阅：敏捷 二之太刀 20 15& 行动阶段：与你位于同一地点的其他玩家无法使用行动阶 段或战斗阶段能力。
2654,01从者\000已有从者\月-岸波白野从者\神话礼装-无名剑士\旧\一之太刀.png,analyzed,5,一之太刀｜逐条语义审阅：敏捷 一之太刀 5 7& 你拥有的魔力少于8点也可打出此牌。 战斗阶段：选择一张你交战对手控制的基础攻击，然后从 手牌弃置一张米力量基础攻击将其关闭并获得2点魔力。
2655,01从者\000已有从者\月-岸波白野从者\神话礼装-无名剑士\旧\二之太刀.png,analyzed,5,二之太刀｜逐条语义审阅：敏捷 二之太刀 3 5K 行动阶段：位于魔术工房和与你位于同一战场的其他玩家 无法使用行动阶段或战斗阶段能力。
2656,01从者\000已有从者\月-岸波白野从者\神话礼装-无名剑士\神话礼装-无名剑士.png,analyzed,5,"神话礼装-无名剑士｜逐条语义审阅：MythDress 无名剑士 米 3,4,5 β Luck ? 4,4,4,5,5,5 β Luck β Surveil"
2657,01从者\000已有从者\月-岸波白野从者\神话礼装-狐狸\3.5更新千年京.png,analyzed,5,3.5更新千年京｜逐条语义审阅：宝具 米 千年京 【真名解放】 神之国-被动：回合结束时，激活的此牌所在地点的所有非【咒相】的 【幸运】、【远隔操作】、×魔术属性的基础攻击的拥有者需为其每张 相应的攻击选择下列一项：1.令此牌作为【咒相】放置于【千年京】， 获得1点战果。2.失去1点魔力。 被动/行动阶段：花费6点魔力，将此牌设置于或移动至你所在的地点。
2658,01从者\000已有从者\月-岸波白野从者\神话礼装-狐狸\3.5更新水天.png,analyzed,5,3.5更新水天｜逐条语义审阅：魔术 宝具 0 水天日光轩辕八野镇石 【真名解放】 天照-行动阶段：打出X张【咒相】，X为未淘汰的玩家数（ 不足则全部打出）。战力结算后，你为每张以此法打出的 【咒相】分别选择：1.花费1点魔力，令此牌作为【咒相】 返回【千年京】。2.将此牌移除游戏。
2659,01从者\000已有从者\月-岸波白野从者\神话礼装-狐狸\3.5更新狐之婚嫁.png,analyzed,5,3.5更新狐之婚嫁｜逐条语义审阅：魔术 3 7& 狐之婚嫁 被动：你激活的×魔术攻击不受其他玩家的能力影响。 晴天之雨-被动/行动阶段：【咒相】和你的【远隔操作】 【幸运】失去原有属性并获得×魔术属性。
2660,01从者\000已有从者\月-岸波白野从者\神话礼装-狐狸\旧\3.1更新 (1).png,analyzed,5,3.1更新 (1)｜逐条语义审阅：魔术 3 7& 狐之婚嫁 晴天之雨-被动/行动阶段：【咒相】和你的【远隔操作】、 【幸运】失去原有属性，获得×魔术属性。 出云之女-被动：你的攻击不会因其他玩家的能力影响无效 化或减少威力。
2661,01从者\000已有从者\月-岸波白野从者\神话礼装-狐狸\旧\3.1更新 (2).png,analyzed,5,3.1更新 (2)｜逐条语义审阅：宝具 米 千年京 【真名解放】 被动/行动阶段：花费6点魔力，将此牌设置于或移动至你所在的地点。 神之国-被动：回合结束时，激活的此牌所在地点的所有非【咒相】的 【幸运】、【远隔操作】×魔术属性的基础攻击的拥有者为每张相应 的攻击选择下列一项：1.令此牌成为【咒相】放置于【千年京】上， 获得1点战果。2.失去1点魔力。
2662,01从者\000已有从者\月-岸波白野从者\神话礼装-狐狸\旧\3.1更新 (3).png,analyzed,5,3.1更新 (3)｜逐条语义审阅：魔术 宝具 O 水天日光轩辕八野镇石 【真名解放】 天照-行动阶段：打出所有【咒相】。战力结算后，每一张 【咒相】可选择以下两种处理方式：1.花费1点魔力，令此牌 作为【咒相】返回【千年京】。2.将此牌置于你的弃牌堆。
2663,01从者\000已有从者\月-岸波白野从者\神话礼装-狐狸\神-狐狸.png,analyzed,5,"神-狐狸｜逐条语义审阅：MythDress 神话礼装·太阳 米 3,4 冈 7 Luck @3,5 Luck * 3,4,5,5,5 β Preparation"
2664,01从者\000已有从者\月-岸波白野从者\神话礼装-猎犬\卢恩魔术.jpg,analyzed,5,卢恩魔术｜逐条语义审阅：魔术 卢恩魔术 3 1& 打出时：选择以下一项作为此牌的效果直至关闭： 战斗续行一行动阶段：移动至除魔术工房外的任意地点。 阵地作成-残留：此牌持续激活两个回合。当你部署于魔术 工房时，获得1点魔力和2点战果。 狂化-行动阶段：打出一张手牌并令其获得+3威力。
2665,01从者\000已有从者\月-岸波白野从者\神话礼装-猎犬\神话礼装-猎犬.jpg,analyzed,5,"神话礼装-猎犬｜逐条语义审阅：MythDr 神话礼装·猎犬 米3,4 Preparation ? 3,4,5,5,5 Preparation 3,5,5"
2666,01从者\000已有从者\月-岸波白野从者\神话礼装-猎犬\穿刺死棘之枪.png,analyzed,5,穿刺死棘之枪｜逐条语义审阅：敏捷 宝具 穿刺死棘之枪 3 【真名解放】 贯穿心脏-战斗阶段：若仅有一名对手与你位于同一战场， 令其【败北】。
2667,01从者\000已有从者\月-岸波白野从者\神话礼装-猎犬\突穿死翔之枪.jpg,analyzed,5,突穿死翔之枪｜逐条语义审阅：敏捷 宝具 7 10K 突穿死翔之枪 【真名解放】 倾盆而降-战斗阶段：你的每名交战对手失去X点战果。 若你获胜，获得X点战果。X为你的交战对手数量且至少为3。
2668,01从者\000已有从者\月-岸波白野从者\神话礼装-虎狼\乱世枭雄.jpeg,analyzed,5,乱世枭雄｜逐条语义审阅：米 力量 乱世枭雄 7K 0 你拥有的魔力少于8点也可使用此牌。 无前一你获胜时，不获得事件牌的战果，改为令竞争战果和 因令咒获得的战果翻倍。
2669,01从者\000已有从者\月-岸波白野从者\神话礼装-虎狼\戾火浮屠.jpeg,analyzed,5,戾火浮屠｜逐条语义审阅：房火浮屠 被动：回合结束时，你可以打出一张基础攻击。 若你本回合未与任何对手战斗或花费X点魔力，你失去X 点战果且你可以持续激活X张本回合激活的基础攻击至下 回合结束。
2670,01从者\000已有从者\月-岸波白野从者\神话礼装-虎狼\神话礼装-虎狼.jpeg,analyzed,5,"神话礼装-虎狼｜逐条语义审阅：神话礼装·虎狼 米3,4,5,5,7,7,9 Luck 3,3,4,7"
2671,01从者\000已有从者\月-岸波白野从者\神话礼装-虎狼\神鬼无前.jpeg,analyzed,5,神鬼无前｜逐条语义审阅：宝具 神鬼无前 【真名解放】 被动/行动阶段：选择你激活的一张攻击并花费其消耗的 魔力（至少为1），令其基本威力翻倍并获得<每局游戏 限一次>。
2672,01从者\000已有从者\月-岸波白野从者\神话礼装-阿蒂拉\3.1更新 (1).png,analyzed,5,3.1更新 (1)｜逐条语义审阅：米 力量 敏捷 魔术 12 12K 游星之纹章 【真名解放】 <每局游戏限一次> 文明侵蚀-残留：此牌持续激活至使用的第二个回合结束。 此牌关闭时，选择一处战场。然后，在接下来你存在的游戏 中，为此地点抽取事件牌时使用【文明废墟】牌堆。
2673,01从者\000已有从者\月-岸波白野从者\神话礼装-阿蒂拉\3.1更新 (2).png,analyzed,5,3.1更新 (2)｜逐条语义审阅：米 力量 敏捷 魔术 宝具 8 12% 巨神之剑 【真名解放】 被动/行动阶段：巨神阿蒂拉的技能牌魔力消耗-X，X为你所 在战场正面表示战果最高的事件牌的战果数。 行动阶段：你的攻击不会被无效关闭，也不会被降低威力。
2674,01从者\000已有从者\月-岸波白野从者\神话礼装-阿蒂拉\3.1更新 (3).png,analyzed,5,3.1更新 (3)｜逐条语义审阅：特殊 8 女神变生·赛法卢 【真名解放】 此牌魔力消耗-X，X为本局游戏你赢得战斗的次数。 你可以追加打出此牌。 行动阶段：你的所有基础攻击获得“残留”至本回合结束。
2675,01从者\000已有从者\月-岸波白野从者\神话礼装-阿蒂拉\巨神阿蒂拉.png,analyzed,5,"巨神阿蒂拉｜逐条语义审阅：MythDres 巨神阿蒂拉 米 5,5,5,5,5 β Surveil ? 5,5,5,5,5 β Luck"
2676,01从者\001待加入从者\01其他\术-丝碧涅\httpcloud3steamusercontentcomugc18932259554406686321012186D3F4105A443DFDDAD58B44DCB0415304D.png,analyzed,5,"httpcloud3steamusercontentcomugc18932259554406686321012186D3F4105A443DFDDAD58B44DCB0415304D｜逐条语义审阅：aeter 丝碧涅 米 3,3,4 Surveil 2,3,4 Luck 2,3,4,4"
2677,01从者\001待加入从者\01其他\术-丝碧涅\httpcloud3steamusercontentcomugc1893225955440669547A2F30F2C0FEAD325770A00F193C24FCAD7625963.png,analyzed,5,httpcloud3steamusercontentcomugc1893225955440669547A2F30F2C0FEAD325770A00F193C24FCAD7625963｜逐条语义审阅：创造物工厂 被动：【丝碧涅】的【创造物】获得“打出时：将一张此卡的 复制洗入牌库”。 被动：当你的弃牌堆被洗回牌库时，你【淘汰】。 被动/行动阶段：随机将游戏外的一张【创造物】加入抽牌堆， 抽一张牌，弃置一张手牌。
2678,01从者\001待加入从者\01其他\术-丝碧涅\httpcloud3steamusercontentcomugc1893225955440670326ABA0823D519CBF1CCC3A1915D14FDA4743AEDF1E.png,analyzed,5,httpcloud3steamusercontentcomugc1893225955440670326ABA0823D519CBF1CCC3A1915D14FDA4743AEDF1E｜逐条语义审阅：宝具 转动的命运 5 【真名解放】 机械降神-行动阶段：<每局游戏限三次>选择一张【创造物】 无论他在哪里），创造并激活他的临时复制。如果被选择的【创 造物】已经放置在【绝高无上·谦恭】上，改为将选择的【创造 物】及其同名卡从任何地方加入攻击。
2679,01从者\001待加入从者\01其他\术-丝碧涅\httpcloud3steamusercontentcomugc18932259554406723192BAE178EBEF10D946C8B8A75F0ADC473643749C1.png,analyzed,5,httpcloud3steamusercontentcomugc18932259554406723192BAE178EBEF10D946C8B8A75F0ADC473643749C1｜逐条语义审阅：特殊 宝具 绝高无上·谦恭 X 被动：【丝碧涅】使用的【创造物】不进入弃牌堆，而是放置 于此卡上。 残留：X等于此卡上放置的【创造物】的种类。 行动阶段：抽一张牌，弃置一张手牌。
2680,01从者\001待加入从者\01其他\术-丝碧涅\httpcloud3steamusercontentcomugc18932259554406873222C2974AE0101AF4E761FC33ACF862C5809075761.png,analyzed,5,httpcloud3steamusercontentcomugc18932259554406873222C2974AE0101AF4E761FC33ACF862C5809075761｜逐条语义审阅：特殊 创世的创造物 3& 行动阶段：<同名卡每局游戏限两次>如果【绝高无上·谦恭】的X 大于5，将一张【加农炮的创造物】加入手牌。 战斗阶段：关闭此牌，下回合获得3点合计威力。
2681,01从者\001待加入从者\01其他\术-丝碧涅\httpcloud3steamusercontentcomugc189322595544068786793CD6A6BA4EC52F32E9C154D1BB460D103F7B10C.png,analyzed,5,httpcloud3steamusercontentcomugc189322595544068786793CD6A6BA4EC52F32E9C154D1BB460D103F7B10C｜逐条语义审阅：敏捷 1 3K 古老的创造物 此牌可以追加打出。
2682,01从者\001待加入从者\01其他\术-丝碧涅\httpcloud3steamusercontentcomugc189322595544068837086AD247360A374DC00E2EBE5B6FB9B048ED894B5.png,analyzed,5,httpcloud3steamusercontentcomugc189322595544068837086AD247360A374DC00E2EBE5B6FB9B048ED894B5｜逐条语义审阅：宝具 加农炮的创造物 0 XK <每局游戏限一次> 此牌需要追加打出。 X为你控制的【创造物】数量+1. 被动-此牌不视为【创造物】。
2683,01从者\001待加入从者\01其他\术-丝碧涅\httpcloud3steamusercontentcomugc1893225955440689124059EB183DC72475A232E2B3C52B55C04509338CB.png,analyzed,5,httpcloud3steamusercontentcomugc1893225955440689124059EB183DC72475A232E2B3C52B55C04509338CB｜逐条语义审阅：米 力量 4& 解析的创造物 O 行动阶段：获得1点魔力，抽1张牌。
2684,01从者\001待加入从者\01其他\术-丝碧涅\httpcloud3steamusercontentcomugc18932259554406897440B580286D0C5A72D70F52ABC835706B0C225B387.png,analyzed,5,httpcloud3steamusercontentcomugc18932259554406897440B580286D0C5A72D70F52ABC835706B0C225B387｜逐条语义审阅：特殊 0 2K 神秘的创造物 打出时：获得2点魔力。 唯一/残留
2685,01从者\001待加入从者\01其他\术-丝碧涅\httpcloud3steamusercontentcomugc18932259554406901159425ADF8D6C265E4733E82542E57F366856138B1.png,analyzed,5,httpcloud3steamusercontentcomugc18932259554406901159425ADF8D6C265E4733E82542E57F366856138B1｜逐条语义审阅：特殊 O& 水银的创造物 O 行动阶段：此牌威力+4 被动/战斗阶段：此牌可以追加打出。在本回合你无视【直接败北】
2686,01从者\001待加入从者\01其他\术-丝碧涅\httpcloud3steamusercontentcomugc1893225955440690569E31BC54249C97601FECFDEF1F2931BD7D814260D.png,analyzed,5,httpcloud3steamusercontentcomugc1893225955440690569E31BC54249C97601FECFDEF1F2931BD7D814260D｜逐条语义审阅：米 力量 4& 锋锐的创造物 战斗阶段：支付3点魔力，此牌消耗和基本威力+3.
2687,01从者\001待加入从者\01其他\术-丝碧涅\httpcloud3steamusercontentcomugc1893225955440691070B193F73960F056092EC9AE38DB7EF780432693F8.png,analyzed,5,httpcloud3steamusercontentcomugc1893225955440691070B193F73960F056092EC9AE38DB7EF780432693F8｜逐条语义审阅：魔术 2 2K 迅袭的创造物 被动/行动阶段：若你本回合进行了移动。将此牌加入攻击。 行动阶段：沿着箭头最多移动2步。
2688,01从者\001待加入从者\01其他\术-丝碧涅\httpcloud3steamusercontentcomugc18932259554406915434B2374533E751C046E09791DD0A77FAA34EBCF16.png,analyzed,5,httpcloud3steamusercontentcomugc18932259554406915434B2374533E751C046E09791DD0A77FAA34EBCF16｜逐条语义审阅：敏捷 守御的创造物 3 6K 被动-你打出的牌，手牌，技能区的牌不会被其他玩家的能力影响。
2689,01从者\001待加入从者\01其他\术-丝碧涅\httpcloud3steamusercontentcomugc1893225955440692444EBE99AEBAE5177EA6D1DBC43D0C9003306807EF0.png,analyzed,5,httpcloud3steamusercontentcomugc1893225955440692444EBE99AEBAE5177EA6D1DBC43D0C9003306807EF0｜逐条语义审阅：米 力量 205K 绚烂的创造物 行动阶段：重新部署于一处战场。
2690,01从者\001待加入从者\01其他\术-丝碧涅\httpcloud3steamusercontentcomugc18932259554406929443FBBB47B5D61C080E400F9E78C5540ACE75290E7.png,analyzed,5,httpcloud3steamusercontentcomugc18932259554406929443FBBB47B5D61C080E400F9E78C5540ACE75290E7｜逐条语义审阅：魔术 X 增殖的创造物 2& 唯一/行动阶段：创造一张此牌的临时复制。
2691,01从者\001待加入从者\01其他\术-丝碧涅\httpcloud3steamusercontentcomugc18932259554406955795C2BD34A0E6B0E00169D0E2A19A6A2C7688695A1.png,non_rule,5,非规则/静态素材：httpcloud3steamusercontentcomugc18932259554406955795C2BD34A0E6B0E00169D0E2A19A6A2C7688695A1；转写“米 力量 敏捷 魔术 5 5K 精奥的创造物”，未发现可执行的阶段能力。
2692,01从者\001待加入从者\01其他\术-桃乐丝\httpcloud3steamusercontentcomugc17569878602562365099D1292707EA93E5A3D447070D6449C3DB57B77D1.png,analyzed,5,"httpcloud3steamusercontentcomugc17569878602562365099D1292707EA93E5A3D447070D6449C3DB57B77D1｜逐条语义审阅：次元魔女·桃乐丝 米 Luck 3,4,4 Preparation ? × 3,3,4,4,5,5 Preparation"
2693,01从者\001待加入从者\01其他\术-桃乐丝\httpcloud3steamusercontentcomugc1756987860256237886DA2B4EC7A702AF7B30E6B9E31C60CF31B1C747D8.png,analyzed,5,httpcloud3steamusercontentcomugc1756987860256237886DA2B4EC7A702AF7B30E6B9E31C60CF31B1C747D8｜逐条语义审阅：次元超越 [真名解放] <每局游戏限一次> 被动/战斗阶段：将你从桌面上移除游戏。若你上回合的合计威 力比你原战场获胜者的合计威力更高，则你取代变为胜利者。
2694,01从者\001待加入从者\01其他\术-桃乐丝\httpcloud3steamusercontentcomugc1756987860256238392833D0F4C39CCE38B479F2F533620A02D20D08B72.png,analyzed,5,httpcloud3steamusercontentcomugc1756987860256238392833D0F4C39CCE38B479F2F533620A02D20D08B72｜逐条语义审阅：★ 魔术 宝具 8 命运的指引 【真名解放】 被动：你受局势牌影响时，其上印刷的非宝具属性均视为魔术属性。 打出时：回合结束时，将游戏外的【次元超越】加入你的技能区。 行动阶段：战力结算前，将你的合计威力设置成0.下回合你的合计 威力增加本回合合计威力因此卡效果减少的部分。
2695,01从者\001待加入从者\01其他\术-桃乐丝\httpcloud3steamusercontentcomugc17569878602562397285271313750B038B4992E78E375BFC97A5A679946.png,analyzed,5,httpcloud3steamusercontentcomugc17569878602562397285271313750B038B4992E78E375BFC97A5A679946｜逐条语义审阅：魔术 7& 无尽巫师 4 每回合仅限使用【无尽巫师】上的一项能力。 行动阶段：若你上回合合计威力为0，从手牌中打出最多三张牌。 行动阶段：暗置一张手牌，其下回合加入你的攻击。本回合你的魔 术属性攻击的威力和你的合计威力不会被其他玩家的能力减少。
2696,01从者\001待加入从者\01其他\降临者-卑尔维斯\httpcloud3steamusercontentcomugc2214142943532593024916D638531B813B29C312880D605857AC961C9EF.jpg,analyzed,5,"httpcloud3steamusercontentcomugc2214142943532593024916D638531B813B29C312880D605857AC961C9EF｜逐条语义审阅：Foreigner 卑尔维斯 米4,4,5,5 Foreigner Class ? 2,2,3 Foreigner Class 2,2 Foreigner Class"
2697,01从者\001待加入从者\01其他\降临者-卑尔维斯\httpcloud3steamusercontentcomugc2214142943532594135DCCFCECA15D1F387486CE4C79833E51279BEB2F1.jpg,analyzed,5,httpcloud3steamusercontentcomugc2214142943532594135DCCFCECA15D1F387486CE4C79833E51279BEB2F1｜逐条语义审阅：溶烛化紫 <每局游戏限一次> 被动/行动阶段：查看事件牌堆，秘密选择其中一种事件 牌秘密赋予【虚空】标记后按原顺序放回。【虚空】标 记会令被赋予的事件牌于所有人的战斗阶段开始时转化 为【虚空】事件牌。
2698,01从者\001待加入从者\01其他\降临者-卑尔维斯\httpcloud3steamusercontentcomugc22141429435325946481740E41C0BB58FEA38FA61F202F9671B28A63D50.jpg,analyzed,5,httpcloud3steamusercontentcomugc22141429435325946481740E41C0BB58FEA38FA61F202F9671B28A63D50｜逐条语义审阅：米 力量 宝具 7K 万载豪笼 虚空珊瑚一被动：若你于存在【虚空】事件牌的战斗获胜，令游戏 外的【溶烛化紫】返回你的技能区。 战斗阶段：若你获胜，下个回合开始时，选择一名你战斗中的败者 未激活的从者技能并将其移除，然后你为其创造并激活被移除牌基 本威力六分之一数量的【领域外生命】。（向上取整，至少为1）
2699,01从者\001待加入从者\01其他\降临者-卑尔维斯\httpcloud3steamusercontentcomugc2214142943532595148CD455BA537D51E9FEB297EC04DCA9D69779027A3.jpg,analyzed,5,httpcloud3steamusercontentcomugc2214142943532595148CD455BA537D51E9FEB297EC04DCA9D69779027A3｜逐条语义审阅：特殊 虚空激流 4& 被动：每回合限一次，当【领域外生命】进入你的弃牌堆时， 你可以移除你牌堆顶的牌后改为将其洗入牌库。 行动阶段：每回合限四次，从游戏外、手牌、牌库或弃牌堆 中未被选择的位置打出一张【领域外生命】。（游戏外需存 在被移除的【领域外生命】）
2700,01从者\001待加入从者\01其他\骑-龙辉巧\ATK-龙辉巧  (1).png,analyzed,5,ATK-龙辉巧  (1)｜逐条语义审阅：米 力量 龙辉巧-右枢α 2K 残留：此卡持续激活两回合。 被动-双星：一回合只能打出1张【龙辉巧】。必须弃置1张牌才能 打出【龙辉巧】。 打出时：获得2点合计威力。 行动阶段：抽1张牌。
2701,01从者\001待加入从者\01其他\骑-龙辉巧\ATK-龙辉巧  (2).png,analyzed,5,ATK-龙辉巧  (2)｜逐条语义审阅：特殊 龙辉巧-上弼 0 2K 残留：此卡持续激活两回合。 被动-双星：一回合只能打出1张【龙辉巧】。必须弃置1张牌才能 打出【龙辉巧】。 打出时：获得2点合计威力。 行动阶段：弃置1张手牌，选择1张【龙辉巧】加入手牌。
2702,01从者\001待加入从者\01其他\骑-龙辉巧\ATK-龙辉巧  (3).png,analyzed,5,ATK-龙辉巧  (3)｜逐条语义审阅：特殊 2K 龙辉巧-天厨一6 O 残留：此卡持续激活两回合。 被动-双星：一回合只能打出1张【龙辉巧】。必须弃置1张牌才能 打出【龙辉巧】。 打出时：获得2点合计威力。 行动阶段：关闭此卡，将手牌中一张【龙辉巧】加入攻击。
2703,01从者\001待加入从者\01其他\骑-龙辉巧\ATK-龙辉巧  (4).png,analyzed,5,ATK-龙辉巧  (4)｜逐条语义审阅：敏捷 龙辉巧-天梧三β 2K O 残留：此卡持续激活两回合。 被动-双星：一回合只能打出1张【龙辉巧】。必须弃置1张牌才能 打出【龙辉巧】。 打出时：获得2点合计威力。 行动阶段：沿着箭头移动至下一地点。
2704,01从者\001待加入从者\01其他\骑-龙辉巧\ATK-龙辉巧  (5).png,analyzed,5,ATK-龙辉巧  (5)｜逐条语义审阅：魔术 龙辉巧-天梧四 2K O 残留：此卡持续激活两回合。 被动-双星：一回合只能打出1张【龙辉巧】。必须弃置1张牌才能 打出【龙辉巧】。 打出时：获得2点合计威力。 行动阶段：回复1点魔力。
2705,01从者\001待加入从者\01其他\骑-龙辉巧\SKILL-龙仪巧 (1).png,analyzed,5,SKILL-龙仪巧 (1)｜逐条语义审阅：宝具 龙仪巧-天龙流星=QUA 4 6K <每局游戏限一次> 被动：回合结束时关闭此牌，此效果无法被阻止。 行动阶段：获得2张本回合关闭的【龙辉巧】的属性。对手与此牌 有相同的非宝具属性的攻击牌无法使用战斗阶段能力。
2706,01从者\001待加入从者\01其他\骑-龙辉巧\SKILL-龙仪巧 (2).png,analyzed,5,SKILL-龙仪巧 (2)｜逐条语义审阅：宝具 龙仪巧-天龙流星=DR 8 10K <每局游戏限一次> 被动：回合结束时关闭此牌，此效果无法被阻止。 战斗阶段：关闭所有对手因牌的效果打出的牌。
2707,01从者\001待加入从者\01其他\骑-龙辉巧\httpcloud3steamusercontentcomugc174572761293419793024A79CFE100BD9E865DAF6DC19DA1115BACC2841.png,analyzed,5,"httpcloud3steamusercontentcomugc174572761293419793024A79CFE100BD9E865DAF6DC19DA1115BACC2841｜逐条语义审阅：$ Rider 龙辉巧-天龙座防线 米 米 Alpha Delta ? 2,3,4,4,5,5 @ Beta Zeta × Gamma Luck"
2708,01从者\001待加入从者\01其他\骑-龙辉巧\httpcloud3steamusercontentcomugc174572761293419988222B2E1B321DCEA0B0E87B0D457F2616DB32AF725.png,analyzed,5,httpcloud3steamusercontentcomugc174572761293419988222B2E1B321DCEA0B0E87B0D457F2616DB32AF725｜逐条语义审阅：敏捷 X 3& 法芙娜-扶筐增二 X等于玩家数减去回合数。 残留：你可以在前哨阶段弃置1张手牌，将手牌中的1张【龙辉巧】 加入攻击。
2709,01从者\001待加入从者\01其他\骑-龙辉巧\httpcloud3steamusercontentcomugc1745727612934201646A0802740F6949D3B917638677F71E51BBE379CD3.png,analyzed,5,httpcloud3steamusercontentcomugc1745727612934201646A0802740F6949D3B917638677F71E51BBE379CD3｜逐条语义审阅：流星辉巧群 【真名解放】 被动/行动阶段：关闭2X张你控制的【龙辉巧】，支付魔力消耗， 打出游戏外的X张【龙仪巧】。 被动：<每局游戏限一次>前哨阶段，你可以从任意处（包括游戏 外），将2张【龙仪巧】加入攻击。
2710,01从者\001待加入从者\01其他\骑-龙辉巧\httpcloud3steamusercontentcomugc179752192687545121439CCA07DE96F2413A22A9F58C1AE1F0DC34E8966.png,analyzed,5,httpcloud3steamusercontentcomugc179752192687545121439CCA07DE96F2413A22A9F58C1AE1F0DC34E8966｜逐条语义审阅：1 O& 来自天龙座的降诞 残留 你拥有的魔力少于8点也可打出此牌。此牌可以追加打出。 被动/前哨阶段：关闭此牌，抽两张牌或者将一张【龙辉巧】加入手 牌。
2711,01从者\001待加入从者\0职介分类\05术士\术士-大仲马\时代观察.jpg,analyzed,5,时代观察｜逐条语义审阅：时代观察 伊夫堡的怒焰一被动：你的区特殊基础牌同时名为【复仇者】 残留：此牌持续激活至你在一场战斗中战胜了一名对手为止。 被动行动阶段：若你的从者是亚历山大·仲马，从你的手牌、 牌库或弃牌堆移除一张【幸运】，解锁你的【升华技】。
2712,01从者\001待加入从者\0职介分类\06暗杀\暗杀者-武则天\(H48SPDRLLURD8`C[TNWLSO_tmb.jpg,analyzed,5,(H48SPDRLLURD8`C[TNWLSO_tmb｜逐条语义审阅：敏捷 焦骨牡丹 20 4K 被动：回合结束时，移除同战场玩家的一个【检】标记。若你获胜，改为 移除全部【瓯检】标记。 行动阶段：【瓯检】同地点的其他玩家。被【检】的玩家在回合结束时每 有一个【检】标记选择一项：①花费一点战果移除一个【检】标记。② 将一张随机【瓯】洗入牌库。
2713,01从者\001待加入从者\0职介分类\06暗杀\暗杀者-武则天\5BHE_Z~5]NQYH4A3J]7`L)Y_tmb.jpg,analyzed,5,"5BHE_Z~5]NQYH4A3J]7`L)Y_tmb｜逐条语义审阅：Assassin 百 武则天 米 2,5 Luck 2,3,4,4,5 ? Preparation 2,4,5 Surveil #"
2714,01从者\001待加入从者\0职介分类\06暗杀\暗杀者-武则天\EUQ]J0`SXL[C084O(HL0Z2J.jpg,analyzed,5,EUQ]J0`SXL[C084O(HL0Z2J｜逐条语义审阅：宝具 敏捷 告密罗织经 5 1K 【真名解放】 被动：每当【】被移除时，武则天便创造一个【酷吏】。 行动阶段：展示交战对手牌库顶五张牌（不足则将先弃牌堆洗入牌库）。令 其对每张被展示【铜】选择①支付给武则天1点战果②触发其“加入手牌 时”效果。若其无法展示五张牌，令其【败北】。
2715,01从者\001待加入从者\0职介分类\06暗杀\暗杀者-武则天\F%M_4{[]KX~[8_X7FG`Q4OJ_tmb.png,analyzed,5,F%M_4{[]KX~[8_X7FG`Q4OJ_tmb｜逐条语义审阅：特殊 酷吏 001K 残留 唯一/被动-当你战败时，关闭一半（向下取整）的酷吏。 被动：此牌威力不会因其他效果变动。
2716,01从者\001待加入从者\0职介分类\06暗杀\暗杀者-武则天\L[LUY_C]{~@Z48@A9T(R8[G_tmb.png,analyzed,5,L[LUY_C]{~@Z48@A9T(R8[G_tmb｜逐条语义审阅：宝具 敏捷 告密罗织经 5 1K 【真名解放】 被动：每当【】被移除时，武则天便创造一个【酷吏】。 行动阶段：展示交战对手牌库顶五张牌（不足则将先弃牌堆洗入牌库）。令 其对每张被展示【】选择①支付给武则天1点战果②触发其“加入手牌 时”效果，被展示的【】改为进入弃牌堆。 若其无法展示五张牌，令其【败北】。
2717,01从者\001待加入从者\0职介分类\06暗杀\暗杀者-武则天\QQ图片20230917225759.jpg,analyzed,5,QQ图片20230917225759｜逐条语义审阅：伸冤匯 O 被动-加入手牌时：展示此牌并移除，将此牌的一张复制洗入牌 库。
2718,01从者\001待加入从者\0职介分类\06暗杀\暗杀者-武则天\QQ图片20230917225805.jpg,analyzed,5,QQ图片20230917225805｜逐条语义审阅：招谏匯 被动-加入手牌时：展示此牌并移除，随机弃置一张手牌。
2719,01从者\001待加入从者\0职介分类\06暗杀\暗杀者-武则天\QQ图片20230917225807.jpg,analyzed,5,QQ图片20230917225807｜逐条语义审阅：通玄匯 O 被动-加入手牌时：展示此牌并移除，本回合你不受事件牌影响。
2720,01从者\001待加入从者\0职介分类\06暗杀\暗杀者-武则天\QQ图片20230917225810.jpg,analyzed,5,QQ图片20230917225810｜逐条语义审阅：延恩匯 O 被动-加入手牌时：展示此牌并移除，本回合你合计威力-3，武 则天合计威力+3.
2721,01从者\001待加入从者\0职介分类\06暗杀\暗杀者-武则天\WUP3YODHQ%6PAC46RC8L[RA_tmb.png,analyzed,5,WUP3YODHQ%6PAC46RC8L[RA_tmb｜逐条语义审阅：宝具 敏捷 告密罗织经 5 1K 【真名解放】 被动：每当【】被移除时，武则天便创造一个【酷吏】。 行动阶段：展示交战对手牌库顶五张牌（不足则将先弃牌堆洗入牌库）。令 其对每张被展示【】选择①支付给武则天1点战果后移除②触发其“加入 手牌时”效果，被展示的【】改为进入弃牌堆。 若其无法展示五张牌，令其【败北】
2722,01从者\001待加入从者\他人格-响和千键\httpssteamusercontentaakamaihdnetugc27683556130025621BD980FAABDD9FBBEBF24E015C7F36B7D4FBC2CDE.png,analyzed,5,httpssteamusercontentaakamaihdnetugc27683556130025621BD980FAABDD9FBBEBF24E015C7F36B7D4FBC2CDE｜逐条语义审阅：米 力量 敏捷 潮满珠·潮干珠 2 2K 你每回合至多使用此牌的一项反转：改为任意项能力。 潮起-行动阶段：查看你牌堆顶的三张牌，弃置其中任意张 并获得等量的合计威力。 潮落-行动阶段：将你弃牌堆的至多三张牌洗入牌库并获得 等量的合计威力。
2723,01从者\001待加入从者\他人格-响和千键\httpssteamusercontentaakamaihdnetugc2768355613002601743B6ACE2891BDA663A647CD6F0F7147F81D3E3D3.png,analyzed,5,httpssteamusercontentaakamaihdnetugc2768355613002601743B6ACE2891BDA663A647CD6F0F7147F81D3E3D3｜逐条语义审阅：宝具 3 开辟海境的满干珠 打出时：若你牌库与弃牌堆牌数的差值≤1，你【真名解放】 并可以花费2点魔力，创造并激活一张【照耀常夜的引导之星】。 绵津见之门-行动阶段：选择一张你本回合激活的其他攻击作 为【匙】，然后免费打出牌堆顶的三张牌，战力结算时，关闭 其中与【匙】不具有相同属性的攻击。
2724,01从者\001待加入从者\他人格-响和千键\httpssteamusercontentaakamaihdnetugc2768355613002681378FDBBC455E166D1C553A088BC23BD67ADF98403.png,analyzed,5,httpssteamusercontentaakamaihdnetugc2768355613002681378FDBBC455E166D1C553A088BC23BD67ADF98403｜逐条语义审阅：特殊 2 1& 照耀常夜的引导之星 <每局游戏限一次> 灼砾-唯一/残留：你拥有的魔力少于8点也能使用从者技能牌。 准备阶段，你需花费你牌库和弃牌堆牌数差的魔力，否则关 闭此牌。你的【他人格】即将关闭时，若可能，改为将你牌 堆顶的一张牌置入弃牌堆（防止其关闭）。
2725,01从者\001待加入从者\他人格-响和千键\httpssteamusercontentaakamaihdnetugc2768355613002780819EC6C44ED7255188E9D66069F0091FE11D57E23.png,analyzed,5,"httpssteamusercontentaakamaihdnetugc2768355613002780819EC6C44ED7255188E9D66069F0091FE11D57E23｜逐条语义审阅：响&千键 米 4,4,5 冈 Luck ? 4,4,5 Surveil × 2,2,2 Preparation"
2726,01从者\001待加入从者\他人格-响和千键\他人格.png,analyzed,5,他人格｜逐条语义审阅：他人格 203& 残留：当你将一张牌放置入场时，你可以关闭【他人格】以 使其获得其反转效果。若其不含有反转效果，你可以任意令 其在打出后获得或失去力量/迅捷/魔术属性来达成任意组合。
2727,01从者\001待加入从者\他人格-拉斯普京\httpssteamusercontentaakamaihdnetugc2768227183743776917A6A6DA755F9D68CAAFF3F7FB97DD72AAEFD7E6.png,analyzed,5,"httpssteamusercontentaakamaihdnetugc2768227183743776917A6A6DA755F9D68CAAFF3F7FB97DD72AAEFD7E6｜逐条语义审阅：格里戈里·拉斯普京 米 3,4,4,5 Surveil ? 2,4,5 Surveil X * 4,4 Preparation"
2728,01从者\001待加入从者\他人格-拉斯普京\他人格.png,analyzed,5,他人格｜逐条语义审阅：他人格 203& 残留：当你将一张牌放置入场时，你可以关闭【他人格】以 使其获得其反转效果。若其不含有反转效果，你可以任意令 其在打出后获得或失去力量/迅捷/魔术属性来达成任意组合。
2729,01从者\001待加入从者\他人格-拉斯普京\旧\暗黑心脏.png,analyzed,5,暗黑心脏｜逐条语义审阅：魔术 宝具 6& 零落泛滥的暗黑心脏 【真名解放】 洗礼秘迹-被动：回合结束时，你可令所有于本回合战胜了战果数原本低 于他们的对手的其他玩家选择向你提供1点战果或获得一枚【恶】标记。 战斗阶段：宣言一种属性，令所有交战对手展示他们牌堆顶的一张牌并弃 置，其每有一枚【恶】标记便额外展示一张，然后令展示出具有宣言属性 牌的对手的合计威力减少具有属性的牌的印刷威力之和反转：并【败北】。
2730,01从者\001待加入从者\他人格-拉斯普京\旧\洗礼秘迹.png,analyzed,5,洗礼秘迹｜逐条语义审阅：敏捷 恶念祝祭 6K 行动阶段：选择一名其他玩家令其反转：拉斯普京选择一项： 1.令拉斯普京获得2点战果且本回合他只能从效果获得战果。 2.获得一枚【恶】标记。 3.令所有除拉斯普京外的其他玩家获得一枚【恶】标记。
2731,01从者\001待加入从者\他人格-拉斯普京\暗黑心脏 .png,analyzed,5,暗黑心脏 ｜逐条语义审阅：魔术 宝具 6K 零落泛滥的暗黑心脏 皈依-被动：拥有【恶】标记的玩家获得：“前哨阶段：向拉斯 普京支付X点战果，移除自己X个【恶】标记。” 战斗阶段：宣言一种属性，令所有交战对手抽X+1张牌展示后弃 置，X为其【恶】标记数。然后令展示出具有宣言属性牌的对手 的合计威力减少具有属性的牌的印刷威力之和反转：并【败北】
2732,01从者\001待加入从者\他人格-拉斯普京\洗礼秘迹 .png,analyzed,5,洗礼秘迹 ｜逐条语义审阅：敏捷 恶念祝祭 2 6% 被动/前哨阶段：令此牌基本威力减半打出此牌。忏悔-前哨或行 动阶段：令一名你地点的其他玩家反转：令拉斯普京选择两项： 1.令拉斯普京获得2点战果且其本回合无法通过战斗获得战果。 2.获得一枚【恶】标记。 3.令所有战果数高于你的玩家各获得一枚【恶】标记。
2733,01从者\001待加入从者\伪装者-水上都市\4c7347b4-36cd-4c99-9475-511a2cfbe179.png,analyzed,5,4c7347b4-36cd-4c99-9475-511a2cfbe179｜逐条语义审阅：魔术 神性-被动：若你以此牌进行首次【真名解放】 令所有其他玩家按回合顺位选择自己一张非区特殊基础 手牌替换为游戏外相同属性的，3/7【狂战士】。 然后你的职阶和从者名永久更改为狂战士【维齐洛波奇特利】 鲜花战争 4K 【真名解放】 活力-被动：维齐洛波奇特利打出【狂战士】时-2魔力消耗。 打出时：选择下列一项作为本回合此牌的效果：活祭-行动阶段： 展示一名你交战对手的手牌并将其中至多一张【狂战士】加入攻击。 献礼-战斗阶段：将一张你战斗中激活的【狂战士】置入你的弃牌 堆，然后令此牌的原所有者获得2点魔力和2点战果。
2734,01从者\001待加入从者\伪装者-水上都市\802c62d9-0f47-4857-abde-22da63e4f6b8.png,analyzed,5,802c62d9-0f47-4857-abde-22da63e4f6b8｜逐条语义审阅：特殊 宝具 神性一被动：若你以此牌进行首次【真名解放】， 令所有其他玩家按回合顺位选择立即使用或失去一枚令咒。 然后你的职阶和从者名永久更改为裁决者【特拉洛克】。 第三太阳 3 3K 【真名解放】 <每局游戏限一次> 残留：当一名玩家在此牌激活后首次使用令咒时，令其获得一枚 属于特拉洛克的【裁决者令咒】。回合结束时，若与你位于同一 战场的玩家本回合均未使用令咒，关闭此牌。行动阶段：使用一 张特拉洛克的【裁决者令咒】后于回合结束时关闭此牌。
2735,01从者\001待加入从者\伪装者-水上都市\ATK-重启都市.png,analyzed,5,ATK-重启都市｜逐条语义审阅：敏捷 XOY& 重启动心脏都市 X=你作为伪装者的回合数Y=X+3 骗局-被动：游戏开始时，将此牌置于你的牌堆顶。你首次【真 名解放】时，将此牌从手牌加入攻击并获得X点战果，然后于回 合结束时将此牌移除游戏。巨大兵器-被动/行动阶段：展示手 牌中的此牌，若你真名隐藏，获得2点合计威力。
2736,01从者\001待加入从者\伪装者-水上都市\ac507f87-c08a-419a-813e-14c77ed8c4ca.png,analyzed,5,"ac507f87-c08a-419a-813e-14c77ed8c4ca｜逐条语义审阅：retender 水上都市 米 2,3 β Preparation ? 2,4,5,7 Tenochtitlan * 3,4,7,9"
2737,01从者\001待加入从者\伪装者-水上都市\b05bd399-0c19-4c0b-90dd-8db212bbea4f.png,analyzed,5,b05bd399-0c19-4c0b-90dd-8db212bbea4f｜逐条语义审阅：都市国家同盟-被动：若你以此牌进行首次【真名解放】， 令所有其他玩家与你各获得1点魔力（你共获得6点）。 然后你的职阶和从者名永久更改为魔术师【特诺奇蒂特兰】。 月之湖 被动/行动阶段：花费6点魔力并【真名解放】，将此牌放置于一处 战场直至该战场关闭。若此牌上没有事件牌，抽一张事件牌置于此 牌上作为【星】。此牌放置后，你于此战场从【星】受到影响。 受【星】影响者获胜时获得其战果。有受【星】影响者战斗结束后、 抽一张事件牌替换为新的【星】。玩家每回合首次进入此战场时可 以向特诺奇蒂特兰支付1点战果，于此战场额外受一次【星】的影响。
2738,01从者\001待加入从者\伪装者-阿比\4f7fc9c9-7641-4694-8f13-856b9731e5a9.png,analyzed,5,"4f7fc9c9-7641-4694-8f13-856b9731e5a9｜逐条语义审阅：retender 阿比盖尔·威廉姆斯〔圣诞］ 7 Luck 米 2,4,4 Luck Preparation × 2,2,3,4,5 β Preparation"
2739,01从者\001待加入从者\伪装者-阿比\6aaaaf6e-ecc5-4cf6-b167-ee66738faaa8.png,analyzed,5,6aaaaf6e-ecc5-4cf6-b167-ee66738faaa8｜逐条语义审阅：米 力量 敏捷 魔术 伪装者（圣诞） X& 3 圣夜之礼-被动：当你首次【真名解放】时，将此牌加入攻击 并获得X点战果后，将至多X张礼物任意洗入其他玩家的牌库。 胡桃夹子-当此牌首次激活时，X将永久设置为当前你以此从 者未【真名解放】的回合数。
2740,01从者\001待加入从者\伪装者-阿比\ATK-糖果 (2).png,analyzed,5,ATK-糖果 (2)｜逐条语义审阅：SSR 特殊 0 尼罗河的恩惠 【糖果】 <每局游戏限一次> 此牌激活时，你获得+1基础地利直至游戏结束。 领域外生命-你和阿比盖尔〔圣诞］各获得+6合计威力（若 你是阿比盖尔〔圣诞〕，该效果不会令你+12合计威力）。
2741,01从者\001待加入从者\伪装者-阿比\ATK-糖果 (3).png,analyzed,5,ATK-糖果 (3)｜逐条语义审阅：SBR 米 力量 敏捷 千星百夜 0 2K 【糖果】 <每局游戏限一次> 领域外生命-你和阿比盖尔〔圣诞］各获得+6合计威力（若 你是阿比盖尔〔圣诞】，该效果不会令你+12合计威力）。
2742,01从者\001待加入从者\伪装者-阿比\ATK-糖果 (4).png,analyzed,5,ATK-糖果 (4)｜逐条语义审阅：SSR 0 爱心巧克力·苦苦苦 【糖果】 <每局游戏限一次> 此牌激活时，你可以将一张游戏外<每局游戏限一次>的 【幸运】或【复仇者】洗入你的牌库。 领域外生命-你和阿比盖尔〔圣诞］各获得+6合计威力（若 你是阿比盖尔〔圣诞〕，该效果不会令你+12合计威力）。
2743,01从者\001待加入从者\伪装者-阿比\ATK-糖果 (5).png,analyzed,5,ATK-糖果 (5)｜逐条语义审阅：魔术 88R 0010K 巧克力之钥 【糖果】 <每局游戏限一次> 此牌激活时，你可以移除一张手牌后获得2点魔力。 领域外生命-你和阿比盖尔〔圣诞］各获得+6合计威力（若 你是阿比盖尔〔圣诞〕，该效果不会令你+12合计威力）。
2744,01从者\001待加入从者\伪装者-阿比\ATK-糖果 (6).png,analyzed,5,ATK-糖果 (6)｜逐条语义审阅：宝具 SSR + 味尔 天草四郎？” 0010% 教会式手工曲奇 【糖果】 <每局游戏限一次> 此牌激活时，你可以于下回合开始时将一张你后置位玩家已 展示从者技能的临时复制加入你的技能区直至回合结束。 领域外生命-你和阿比盖尔〔圣诞］各获得+6合计威力（若 你是阿比盖尔〔圣诞〕，该效果不会令你+12合计威力）。
2745,01从者\001待加入从者\伪装者-阿比\ATK-糖果 X20.png,analyzed,5,ATK-糖果 X20｜逐条语义审阅：特殊 先 3二9心卜作-foT 工仆 0010% 迦勒底小天使 【糖果】 <每局游戏限一次> 领域外生命-你和阿比盖尔〔圣诞］各获得+6合计威力（若 你是阿比盖尔〔圣诞〕，该效果不会令你+12合计威力）。
2746,01从者\001待加入从者\伪装者-阿比\c401ee53-0f08-4c69-91ff-4b373c65128c.png,analyzed,5,c401ee53-0f08-4c69-91ff-4b373c65128c｜逐条语义审阅：①Suivi-前哨阶段：花费1点魔力，抽2张牌后将其中一张 放回牌堆顶。②Batterment-行动阶段：失去1点合计威力， 将一张游戏外的【礼物】洗入一名对手的牌库。 ③Pirouette-战斗阶段：你激活的攻击-1威力，若你获胜， 获得1点战果。 2& 糖果仙子的舞蹈 此牌需追加打出且拥有你御主性别对应的属性（6米×）。 被动：每回合限两次，当你因你的御主能力花费或失去魔力、 攻击威力或合计威力后，可以获得1点对应的数值。 双人舞-打出时：令你的御主获得上述123中一项未获得 的能力直至游戏结束。若均已获得，改为令此牌威力翻倍。
2747,01从者\001待加入从者\伪装者-阿比\d45367c9-8773-4074-a56f-d9ac54860c29.png,analyzed,5,d45367c9-8773-4074-a56f-d9ac54860c29｜逐条语义审阅：魔术 宝具 渴盼中隐约得见的梦 【真名解放】 被动：若你已【真名解放】，玩家拆开【礼物】时，将一张游戏外的 【糖果】加入其攻击。 怀梦-战斗阶段：令所有玩家展示自已牌堆顶的三张牌，你战斗中的 玩家以其中的区特殊攻击按基本威力由高到低替换（你替换时改为 任意选择替换）其等量的激活攻击直至回合结束。
2748,01从者\001待加入从者\剑士-理查1世\剑士-理查1世.png,analyzed,5,"剑士-理查1世｜逐条语义审阅：理查I世 米 2,2,4,4 β Luck 2,4,4,4,4 β Surveil ×2"
2749,01从者\001待加入从者\剑士-理查1世\圆环十字.png,analyzed,5,圆环十字｜逐条语义审阅：米 力量 宝具 X=4+本回合咆吼消耗的魔力 Y=此牌上叠放的攻击威力之和 YK 为圆环十字奏响狮子吧 X 神速-被动：当你受其他玩家的行动阶段能力影响且未进行行动 阶段前，你可以立即进行你的行动阶段然后再结算该能力的影响， 若你在该行动阶段进行了移动，回合结束时，你失去3点魔力。 咆吼-行动阶段：将一张基本威力≥4的基础手牌叠放于此牌上后 抽一张牌。你每支付咆吼使用次数的魔力，便可重复使用一次咆吼。 回合结束时，弃置此牌上叠放的所有牌。
2750,01从者\001待加入从者\剑士-理查1世\对魔力.png,analyzed,5,对魔力｜逐条语义审阅：Special 对魔力 3& 宝具绽放-被动/战斗阶段：若你于本回合打出了你战斗中 魔力消耗最高的 宝具攻击，获得1点战果。 若其消耗≥4，你额外获得1点战果。 魔术抗性-战斗阶段：将与你位于同一战场的交战对手控制 的×魔术属性攻击威力设置为0。
2751,01从者\001待加入从者\剑士-理查1世\悠久遥远的胜利之剑.png,analyzed,5,悠久遥远的胜利之剑｜逐条语义审阅：永久遥远的胜利之剑 【真名解放】 被动/行动阶段：展示一张手牌中的基础攻击并令其获得 “誓约-被动：此牌获得宝具属性，+1魔力消耗和 +4威力（无论此牌位于何处）。”直至回合结束。
2752,01从者\001待加入从者\剑士-瑟坦特\138C13E94E579FC6E83736FE0D189ECB.png,analyzed,5,138C13E94E579FC6E83736FE0D189ECB｜逐条语义审阅：宝具 XO 斩断死辉之刃 YK 【真名解放】 局势牌无法阻止你打出此牌， X=本局游戏此牌被打出的次数 Y=X+3+你获胜的次数 阿尔斯特的成人礼-打出时：你可以移除此牌，将瑟坦特从者名更 改为【库·丘林】，然后将一张与此牌印刷威力相同的“凯尔特从 者”（库·丘林和斯卡哈）的宝具从游戏外加入攻击。
2753,01从者\001待加入从者\剑士-瑟坦特\3.6更新.png,analyzed,5,3.6更新｜逐条语义审阅：敏捷 宝具 7 10K 腕穿杀之枪 【真名解放】 彻心之痛-战斗阶段：令一名你的交战对手失去3点战果。 若其战果在失去后仍高于你，你获得2点战果和+3合计威力。
2754,01从者\001待加入从者\剑士-瑟坦特\3.6穿刺死棘之枪.png,analyzed,5,3.6穿刺死棘之枪｜逐条语义审阅：Agility Noble Phantasm 穿刺死棘之枪 3 【真名解放】 打出时：此牌+2魔力消耗（可叠加）直至游戏结束。 贯穿心脏-战斗阶段：若仅有一名对手与你位于同一战场， 令其【败北】。
2755,01从者\001待加入从者\剑士-瑟坦特\3.6贯穿死翔之枪.png,analyzed,5,3.6贯穿死翔之枪｜逐条语义审阅：Agility Noble Phantasm 贯穿死翔之枪 5 09 【真名解放】 战斗阶段：若仅有一名对手与你位于同一战场，令其关闭 一张自己的非残留攻击。 死兆-战斗阶段：若你获胜，你每有一名交战对手，便获得 1点战果。
2756,01从者\001待加入从者\剑士-瑟坦特\4C8A380E52B09DDD2DD1BBA13FD14EFB.png,analyzed,5,4C8A380E52B09DDD2DD1BBA13FD14EFB｜逐条语义审阅：XOY& 赤枝的骑士 X= 6－此牌具有的属性数 Y=此牌具有的属性数 打出时：令此牌获得一种未获得的属性直至游戏结束。 影乡的武练-行动阶段：抽一张牌，打出任意张属性均不同 且均不与此牌具有的属性相同的攻击。（你拥有的魔力少于 8点也可以以影乡的武练打出瑟坦特的技能牌。）
2757,01从者\001待加入从者\剑士-瑟坦特\9F576416E7B66C8559161C398452583C.png,analyzed,5,9F576416E7B66C8559161C398452583C｜逐条语义审阅：Saber 瑟坦特 米 2.3.4 β Luck @ 3.3.3 冈 7 Luck * 2.4.4 Surveil
2758,01从者\001待加入从者\剑士-瑟坦特\C53E9AD4684DE3AF3039ECBB705E78BF.png,analyzed,5,C53E9AD4684DE3AF3039ECBB705E78BF｜逐条语义审阅：Special 对魔力 3& 宝具绽放-被动/战斗阶段：若你于本回合打出了你战斗中 魔力消耗最高的 宝具攻击，获得1点战果。 若其消耗≥4，你额外获得1点战果。 魔术抗性-战斗阶段：将与你位于同一战场的交战对手控制 的×魔术属性攻击威力设置为0。
2759,01从者\001待加入从者\剑士-瑟坦特\成人礼替换.png,analyzed,5,成人礼替换｜逐条语义审阅：米 力量 宝具 8K 灼烧殆尽的炎笼 【真名解放】 柳条巨像-行动阶段：令你的所有交战对手立即失去一枚 令咒且无法以移动离开该战场。
2760,01从者\001待加入从者\剑士-瑟坦特\死亡满溢的魔境之门.png,analyzed,5,死亡满溢的魔境之门｜逐条语义审阅：宝具 13K 死亡满溢的魔境之门 【真名解放】 <每局游戏限一次> 影之国-战斗阶段：将所有交战对手的魔力值降为0，使所有 魔力损失少于8点的玩家【败北】。
2761,01从者\001待加入从者\剑士-瑟坦特\突穿死翔之枪.png,analyzed,5,突穿死翔之枪｜逐条语义审阅：迅捷 宝具 10K 突穿死翔之枪 【真名解放】 战斗阶段：战斗阶段结束后，每与一名对手进行了战斗便 获得1点战果。若你获得胜利，每名交战对手失去该数量的 战果。
2762,01从者\001待加入从者\剑士-瑟坦特\贯穿朱枪.png,analyzed,5,贯穿朱枪｜逐条语义审阅：敏捷 宝具 7 7K 贯穿之朱枪 【真名解放】 逆转因果-战斗阶段：如果与你交战的对手有且仅有一人， 交换你与其的一张除此牌外的非残留攻击直至回合结束。
2763,01从者\001待加入从者\剑士-罗兰\httpcloud3steamusercontentcomugc194727232260492919353017325D6738E6B863147A3F027667FE1345C7D.png,unclear,5,OCR不明：httpcloud3steamusercontentcomugc194727232260492919353017325D6738E6B863147A3F027667FE1345C7D；现有转写为“（未识别到文字）”，不足以判断规则，不据此提出operation。
2764,01从者\001待加入从者\剑士-罗兰\httpssteamusercontentaakamaihdnetugc276911564662228173297533C4D51DB77DC98B4D0D52A07F0F57AD276.png,analyzed,5,httpssteamusercontentaakamaihdnetugc276911564662228173297533C4D51DB77DC98B4D0D52A07F0F57AD276｜逐条语义审阅：特殊 1200K 唤来希望的号角 <每局游戏限一次> 打出时：移除此牌。 为时未晚-此牌被移除时，你可以花费至多X点战果并失去X 点魔力，随机创造并激活X张【十二勇士】的技能攻击直至 回合结束，X为当前回合数。
2765,01从者\001待加入从者\剑士-罗兰\httpssteamusercontentaakamaihdnetugc2769115646623535117E2B6D9DEF15195B1AAB27DB6698019D5171E44.png,analyzed,5,httpssteamusercontentaakamaihdnetugc2769115646623535117E2B6D9DEF15195B1AAB27DB6698019D5171E44｜逐条语义审阅：米 力量 宝具 X& 不毁的极圣 4 【真名解放】 X为你没有牌的区域数的2倍。此牌的卡牌文字效果于罗兰 不会因任何原因失效。（区域：攻击区、技能区、手牌区、 弃牌堆、牌库、令咒[仅在罗兰判定时令咒视为牌］） 行动阶段：从你的区域移除共计至多4张牌。
2766,01从者\001待加入从者\剑士-罗兰\httpssteamusercontentaakamaihdnetugc27691156466235960A1C14E60338630068C667601CDC6B43CE6E053EF.png,analyzed,5,httpssteamusercontentaakamaihdnetugc27691156466235960A1C14E60338630068C667601CDC6B43CE6E053EF｜逐条语义审阅：1+：1点合计威力。 2+：2点合计威力（共计1+2=3点， 以此类推），你激活的攻击失去非 宝具属性。 3+：3点合计威力，你激活的攻击 失去所有卡牌文字效果 4+：4点合计威力，你不受事件牌 和非高潮局势牌影响（包括魔力） 5:+：5点合计威力你于常规出牌 仅可打出一张牌。 6+：6点合计威力，你无法获得战果。 金刚之体 被动：若此牌已展示，你根据你没有牌的区域的数量获得上 述相应效果，该效果于罗兰不会因任何方式失效。（区域： 攻击区、技能区、手牌区、弃牌堆、牌库、令咒[仅在罗兰判 定时令咒视为牌]）天性的解放-被动/行动阶段：移除你的从 者牌，你的从者牌区同时视为没有牌的区域直至游戏结束。
2767,01从者\001待加入从者\剑士-罗兰\剑士-罗兰.png,analyzed,5,"剑士-罗兰｜逐条语义审阅：Saber 罗兰 米 2,4,4,5,5 β Luck @ 2,3,4 β Preparation × 2,3"
2768,01从者\001待加入从者\剑士-罗兰\十二勇士  (1).png,analyzed,5,十二勇士  (1)｜逐条语义审阅：敏捷 宝具 4 6K 炫目的闪光魔盾 【真名解放】 魔术解除-被动：当与你交战的未被【眩晕】的对手于本回合被减少 的威力合计超过其原合计威力的一半（向上取整）时，其被【眩晕】 至下个回合结束。被【眩晕】的玩家无法使用从者技能牌的【行动阶 段】和【战斗阶段】能力。 魔力之光-战斗阶段：令同一战场所有对手的迅捷属性攻击威力-5。
2769,01从者\001待加入从者\剑士-罗兰\十二勇士  (10).png,analyzed,5,十二勇士  (10)｜逐条语义审阅：魔术 3 3K 白羽骑士 此牌可追加打出 克莱蒙之勋-行动阶段：你的×魔术属性攻击附加&迅捷 属性，&迅捷属性攻击附加×魔术属性。 战斗续行-行动阶段：若此牌不是追加打出，移动至除魔术 工房外的任意地点。
2770,01从者\001待加入从者\剑士-罗兰\十二勇士  (11).png,analyzed,5,十二勇士  (11)｜逐条语义审阅：宝具 401 唤起恐慌之魔笛 【真名解放】 战斗阶段：与你交战的对手关闭其非残留的牌直至只剩一张 为止。
2771,01从者\001待加入从者\剑士-罗兰\十二勇士  (12).png,analyzed,5,十二勇士  (12)｜逐条语义审阅：敏捷 宝具 7 3K 侥幸的拘捕网 【真名解放】 神明捕缚-战斗阶段：如果与你交战的对手有且仅有一人，由 你选择其一张非残留攻击关闭。你可以支付被选择的攻击魔力 消耗的魔力，改为获得其控制权（视为盗用）直至回合结束， 若如此做，你可以发动此攻击的行动阶段效果。
2772,01从者\001待加入从者\剑士-罗兰\十二勇士  (13).png,analyzed,5,十二勇士  (13)｜逐条语义审阅：威风凛凛的凯旋 我是你的剑！-被动/行动阶段：移除一张手牌并花费其印 刷基本威力消耗的魔力，然后选择其一种属性，你控制的 所有攻击获得该属性直至回合结束。
2773,01从者\001待加入从者\剑士-罗兰\十二勇士  (14).png,analyzed,5,十二勇士  (14)｜逐条语义审阅：宝具 5 1K 轻率的偶像失控 【真名解放】 <每局游戏限一次> 虚数存在-残留：当你受其他玩家的能力影响时，你可以询问其是否 花费1点魔力，若其不花费，针对该效果，你仅在战力结算时视为位 于原本所在的地点（存在多个【轻率的偶像失控】时，花费叠加）。 多元阿福-唯一/行动阶段：将手牌中的一张【幸运】移除游戏，创造 并激活一张本牌的复制。
2774,01从者\001待加入从者\剑士-罗兰\十二勇士  (15).png,analyzed,5,十二勇士  (15)｜逐条语义审阅：迅捷 特殊 战斗续行 3 5& 行动阶段：移动至除魔术工房外的任意地点。
2775,01从者\001待加入从者\剑士-罗兰\十二勇士  (2).png,analyzed,5,十二勇士  (2)｜逐条语义审阅：宝具 XOO& 吾转瞬即逝的荣光 【真名解放】 X为14-（当前回合数×2） 残留：你的攻击因局势牌和事件牌提升的威力翻倍。高潮阶 段时，变为三倍。
2776,01从者\001待加入从者\剑士-罗兰\十二勇士  (3).png,analyzed,5,十二勇士  (3)｜逐条语义审阅：迅捷 一碰就倒！ 40 6& 战斗阶段：将所有与你交战对手的米和&属性的攻击关 闭。每张受此影响的牌，其持有者可以获得其魔力消耗+1 的魔力或花费3点魔力防止关闭。
2777,01从者\001待加入从者\剑士-罗兰\十二勇士  (4).png,analyzed,5,十二勇士  (4)｜逐条语义审阅：米 力量 宝具 8 10% 展示王勇，遍历巡世的十二辉剑 【真名解放】 被动：获得胜利时，你可将此战场中的一张事件牌洗回事件 牌库。 战斗阶段：抽一张事件牌并将之加入你的战场，你的所有攻 击获得该事件牌上印刷的属性。
2778,01从者\001待加入从者\剑士-罗兰\十二勇士  (5).png,analyzed,5,十二勇士  (5)｜逐条语义审阅：Special 对魔力 3& 宝具绽放-被动/战斗阶段：若你于本回合打出了你战斗中 魔力消耗最高的 宝具攻击，获得1点战果。 若其消耗≥4，你额外获得1点战果。 魔术抗性-战斗阶段：将与你位于同一战场的交战对手控制 的×魔术属性攻击威力设置为0。
2779,01从者\001待加入从者\剑士-罗兰\十二勇士  (6).png,analyzed,5,十二勇士  (6)｜逐条语义审阅：Special 对魔力 3& 宝具绽放-被动/战斗阶段：若你于本回合打出了你战斗中 魔力消耗最高的 宝具攻击，获得1点战果。 若其消耗≥4，你额外获得1点战果。 魔术抗性-战斗阶段：将与你位于同一战场的交战对手控制 的×魔术属性攻击威力设置为0。
2780,01从者\001待加入从者\剑士-罗兰\十二勇士  (7).png,analyzed,5,十二勇士  (7)｜逐条语义审阅：Magic Noble Phantasm 3 7K 破却宣言 【真名解放】 破咒一击-战斗阶段：花费其魔力消耗，选择并关闭一张与 你位于同一地点的技能牌。你可以令其他自愿的玩家帮助你 花费魔力并令其获得1点战果（每名其他玩家最多花费1点）：
2781,01从者\001待加入从者\剑士-罗兰\十二勇士  (8).png,analyzed,5,十二勇士  (8)｜逐条语义审阅：宝具 5K 秀美公主的戒指 诅咒守卫-被动：每回合限一次，当一名对手使用技能时， 你可以询问其是否花费2点魔力。若不花费，你不受该技能 及其效果影响。 魔禁之戒-战斗阶段：支付X点魔力，关闭一张你战斗中魔 力消耗为X的×魔术攻击（X不可为0）。
2782,01从者\001待加入从者\剑士-罗兰\十二勇士  (9).png,analyzed,5,十二勇士  (9)｜逐条语义审阅：宝具 5 9K 炫目的闪光魔盾 被动/战斗阶段：你的交战对手控制的攻击若与你控制的基 础攻击属性相同，该攻击威力无法被局势牌和事件牌增加。 战斗阶段：支付4点魔力并【真名解放】，从手牌打出一张 基础攻击。
2783,01从者\001待加入从者\剑士-葛饰北斋\httpssteamusercontentaakamaihdnetugc276923346528030692284DD26B194B3942119EE4B4DB47025EC1B6DCA.png,analyzed,5,httpssteamusercontentaakamaihdnetugc276923346528030692284DD26B194B3942119EE4B4DB47025EC1B6DCA｜逐条语义审阅：雅号·龙纹 20 2K 活墨-被动/行动阶段：若你控制的攻击包含五种属性，花费 此牌的魔力，将此牌加入攻击。 行动阶段：与你位于同一战场的对手使用技能攻击牌时需弃 置一张与该牌具有至少一种相同属性的手牌，否则无法使用。
2784,01从者\001待加入从者\剑士-葛饰北斋\httpssteamusercontentaakamaihdnetugc27692334652804598B9204611AF7E9F54BD34BAB9D9E3294937E85A71.png,analyzed,5,httpssteamusercontentaakamaihdnetugc27692334652804598B9204611AF7E9F54BD34BAB9D9E3294937E85A71｜逐条语义审阅：神通力（墨） 4 挥毫-行动阶段：打出一张手牌作为【引】，然后令你的交 战对手各自选择一张拥有【引】不具有的属性的激活攻击的 一种属性失去后，令【引】失去其属性，你获得这些属性的 【色彩】标记且你可以将其放置于不同的，明置的牌上直至 回合结束。被放置的牌上印刷的所有属性均增加标记的属性。
2785,01从者\001待加入从者\剑士-葛饰北斋\httpssteamusercontentaakamaihdnetugc276923346528047645343CA0CF5EB0F8436B795ACC343189B1192E384.png,analyzed,5,httpssteamusercontentaakamaihdnetugc276923346528047645343CA0CF5EB0F8436B795ACC343189B1192E384｜逐条语义审阅：宝具 诸国瀑布揽胜 X 8K 【真名解放】 X = 此牌的属性数 丹青-被动：当此牌获得属性时，你可 以改为令此牌获得相应属性直至游戏结束。 战斗阶段：若你所在的战斗中不存在其他玩家控制的，具有 此牌不具有的属性的攻击，你获得此牌属性数的战果。
2786,01从者\001待加入从者\剑士-葛饰北斋\剑-葛饰北斋.png,analyzed,5,"剑-葛饰北斋｜逐条语义审阅：Saber 葛饰北斋(Saber) 米2 β Luck ? 2,3,4,4,5 * 2,3,4,5,5"
2787,01从者\001待加入从者\剑士-黑姬\3.6更新对魔力.png,analyzed,5,3.6更新对魔力｜逐条语义审阅：Special 对魔力 3& 宝具绽放-被动/战斗阶段：若你于本回合打出了你战斗中 魔力消耗最高的 宝具攻击，获得1点战果。 若其消耗≥4，你额外获得1点战果。 魔术抗性-战斗阶段：将与你位于同一战场的交战对手控制 的×魔术属性攻击威力设置为0。
2788,01从者\001待加入从者\剑士-黑姬\httpssteamusercontentaakamaihdnetugc276911564662011818698C6C8CFB1E4DA45FDD5A87342F72189A4DEFF.png,analyzed,5,httpssteamusercontentaakamaihdnetugc276911564662011818698C6C8CFB1E4DA45FDD5A87342F72189A4DEFF｜逐条语义审阅：宝具 5K 高梨的宝刀 0
2789,01从者\001待加入从者\剑士-黑姬\httpssteamusercontentaakamaihdnetugc27691156466201973CFA58951F742F6C979941C68AC14128F1CC3F472.png,analyzed,5,httpssteamusercontentaakamaihdnetugc27691156466201973CFA58951F742F6C979941C68AC14128F1CC3F472｜逐条语义审阅：②-伊始 1.“龙-此牌+2魔力消耗且 你需追加打出此牌。” 2.“蛇-你拥有的魔力少于 8点也可以使用此牌且此牌 不会因局势牌被限制使用。 5-言续 1.“试合-此牌获得※力量” 属性且+3魔力消耗。行动阶段： 此牌基本威力增加至2倍。 2.“山佑-此牌获得敏捷 属性且+2魔力消耗。行动阶段： 抽1张牌，免费打出1张基础手牌 3.“倾恋-此牌获得×魔术 属性且+1魔力消耗。行动阶段： 偷取一名同一地点的对手1点战果。， 8-语毕（附加【真名解放】 1.“斩红尘-战斗阶段：关闭一张你战斗中魔力消耗低于此牌的攻击。 2.“龙花嫁-战斗阶段：将你技能区的【对魔力】加入攻击。 3.“隐苍山-战斗阶段：此牌获得所有基础区特殊攻击的卡牌文字 效果且你可以立即使用其中的一种行动阶段能力。” 4.“姬发流-此牌卡牌文字效果中的所有阿拉伯数字均翻倍。 黑姬物语 被动：第二、五、八回合的准备阶段，你均可以为【高梨 的宝刀】选择并增加一项卡牌文字效果直至游戏结束（重 复任意次直至完成上述回合中已经过的回合的选择）。 此效果于黑姬不会因任何方式失效。
2790,01从者\001待加入从者\剑士-黑姬\剑士-黑姬.png,analyzed,5,"剑士-黑姬｜逐条语义审阅：Saber 黑姬 米 2,4 β Luck @ 3,4,5,5 β Surveil * 2,4,5,5"
2791,01从者\001待加入从者\复仇者-克洛伊\httpssteamusercontentaakamaihdnetugc276911564785113060055DC9DAA6FD5C8FB326414237E85EC939F8A86.png,analyzed,5,httpssteamusercontentaakamaihdnetugc276911564785113060055DC9DAA6FD5C8FB326414237E85EC939F8A86｜逐条语义审阅：宝具 “原稿-残留：此牌的基本威力视为0且失去所有印 刷的卡牌文字效果。当你至少战胜了一名玩家后， 关闭此牌。此牌关闭时令其返回原所有者的弃牌堆。 5& 进度如何 行动阶段：选择一名与你位于同一地点的其他玩家进行催稿， 根据结果：①赶紧给我交稿-你查看其手牌并选择其中至多一 张基础攻击作为【原稿】加入你的攻击。 ②请尽快印刷吧-你抽一张牌并打出至多一张手牌。（催稿： 两人分别秘密选择两项选项，若结果相同则触发相应效果。）
2792,01从者\001待加入从者\复仇者-克洛伊\httpssteamusercontentaakamaihdnetugc27691156478511556D27A6EDC107FEE77BC230C35D3823F521EF39C3B.png,analyzed,5,httpssteamusercontentaakamaihdnetugc27691156478511556D27A6EDC107FEE77BC230C35D3823F521EF39C3B｜逐条语义审阅：宝具 “原稿-残留：此牌的基本威力视为0且失去所有印 刷的卡牌文字效果。当你至少战胜了一名玩家后， 关闭此牌。此牌关闭时令其返回原所有者的弃牌堆 传递给你 X05& 五彩缤纷的白与黑 X=你激活的攻击数× 2 润色-行动阶段：你激活的基础攻击获得：“你激活的基础攻 击每具有一种不与你激活的其他攻击相同的属性，此牌便获 得+1威力”。战斗阶段：若你获胜，你每张于本回合关闭的 【原稿】令你与该【原稿】的所有者获得1点战果。
2793,01从者\001待加入从者\复仇者-克洛伊\httpssteamusercontentaakamaihdnetugc276911564785127637A5E70025296FA28515786065965DEFEFB562F6A.png,analyzed,5,httpssteamusercontentaakamaihdnetugc276911564785127637A5E70025296FA28515786065965DEFEFB562F6A｜逐条语义审阅：eruant Summer Hestival! “原稿-残留：此牌的基本威力视为0且失去所有印 刷的卡牌文字效果。当你至少战胜了一名玩家后， 关闭此牌。此牌关闭时令其返回原所有者的弃牌堆。 2 1K 您的稿件已收到！ 【真名解放】 忘却补正？－被动/战斗阶段：选择一张你交战对手激活的基础 攻击并弃置一张与其具有相同属性的手牌后，将其作为【原稿】 加入你的攻击。还来得及替换哦-战斗阶段：关闭一张【原稿】， 从手牌和/或牌库打出两张与其印刷威力相同的攻击。
2794,01从者\001待加入从者\复仇者-克洛伊\克洛伊（复仇者）.png,analyzed,5,"克洛伊（复仇者）｜逐条语义审阅：Avenger 克洛伊·冯·爱因兹贝伦 米 2,2,4 β Surveil ? 2,4,5,5 β Preparation × 2,2,3"
2795,01从者\001待加入从者\弓兵-杉谷善住坊\4289ce39-5e94-462c-a3ac-978c23022e8b.png,analyzed,5,"4289ce39-5e94-462c-a3ac-978c23022e8b｜逐条语义审阅：Archer 杉谷善住坊 米 2,2,4,5 β Surveil @ 2,3 Preparation * 2,4,5 Preparation"
2796,01从者\001待加入从者\弓兵-杉谷善住坊\43ebfcd1-896c-4933-ac95-763f171fd39c.png,analyzed,5,43ebfcd1-896c-4933-ac95-763f171fd39c｜逐条语义审阅：特殊 迷彩狙击 此牌需追加打出。蛰伏-被动：杉谷善住坊首次展示此牌时， 秘密在任意战场放置至多等于当前回合数的【迷彩】标记。 被动/前哨阶段：在一处战场秘密放置一枚【迷彩】标记。 行动阶段：移除你所在战场的任意枚【迷彩】标记，然后 于该战场获得等量的基础地利。
2797,01从者\001待加入从者\弓兵-杉谷善住坊\962a9653-63ce-4f09-8c00-240767cc3a3d.png,analyzed,5,962a9653-63ce-4f09-8c00-240767cc3a3d｜逐条语义审阅：米 力量 宝具 以二弹击之 1K 【真名解放】 行动阶段：抽2张牌，将其中一张加入攻击后弃置另一张， 然后重复一次此效果。若你以此效果加入攻击的两张牌基 本威力相同，令一名交战对手于其战斗阶段开始时【败北】。
2798,01从者\001待加入从者\弓兵-杉谷善住坊\e97851e4-e752-4450-879f-f31e7bf6d76a.png,analyzed,5,e97851e4-e752-4450-879f-f31e7bf6d76a｜逐条语义审阅：重整旗鼓 被动/准备阶段：若你于上回合战败，将你移除版图且你 无法进行部署，然后你获得2点战果并查看你牌堆顶的3 张牌后，将它们以任意顺序放置于牌堆顶和底。 你本回合常规出牌可以少打出任意张牌。
2799,01从者\001待加入从者\暗杀者-特斯卡特里波卡\933e8d74-4d54-4f0d-9ae5-eddab221d612.png,analyzed,5,"933e8d74-4d54-4f0d-9ae5-eddab221d612｜逐条语义审阅：Assassin 特斯卡特利波卡 米 3,4,4,5 ? 3,4,4,5 * 3,4,4,5"
2800,01从者\001待加入从者\暗杀者-特斯卡特里波卡\b82f7b1a-0079-43ad-8131-67718917f3e9.png,analyzed,5,b82f7b1a-0079-43ad-8131-67718917f3e9｜逐条语义审阅：特殊 宝具 5 5k 第一太阳 【真名解放】 <每局游戏限一次> 残留：战力结算时，本回合未使用令咒的所有玩家【败北】。 你【败北】的回合结束时，关闭此牌（即使无视【败北】）。 黑色太阳-行动阶段：你所在的战斗改为在【败北】者中计 算胜者，回合结束时，关闭此牌。
2801,01从者\001待加入从者\暗杀者-特斯卡特里波卡\c998dd13-90e8-42d7-ba5e-88737ac3dc48.png,analyzed,5,c998dd13-90e8-42d7-ba5e-88737ac3dc48｜逐条语义审阅：米 力量 战士之司 5& 斗争的魅力-战斗阶段：令你战斗中的所有玩家秘密选择 花费X点战果（X至多为当前回合数），战力结算时，按回 合顺位将其牌堆顶的x张牌加入攻击。该战斗的唯一胜者获 胜时，获得其花费的战果后移除因斗争的魅力加入攻击的牌。 其余玩家将加入的牌洗回牌库，此效果具有强制性。
2802,01从者\001待加入从者\暗杀者-特斯卡特里波卡\d45bf6d2-631d-480e-83ae-a6af0c5f7ae2.png,analyzed,5,d45bf6d2-631d-480e-83ae-a6af0c5f7ae2｜逐条语义审阅：山之心脏 被动：花费1点魔力并移除一张手牌，然后若可能， 将一张与该牌具有相同属性的，3/7的【狂战士】从 游戏外加入手牌，你本回合打出此牌时可以免费打出。
2803,01从者\001待加入从者\术士-克莱恩小姐\httpssteamusercontentaakamaihdnetugc27682271837321615FBF5713BCE49CE8D8BC02F81C9498500272BC591.png,analyzed,5,"httpssteamusercontentaakamaihdnetugc27682271837321615FBF5713BCE49CE8D8BC02F81C9498500272BC591｜逐条语义审阅：Caster 克莱恩小姐 米 2,2,3 β Surveil 2,2,4 β Preparation × 2,2,3,4"
2804,01从者\001待加入从者\术士-克莱恩小姐\httpssteamusercontentaakamaihdnetugc276822718373220825405AA2E296851AA2334F147E337656F075FBDBB.png,analyzed,5,httpssteamusercontentaakamaihdnetugc276822718373220825405AA2E296851AA2334F147E337656F075FBDBB｜逐条语义审阅：魔术礼装·迦勒底 被动：回合结束时，你可以花费两枚【羽】，【缝制】 并将此牌切换为【魔术礼装·迦勒底战斗服】。 被动/行动阶段：选择下列任意项，每项每局游戏限一次。 应急处置-获得2点魔力。瞬间强化-获得3点合计威力。 紧急回避-移动至一处相邻的地点。
2805,01从者\001待加入从者\术士-克莱恩小姐\httpssteamusercontentaakamaihdnetugc2768227183732322760E882D05BBA698731AD5E701E0CF0FD8A1C2301.png,analyzed,5,httpssteamusercontentaakamaihdnetugc2768227183732322760E882D05BBA698731AD5E701E0CF0FD8A1C2301｜逐条语义审阅：魔术礼装·极地用迦勒底制服 被动：回合结束时，你可以花费四枚【羽】，【缝制】并将此牌 切换为【第五真实元素环境用迦勒底制服】。 被动/行动阶段：选择下列任意项，每项每局游戏限一次。 净化回复-获得3点魔力。幻想强化-令一张你激活的攻击威力翻倍。 预测回避-你不受其他玩家能力影响。
2806,01从者\001待加入从者\术士-克莱恩小姐\httpssteamusercontentaakamaihdnetugc27682271837323641DA43C3EC3B3830500648674EAABB1ABA933B701F.png,analyzed,5,httpssteamusercontentaakamaihdnetugc27682271837323641DA43C3EC3B3830500648674EAABB1ABA933B701F｜逐条语义审阅：第五真实元素环境用迦勒底制服 被动：回合结束时，你可以花费五枚【羽】，【缝制】并将此牌 切换为【决战用迦勒底制服】。 被动/行动阶段：选择下列任意项，每项每局游戏限一次。 同时突击-抽2张牌，打出至多2张手牌。三重治疗-下三个回合结 束时，你获得2点魔力。魔力变换-花费2X点魔力，获得X点战果。
2807,01从者\001待加入从者\术士-克莱恩小姐\httpssteamusercontentaakamaihdnetugc276822718373240293A450A053877DF642C5CA0D089DC503330780DD8.png,analyzed,5,httpssteamusercontentaakamaihdnetugc276822718373240293A450A053877DF642C5CA0D089DC503330780DD8｜逐条语义审阅：决战用迦勒底制服 被动/行动阶段：选择下列任意项，每项每局游戏限一次。 决战强化-直至游戏结束，你激活的攻击均获得+2威力。 前线回复-回合结束时，将你的魔力设为8点。 OrderChange-重新分配所有玩家的回合顺位直至游戏结束。
2808,01从者\001待加入从者\术士-克莱恩小姐\httpssteamusercontentaakamaihdnetugc27683556129848830180D7C971C204A0CF1D6117FDA58C87DCE594835.png,analyzed,5,httpssteamusercontentaakamaihdnetugc27683556129848830180D7C971C204A0CF1D6117FDA58C87DCE594835｜逐条语义审阅：魔术礼装·迦勒底战斗服 被动：回合结束时，你可以花费三枚【羽】，【缝制】并将此牌 切换为【魔术礼装·极地用迦勒底制服】。 被动/行动阶段：选择下列任意项，每项每局游戏限一次。 全体强化-你激活的攻击获得+2威力。Gandr-选择一个阶段， 你的交战对手无法使用该阶段令咒外的能力。 Order Change-抽一名未使用的从者，选择其一张技能加入技能区。
2809,01从者\001待加入从者\术士-克莱恩小姐\httpssteamusercontentaakamaihdnetugc27691156464956154C633BE82C876139D59283A144A0B20EBF46AB927.png,analyzed,5,httpssteamusercontentaakamaihdnetugc27691156464956154C633BE82C876139D59283A144A0B20EBF46AB927｜逐条语义审阅：天衣无缝·鹤恩惜别歌 被动：当你获得【羽】时，你获得等量的魔力。 一夜羽织-被动/行动阶段：若你的从者是克莱恩小姐，解 锁你的【升华技】且其上提到的从者名更改为克莱恩小姐 直至游戏结束。
2810,01从者\001待加入从者\术士-克莱恩小姐\httpssteamusercontentaakamaihdnetugc2769115646495665719F642C7F82CBF04D53F2C687ED368064003E405.png,analyzed,5,httpssteamusercontentaakamaihdnetugc2769115646495665719F642C7F82CBF04D53F2C687ED368064003E405｜逐条语义审阅：特殊 CCCCCOS XO2K 阵地建造〔衣］ X =16－ （当前回合数× 2） 工作室-残留：当你部署于魔术工房时，获得两枚【羽】。 淑女服饰之爱-行动阶段：每回合限两次，将你的【魔术礼 装】切换为另一件你已【缝制】的【魔术礼装】直至你再度 使用此效果。
2811,01从者\001待加入从者\术士-克莱恩小姐\httpssteamusercontentaakamaihdnetugc2769115646497553748C8F31D93CFA64541D30EA93F99384DC4BE585D.png,unclear,5,OCR不明：httpssteamusercontentaakamaihdnetugc2769115646497553748C8F31D93CFA64541D30EA93F99384DC4BE585D；现有转写为“（未识别到文字）”，不足以判断规则，不据此提出operation。
2812,01从者\001待加入从者\术士-克莱恩小姐\旧\httpssteamusercontentaakamaihdnetugc27682271837326013BFE269E7A900A4BF8C74496982522A0948019A49.png,analyzed,5,httpssteamusercontentaakamaihdnetugc27682271837326013BFE269E7A900A4BF8C74496982522A0948019A49｜逐条语义审阅：特殊 CCCCCS XO2K 阵地建造〔衣】 X =16－ （当前回合数 × 2) 工作室-残留：当你部署于魔术工房时，获得一枚【羽】。 回合结束时，若你位于魔术工房，获得一枚【羽】。 淑女服饰之爱-行动阶段：将你的【魔术礼装】切换为另一 件你已【缝制】的【魔术礼装】直至你再度使用此效果。
2813,01从者\001待加入从者\术士-克莱恩小姐\旧\httpssteamusercontentaakamaihdnetugc276822718373266809CBE8DBB48324CD093B12D33E8E3B1120650E32A.png,analyzed,5,httpssteamusercontentaakamaihdnetugc276822718373266809CBE8DBB48324CD093B12D33E8E3B1120650E32A｜逐条语义审阅：6& 天衣无缝·鹤恩惜别歌 O 【真名解放】 <每局游戏限一次> 一夜羽织-打出时：若你的从者是克莱恩小姐，解锁你的 【升华技】且其上提到的从者名更改为克莱恩小姐直至游戏 结束。若你以此效果解锁了【升华技】，回合结束时，抽取 一名新的从者并选择其一项技能加入你的技能区。
2814,01从者\001待加入从者\术士-克莱恩小姐\旧\httpssteamusercontentaakamaihdnetugc276835561298467647BBA559FA6DCBAA6F06684B957A8419CE98EC9FC.png,analyzed,5,httpssteamusercontentaakamaihdnetugc276835561298467647BBA559FA6DCBAA6F06684B957A8419CE98EC9FC｜逐条语义审阅：天衣无缝·鹤恩惜别歌 被动：当你获得【羽】时，你获得1点魔力。 一夜羽织-被动/行动阶段：若你的从者是克莱恩小姐，解 锁你的【升华技】且其上提到的从者名更改为克莱恩小姐 直至游戏结束。
2815,01从者\001待加入从者\术士-库丘林\3878C208E6730E0ED74787A1188734C0.png,analyzed,5,"3878C208E6730E0ED74787A1188734C0｜逐条语义审阅：Caster 库·丘林 米2,3 β Surveil ? 2,4,5 β Surveil * 2,2,4,4,5"
2816,01从者\001待加入从者\术士-库丘林\60F8E91D0DF5945F20E74ACECAAEED09.png,analyzed,5,60F8E91D0DF5945F20E74ACECAAEED09｜逐条语义审阅：“力量/敏捷/魔术”诸神-【原初之卢恩】获得该属性和+1威力。 “魔力/令咒”寒冰-与你位于同一地点的其他玩家失去2点魔力。 “合计威力”橡树-你获得2点合计威力。 “禁止/无法”坟墓-令一名与你位于同一地点的对手成为【活祭】 【活祭】在成为【活祭】外的回合战败时若没有令咒，其淘汰。 若上述文字均不具有：新芽-你获得1点战果。 4& 原初之卢恩 若你激活【阵地作成】，你拥有的魔力少于8点也可以使用此牌。 打出时：展示并弃置一张牌堆顶的事件牌，你可以选择一种其 具有的，上述的卡牌文字并获得一枚相应的【符文】。 行动阶段：花费一枚【符文】并获得相应效果，你可以额外花 费2点魔力再花费一枚【符文】。
2817,01从者\001待加入从者\术士-库丘林\E9A715AFDB4AB95A4DE100B98C7FCE0E.png,analyzed,5,E9A715AFDB4AB95A4DE100B98C7FCE0E｜逐条语义审阅：米 力量 宝具 8K 灼烧殆尽的炎笼 【真名解放】 柳条巨像-行动阶段：令你的所有交战对手立即失去一枚 令咒且无法以移动离开该战场。
2818,01从者\001待加入从者\术士-库丘林\法师-阵地建造.png,analyzed,5,法师-阵地建造｜逐条语义审阅：魔術 X02& 阵地建造 X为16-（当前回合数×2） 残留：当你部署于魔术工房时，获得1点魔力和2点战果。
2819,01从者\001待加入从者\术士-酒吞童子\03193f85-b0d2-42ee-ab87-329301d4a31f.png,analyzed,5,03193f85-b0d2-42ee-ab87-329301d4a31f｜逐条语义审阅：米 力量 宝具 7 2K 护法少女·九头龙杀 【真名解放】 被动/准备阶段：将1张手牌放置于【酒壶】内后抽2张牌。 请君品鉴-战斗阶段：将至多3张【酒壶】内的牌加入交战 对手的攻击。这些牌获得：“酪酊-战力结算时，此牌改为 令你减少威力（而不是增加）。”
2820,01从者\001待加入从者\术士-酒吞童子\57d86bf6-0eb6-499d-a839-15a3b42e2427.png,analyzed,5,57d86bf6-0eb6-499d-a839-15a3b42e2427｜逐条语义审阅：主 护法之鬼 2 10K 此牌需追加打出且你拥有的魔力少于8点也可以使用此牌。 打出时：令此牌获得一种属性和相应效果： 米心握杀-战斗阶段：将一张你交战对手牌堆顶的牌加入你的 攻击，回合结束时，将此牌置于【酒壶】内。 ×殴杀棒-战斗阶段：你战斗中本回合入场的攻击获得+2威力。
2821,01从者\001待加入从者\术士-酒吞童子\c08a9dc4-53f9-468e-8752-1afb742d912a.png,analyzed,5,c08a9dc4-53f9-468e-8752-1afb742d912a｜逐条语义审阅：酒壶 被动：每回合结束时，你可以将一张手牌放置于此牌上。 酒宴-被动/准备阶段：花费2点魔力并选择一处战场， 当一名玩家本回合首次进入该战场时，其可以向酒吞童 子支付1点战果，将一张此牌上的攻击加入攻击。 回合结束时，将所有因酒宴加入攻击的牌移除游戏。
2822,01从者\001待加入从者\术士-酒吞童子\d3993faf-5caf-4f68-9385-74d2c2370a07.png,analyzed,5,"d3993faf-5caf-4f68-9385-74d2c2370a07｜逐条语义审阅：Caster 酒吞童子 米 2,3,3,5 β Luck 2,3 β Surveil × 2,3,4,5"
2823,01从者\001待加入从者\枪兵-哪吒\ATK-法宝  (1).png,analyzed,5,ATK-法宝  (1)｜逐条语义审阅：米 力量 九龙神火罩 2 8K O 【法宝】 此牌不受其他玩家能力影响。
2824,01从者\001待加入从者\枪兵-哪吒\ATK-法宝  (2).png,analyzed,5,ATK-法宝  (2)｜逐条语义审阅：敏捷 2 3& 阴阳双剑 【法宝】 打出时：创造并激活一张此牌的临时复制直至回合结束并 令该复制失去&敏捷属性后获得×魔术属性。
2825,01从者\001待加入从者\枪兵-哪吒\ATK-法宝  (3).png,analyzed,5,ATK-法宝  (3)｜逐条语义审阅：米 力量 火尖枪 103K 【法宝】 行动阶段：你激活的攻击获得米力量属性，若其已具有米 力量属性，改为令其获得+1威力。
2826,01从者\001待加入从者\枪兵-哪吒\ATK-法宝  (4).png,analyzed,5,ATK-法宝  (4)｜逐条语义审阅：魔术 103& 乾坤圈 【法宝】 战斗阶段：令一名位于地利位置的交战对手失去所有地利。
2827,01从者\001待加入从者\枪兵-哪吒\ATK-法宝  (5).png,analyzed,5,ATK-法宝  (5)｜逐条语义审阅：特殊 宝具 3 7K 地飞爽灵·火尖枪 【法宝】 聚灵-战斗阶段：你战斗中每有一张激活且牌名不同的其他 攻击，你便获得+1合计威力。 （同属性的非β特殊基础攻击视为同一牌名。）
2828,01从者\001待加入从者\枪兵-哪吒\ATK-法宝  (6).png,analyzed,5,ATK-法宝  (6)｜逐条语义审阅：敏捷 3& 风火轮 【法宝】 行动阶段：无视事件牌影响，移动至一处非魔术工房地点。
2829,01从者\001待加入从者\枪兵-哪吒\ATK-法宝  (7).png,analyzed,5,ATK-法宝  (7)｜逐条语义审阅：魔术 132 200K 混天绫 【法宝】 战斗阶段：选择一张交战对手的激活攻击并令其基本威力和 魔力消耗减少共计至多5点。这之后，若该攻击的魔力消耗 和基本威力均为0，你可以将其加入你的攻击并立即使用其行 动阶段能力。回合结束时，令其返回原所有者的相应位置。
2830,01从者\001待加入从者\枪兵-哪吒\httpssteamusercontentaakamaihdnetugc2769233466673129820AA9A3B9D60ED582717FD4CFDFBB46A9B9F650F.png,analyzed,5,httpssteamusercontentaakamaihdnetugc2769233466673129820AA9A3B9D60ED582717FD4CFDFBB46A9B9F650F｜逐条语义审阅：宝具 化生 被动：当你获胜时，你秘密获得等于获胜战果的【莲体】 计数。当你首次即将淘汰时，你可以花费X点【莲体】来 令你的战果视为比原本高X点来结算本次淘汰。 三头六臂－被动/行动阶段：花费至多4点【莲体】，打出 等量的【法宝】后【真名解放】。
2831,01从者\001待加入从者\枪兵-哪吒\httpssteamusercontentaakamaihdnetugc276923346667317916197C25F050BC65095111E3F3E7CBCDCBDD922F8.png,analyzed,5,httpssteamusercontentaakamaihdnetugc276923346667317916197C25F050BC65095111E3F3E7CBCDCBDD922F8｜逐条语义审阅：灵珠子 被动/前哨阶段：花费X点魔力，抽X张牌，根据相应规则 弃置任意张牌后将至多X张临时的【法宝】从游戏外加入 手牌直至回合结束。
2832,01从者\001待加入从者\枪兵-哪吒\httpssteamusercontentaakamaihdnetugc276923346667322902B96FDD6C37EEB5C470BCDB96AD0EF1A80279BD5.png,analyzed,5,httpssteamusercontentaakamaihdnetugc276923346667322902B96FDD6C37EEB5C470BCDB96AD0EF1A80279BD5｜逐条语义审阅：灵珠子 米－火尖枪 米+任意基础牌－九龙神火罩 － 风火轮 + 任意基础牌－ 阴阳双剑 -乾坤圈 ×+任意基础牌－混天绫 β+两张任意基础牌－地飞爽灵·火尖枪
2833,01从者\001待加入从者\枪兵-哪吒\枪兵-哪吒.png,analyzed,5,"枪兵-哪吒｜逐条语义审阅：Lancer 哪吒 米 2,3,5 冈 Luck 2,4,4 β Surveil × 2,3,4 β Preparation"
2834,01从者\001待加入从者\狂战士-永仓新八\httpssteamusercontentaakamaihdnetugc27692334652751694AC34F31C787AA217CAC6614454841EDC55F9680D.png,analyzed,5,httpssteamusercontentaakamaihdnetugc27692334652751694AC34F31C787AA217CAC6614454841EDC55F9680D｜逐条语义审阅：宝具 诚之旗 3 【真名解放】 剑伐怒顶-行动阶段：展示你牌堆顶的一张牌，从弃牌堆打 出至多三张与被展示牌基本威力相同的攻击。以此法打出的 【狂战士】-1魔力消耗。
2835,01从者\001待加入从者\狂战士-永仓新八\httpssteamusercontentaakamaihdnetugc27692334652753636BB743F52D84DC5F94BE0BB1E43EE892FA28AF111.png,analyzed,5,httpssteamusercontentaakamaihdnetugc27692334652753636BB743F52D84DC5F94BE0BB1E43EE892FA28AF111｜逐条语义审阅：米 力量 敏捷 龙飞剑 3 7K 落山风-行动阶段：展示你的两张手牌并分别选择将其弃置 或置于牌堆顶。
2836,01从者\001待加入从者\狂战士-永仓新八\httpssteamusercontentaakamaihdnetugc27692334652754528E9D61DD07DF83E219F94FA3F6BA8FA8B988E301A.png,analyzed,5,httpssteamusercontentaakamaihdnetugc27692334652754528E9D61DD07DF83E219F94FA3F6BA8FA8B988E301A｜逐条语义审阅：@JUEEAKI 我武新 义无反顾-被动：每当你获胜和打出一张【狂战士】后， 你均可以将一张你手牌或弃牌堆的基础牌移除，然后将 一张与其同属性且印刷威力+1的基础牌从游戏外加入其 原本所在的位置。
2837,01从者\001待加入从者\狂战士-永仓新八\狂-永仓新八.png,analyzed,5,"狂-永仓新八｜逐条语义审阅：Berserker 永仓新八 米 2,2,3,4,7,7 β Luck 2,3,3,4,7"
2838,01从者\001待加入从者\狂战士-清少纳言\httpssteamusercontentaakamaihdnetugc27692334662864534AAF203E9DF7BE9F2032E1BC363BCBC08049DC33D.png,analyzed,5,httpssteamusercontentaakamaihdnetugc27692334662864534AAF203E9DF7BE9F2032E1BC363BCBC08049DC33D｜逐条语义审阅：特殊 宝具 4 4K 夏天，世间少有之热 【真名解放】 此牌需与基本威力低于此牌的攻击一同打出。 热浪来袭-战斗阶段：关闭你战斗中本回合入场且基本威力低于此 牌的攻击。然后你获得其他玩家因此被关闭的攻击数一半的战果 （向上取整）和你被关闭的攻击数两倍的合计威力，该效果具有 强制性。
2839,01从者\001待加入从者\狂战士-清少纳言\httpssteamusercontentaakamaihdnetugc27692334673589154D53663A8F67591D6A75E16E3619073AE60B250F3.png,analyzed,5,httpssteamusercontentaakamaihdnetugc27692334673589154D53663A8F67591D6A75E16E3619073AE60B250F3｜逐条语义审阅：Fate Grand Order 色彩涂鸦 一夏的冒险-行动阶段：展示任意张手牌，根据被展示牌的 属性数量，此牌获得：1+－这些属性。2+－若你获胜， 令除你与清少纳言外的其他对手各失去1点战果。 3+－打出不同属性的手牌至多各一张（威力之和至多10）。 4+－因此牌打出的攻击不会因其他玩家能力影响关闭。
2840,01从者\001待加入从者\狂战士-清少纳言\httpssteamusercontentaakamaihdnetugc2769233467359024750D5B284439659F6C0639F9D8ADE1BBCCE18F9E0.png,analyzed,5,httpssteamusercontentaakamaihdnetugc2769233467359024750D5B284439659F6C0639F9D8ADE1BBCCE18F9E0｜逐条语义审阅：特殊 ①涂鸦-将【颜料】数的，你技能区【色彩涂鸦】 <每局游戏限一次>的复制放置于你所在的战场。 ②采风-令你所在战场至多【颜料】数的【色彩涂鸦】 失去卡牌文字效果后，令它们获得+2威力并加入攻击， 回合结束时，将这些【色彩涂鸦】移除游戏。 夏日街头！ 3 3& 创想-被动：当其他玩家进入放置了【色彩涂鸦】的地点时， 若其没有【色彩涂鸦】，其可以将一张加入其技能区。 你可以将此牌作为常规出牌的唯一一张牌打出并抽2张牌。 行动阶段：展示任意张手牌，记录其包含的属性数作为【颜 料】后，选择涂鸦或采风作为此牌本回合的卡牌文字效果。
2841,01从者\001待加入从者\狂战士-清少纳言\旧\httpssteamusercontentaakamaihdnetugc276923346527660381547A1A014213A6462FD0E831CB7FABAEE94947B.png,analyzed,5,httpssteamusercontentaakamaihdnetugc276923346527660381547A1A014213A6462FD0E831CB7FABAEE94947B｜逐条语义审阅：特殊 ①涂鸦-将【颜料】数的，你技能区【色彩涂鸦】 <每局游戏限一次>的复制放置于你所在的战场。 ②采风-令你所在战场至多【颜料】数的【色彩涂鸦】 失去卡牌文字效果后将其加入攻击，回合结束时， 将这些【色彩涂鸦】移除游戏 夏日街头！ 3 创想-被动：当其他玩家进入放置了【色彩涂鸦】的地点时， 若其没有【色彩涂鸦】，其可以将一张加入其技能区。 你可以将此牌作为常规出牌的唯一一张牌打出并抽2张牌。 行动阶段：展示任意张手牌，记录其包含的属性数作为【颜 料】后，选择涂鸦或采风作为此牌本回合的卡牌文字效果。
2842,01从者\001待加入从者\狂战士-清少纳言\旧\httpssteamusercontentaakamaihdnetugc2769233465277662200C0F0B0CDD8C0D9AD0F916FCCF9F896A9FE377F.png,analyzed,5,httpssteamusercontentaakamaihdnetugc2769233465277662200C0F0B0CDD8C0D9AD0F916FCCF9F896A9FE377F｜逐条语义审阅：Fate Grand Order 色彩涂鸦 3K 一夏的冒险-行动阶段：展示任意张手牌，根据被展示牌的 属性数量，此牌获得：1+－这些属性。 2+－令除你与清少纳言外的其他对手各失去1点战果。 3+－打出不同属性的手牌至多各一张（威力之和至多10）。 4+－此牌不会因玩家能力影响被关闭（包括你自己）。
2843,01从者\001待加入从者\狂战士-清少纳言\旧\httpssteamusercontentaakamaihdnetugc276923346527795605BD0E80EAFE84F5AEACEC9C9175DE416CD9C40B1.png,analyzed,5,httpssteamusercontentaakamaihdnetugc276923346527795605BD0E80EAFE84F5AEACEC9C9175DE416CD9C40B1｜逐条语义审阅：特殊 宝具 4 4K 夏天，世间少有之热 【真名解放】 此牌需与基本威力不高于此牌的攻击一同打出。 热浪来袭-战斗阶段：关闭你战斗中本回合入场且基本威力不高于 此牌的其他攻击。然后你获得其他玩家因此被关闭的攻击数一半的 战果（向上取整）和你被关闭的攻击数两倍的合计威力，该效果具 有强制性。
2844,01从者\001待加入从者\狂战士-清少纳言\狂-清少纳言.png,analyzed,5,"狂-清少纳言｜逐条语义审阅：清少纳言(Berserker) 米 4,4,4,4 β Luck ? 2,3,3 β Luck × 2,2,3"
2845,01从者\001待加入从者\狂战士-静希草十郎\坐恶.png,analyzed,5,坐恶｜逐条语义审阅：米 力量 敏捷 4K 坐■不明 月恶灵■手 O 你拥有的魔力少于8点也可以使用此牌 打出时：你失去所有魔力，若你因此失去的魔力值<6， 下个回合开始时，你【淘汰】。 战斗阶段：选择一张你战斗中的攻击，战力结算时，若其 威力≥你控制的攻击的威力之和，令其所有者【败北】。
2846,01从者\001待加入从者\狂战士-静希草十郎\宗和的心得.png,analyzed,5,宗和的心得｜逐条语义审阅：宗和的心得 被动：若你真名隐藏，战力结算时你可以获得+3合计威力。 若你已【真名解放】，你的米力量基础攻击获得&敏捷 属性，&敏捷基础攻击获得米力量属性，且其均获得 “坐杀-打出时：你可以额外花费3点魔力，令此牌获得 +3威力直至回合结束”。
2847,01从者\001待加入从者\狂战士-静希草十郎\狂-静希草十郎.png,analyzed,5,"狂-静希草十郎｜逐条语义审阅：静希草十郎 米 4,4,4,4,5 β Luck ? 4,4,4,4,5 β Surveil"
2848,01从者\001待加入从者\狂战士-静希草十郎\白骨万世.png,analyzed,5,白骨万世｜逐条语义审阅：宝具 百骨万世千塔修验 【真名解放】 大脑基底核-被动/行动阶段：若你本回合常规出牌打出的 攻击与上回合的属性和基本威力分别完全相同，令其额外 受到一次力量修正。若其为非基础牌且你战败，将此牌移 除游戏。
2849,01从者\001待加入从者\降临者-迷之女主角XX-Alter\ATK (1).png,analyzed,5,ATK (1)｜逐条语义审阅：魔术 2 4& 夺萃之镰 唯一/聚合-打出时：若此牌与【割舍之镰】一同打出， 你可以将此牌和【割舍之镰】移除游戏后，将游戏外的 【创始闪光若乱即混沌】加入攻击。 紊乱-战斗阶段：移除一张手牌，偷取一名交战对手2点魔力。
2850,01从者\001待加入从者\降临者-迷之女主角XX-Alter\ATK (2).png,analyzed,5,ATK (2)｜逐条语义审阅：米 力量 4K 裂舍之镰 2 唯一/聚合-打出时：若此牌与【夺萃之镰】一同打出， 你可以将此牌和【夺萃之镰】移除游戏后，将游戏外的 【创始闪光若紊乱即混沌】加入攻击。 混沌-战斗阶段：移除一张手牌，偷取一名交战对手2点 合计威力。
2851,01从者\001待加入从者\降临者-迷之女主角XX-Alter\ATK-领域外生命.png,analyzed,5,ATK-领域外生命｜逐条语义审阅：特殊 领域外生命 【真名解放】 你和谜之女主角XX〔Alter〕各获得+6合计威力（若你是 谜之女主角XX〔Alter〕，该效果不会令你+12合计威力）。 战斗阶段结束后，将此牌加入谜之女主角XX［Alter」的 弃牌堆。
2852,01从者\001待加入从者\降临者-迷之女主角XX-Alter\httpssteamusercontentaakamaihdnetugc27682271804748139310007733A21E28B938D13B937DCC488B5B5319F.png,analyzed,5,"httpssteamusercontentaakamaihdnetugc27682271804748139310007733A21E28B938D13B937DCC488B5B5319F｜逐条语义审阅：Foreigner 谜之女主角XX〔Alter] 米 2,3,4,4,5 β Luck β Foreigner Class * 2,3,4,4,5"
2853,01从者\001待加入从者\降临者-迷之女主角XX-Alter\httpssteamusercontentaakamaihdnetugc276822718047497698D396DC1820B10E5F2ADB98814D0222E6D953026.png,analyzed,5,httpssteamusercontentaakamaihdnetugc276822718047497698D396DC1820B10E5F2ADB98814D0222E6D953026｜逐条语义审阅：米 力量 魔术 宝具 创始闪光 4 8K 若紊乱即混沌 【真名解放】 打出时：你可以移除一张手牌。若如此做，将此牌移除游戏后， 将游戏外的【夺萃之镰】和【裂舍之镰】加入攻击。 行动阶段：本局游戏你每移除一张非技能牌，便获得+1合计威力。
2854,01从者\001待加入从者\降临者-迷之女主角XX-Alter\httpssteamusercontentaakamaihdnetugc276822718047500448179F3A57AF99723264592630C9B47BFEBB6E16A.png,analyzed,5,httpssteamusercontentaakamaihdnetugc276822718047500448179F3A57AF99723264592630C9B47BFEBB6E16A｜逐条语义审阅：特殊 XOO& 量子甲胃 X=12-你的魔力值 强袭-残留：每回合限一次，当你即将移除一张基础手牌时， 可以改为将其打出并于回合结束时再将其移除游戏，当你获 胜时，你需花费3点魔力，否则关闭此牌。重力场-战斗阶段： 你的交战对手若控制区特殊属性攻击，其失去所有地利。
2855,01从者\001待加入从者\降临者-迷之女主角XX-Alter\httpssteamusercontentaakamaihdnetugc276822718047502974881896DF683B0D36DF581BC6F77EB62997EBCC2.png,analyzed,5,httpssteamusercontentaakamaihdnetugc276822718047502974881896DF683B0D36DF581BC6F77EB62997EBCC2｜逐条语义审阅：米 力量 3 4K 武恶之极限 此牌需与两张基本威力相同的攻击一同追加打出。 战斗阶段：选择一张你战斗中其他玩家控制的非特殊基础攻 击加入手牌。你可以将其移除，然后为其原拥有者创造并激 活一张【领域外生命】。
2856,01从者\001待加入从者\骑兵-哥伦布\3.1更新1乘.png,analyzed,5,3.1更新1乘｜逐条语义审阅：Special 300K 骑乘 打出时：若此牌与一张基础攻击一同打出，抽一张牌。 坐骑召唤-行动阶段：打出至多3张基本威力为3或更低的手 牌。
2857,01从者\001待加入从者\骑兵-哥伦布\httpssteamusercontentaakamaihdnetugc2769115646630455700C7B698B7F26824F7A49E6EFBF3D5430CE01E30.png,analyzed,5,httpssteamusercontentaakamaihdnetugc2769115646630455700C7B698B7F26824F7A49E6EFBF3D5430CE01E30｜逐条语义审阅：米 力量 宝具 7 10K 新天地探索航行 【真名解放】 征服者-被动：当你获胜时，可以将一张你战斗中未被【征服】的 事件牌【征服】后放置于此牌上。抛锚-行动阶段：抽一张或选择 一张已【征服】的事件牌，然后选择下列一项：殖民-将该事件牌 放置于一处地点后，弃置一张该地点的事件牌后移动至该地点。 掠夺-将该事件牌移除游戏，获得其战果数一半的战果（向上取整）。
2858,01从者\001待加入从者\骑兵-哥伦布\httpssteamusercontentaakamaihdnetugc276911564663143489E1D90A01E1227826F29A37E31214AE9C23E26C5.png,analyzed,5,httpssteamusercontentaakamaihdnetugc276911564663143489E1D90A01E1227826F29A37E31214AE9C23E26C5｜逐条语义审阅：特殊 宝具 102 暴风雨的航海家 【真名解放】 被动：当你移动至一处地点后，你可以部署于该地点的一 张事件牌上并获得等同于该牌战果数的基础地利（视作地利 位置）。畅通无阻-你激活的【疾行】获得【远隔操作】的 卡牌文字效果。
2859,01从者\001待加入从者\骑兵-哥伦布\骑兵-哥伦布.png,analyzed,5,"骑兵-哥伦布｜逐条语义审阅：克里斯托弗·哥伦布 Luck 米 3,3,4,5 Surveil ? 2 Surveil × 2,3,3 Surveil"
2860,01从者\002待更新\复仇者-徐福\4.0更新 (1).png,analyzed,5,4.0更新 (1)｜逐条语义审阅：道术（人偶操作） 思想魔术-被动/行动阶段：花费2点魔力并选择： 1.将一张牌库的【虞大人（玩偶）】加入攻击。 2.将一张基础手牌置于一张你激活且未放置牌的【虞大人 （玩偶）】上作为盘。盘在其被放置的【虞大人（玩偶）】 离场时置入弃牌堆。
2861,01从者\002待更新\复仇者-徐福\4.0更新 (2).png,analyzed,5,4.0更新 (2)｜逐条语义审阅：魔术 万死收集 1K 此牌需追加打出。惊魂夜-你的攻击威力和合计威力不会因 具有区特殊或 ）宝具属性的攻击牌（包括你自己的）减少。 战斗阶段：回合结束时，将一项未记录过且本回合于你的战 斗中被其他玩家使用过的，带有“【败北】”卡牌文字效果 的阶段能力作为【概念】记录。
2862,01从者\002待更新\复仇者-徐福\ATK-徐福.png,analyzed,5,ATK-徐福｜逐条语义审阅：特殊 虞大人（玩偶） 复仇者（名义）－残留：与你位于同一战场的其他激活攻击 -1威力。当你战胜至少一名对手的回合结束时，关闭此牌。 忘却补正-行动阶段：此牌获得其上的牌的属性与基本威力 的威力。
2863,01从者\002待更新\复仇者-徐福\httpssteamusercontentaakamaihdnetugc249789825456561625372F11D19508CCAEE5866285AFEB58A3DDCDBCAB0.png,analyzed,5,httpssteamusercontentaakamaihdnetugc249789825456561625372F11D19508CCAEE5866285AFEB58A3DDCDBCAB0｜逐条语义审阅：米 力量 宝具 CHA-IN n-nx 夕阳中的气绝 6K 黄昏中的电锯 【真名解放】 打出时：令此牌获得一项【概念】直至游戏结束。 电锯恶魔-你战斗中的玩家失去等于其牌库或弃牌堆牌数取 高的合计威力。
2864,01从者\002待更新\复仇者-徐福\徐福-复仇.png,analyzed,5,"徐福-复仇｜逐条语义审阅：徐福(Avenger) 米 4,4 β Yu Figure 2,3,3 β Yu Figure ? * 2,3,4,4 β Yu Figure"
2865,01从者\002待更新\复仇者-徐福\旧\httpssteamusercontentaakamaihdnetugc2497898254565617230714B60CB127080AB7B39BC9CF011CFC1F137F910.png,analyzed,5,httpssteamusercontentaakamaihdnetugc2497898254565617230714B60CB127080AB7B39BC9CF011CFC1F137F910｜逐条语义审阅：道术（人偶操作） 思想魔术-被动/行动阶段：花费2点魔力并选择： 1.将一张牌库的【虞大人（玩偶）】加入攻击。 2.将一张基础手牌置于一张你激活且未放置牌的【虞大 人（玩偶））上作为盘。盘在其被放置的【虞大人（玩 偶）】离场时置入弃牌堆并令你获得1点战果。
2866,01从者\002待更新\复仇者-徐福\旧\httpssteamusercontentaakamaihdnetugc249789825456561766830C5F23C68C25DC3E7B08247F240310B930473C8.png,analyzed,5,httpssteamusercontentaakamaihdnetugc249789825456561766830C5F23C68C25DC3E7B08247F240310B930473C8｜逐条语义审阅：魔术 万死收集 1& 此牌需追加打出。 惊魂夜-你的攻击威力和合计威力不会因攻击牌影响减少。 战斗阶段：回合结束时，将一项未记录过且本回合于你的战 斗中被其他玩家使用过的，带有“【败北】”卡牌文字效果 的阶段能力作为【概念】记录。
2867,01从者\002待更新\复仇者-迦摩\4.0更新 (1).png,analyzed,5,4.0更新 (1)｜逐条语义审阅：盛夏之海的魔罗 忘却补正-被动：当你打出两张相同的非技能牌时，你 可以令其中一张获得爱之炎直至关闭。 （爱之炎-残留：此牌持续激活至你使用了此牌的阶段 能力或战胜了一名其他玩家的战斗阶段结束时。 此牌关闭时，令你战斗中的其他败者获得1点战果。）
2868,01从者\002待更新\复仇者-迦摩\4.0更新 (2).png,analyzed,5,4.0更新 (2)｜逐条语义审阅：敏捷 宝具 500K 持爱而堕，恋止也 被动/前哨阶段：抽一张牌。 虚炎之暗-战斗阶段：【真名解放】，打出至多3张手牌并 令其中一张获得爱之炎直至关闭。
2869,01从者\002待更新\复仇者-迦摩\4.0更新 (3).png,analyzed,5,4.0更新 (3)｜逐条语义审阅：魔术 X 2K 持爱而至，恋夏也 虚无之魔-残留：于你的行动阶段选择下列一项效果： 1.令一张你的基础攻击获得爱之炎直至关闭。2.移动至一处相 邻的地点。3.同一地点的所有玩家失去2点战果。4.关闭此牌。 此效果每回合仅可触发一次，每个选项在此牌关闭前仅可被选 择一次。
2870,01从者\002待更新\复仇者-迦摩\旧\持爱而堕.jpg,analyzed,5,持爱而堕｜逐条语义审阅：敏捷 宝具 500K 持爱而堕，恋止也 被动/前哨阶段：抽一张牌。 虚炎之暗-战斗阶段：【真名解放】，打出至多3张手牌并 令其获得爱之炎。
2871,01从者\002待更新\复仇者-迦摩\旧\持爱而至.jpg,analyzed,5,持爱而至｜逐条语义审阅：魔术 ★ 2& 持爱而至，恋夏也 虚无之魔一残留：于你的行动阶段选择下列一项效果： 1.令一张你的基础攻击获得爱之炎。2.移动至一处相邻的 地点。3.同一地点的所有玩家失去2点战果。4.关闭此牌。 此效果每回合仅可触发一次，每个选项在此牌关闭前仅可 被选择一次。
2872,01从者\002待更新\复仇者-迦摩\旧\盛夏之海的摩罗.jpg,analyzed,5,盛夏之海的摩罗｜逐条语义审阅：盛夏之海的魔罗 忘却补正一被动：当你打出两张相同的非技能牌时，你 可以令其中一张获得爱之炎直至关闭。 （爱之炎-残留：此牌持续激活至你使用了此牌的阶段 能力或战胜了一名其他玩家为止。）
2873,01从者\002待更新\复仇者-迦摩\迦摩.jpg,analyzed,5,"迦摩｜逐条语义审阅：Avenger 迦摩（Avenger） Luck 米 2,2 Luck @ 3,3 Preparation 4,4,5,5 Preparation"
2874,01从者\002待更新\弓兵-尤瑞艾莉\3.6.5更新ATKX2.png,analyzed,5,3.6.5更新ATKX2｜逐条语义审阅：Special 3 4K 女神的神核 被动：此牌的牌名同时视为【幸运】。 疾行-行动阶段：沿箭头移动一步。 远隔操作-行动阶段：翻倍你的地利。 战斗阶段：若你获胜，获得2点战果。 幸运-战斗阶段：你无视【败北】效果。
2875,01从者\002待更新\弓兵-尤瑞艾莉\3.6塞壬之歌.png,analyzed,5,3.6塞壬之歌｜逐条语义审阅：Magic 塞壬之歌 魅惑的美声-与你位于同一地点的玩家手牌和技能区的攻击 魔力消耗-1。 被动/前哨阶段：无视回合顺位限制打出此牌与【单独行动】 并将其激活能力更改为：“行动阶段：你的行动阶段结束时， 若你位于战场，你获得3点战果。“
2876,01从者\002待更新\弓兵-尤瑞艾莉\ATK-女的审核X2.png,analyzed,5,ATK-女的审核X2｜逐条语义审阅：Special 3 4K 女神的神核 被动：此牌同时视为【幸运】基础攻击。 疾行-行动阶段：沿箭头移动一步。远隔操作-行动阶段： 翻倍你的地利。战斗阶段：若你获胜，获得2点战果。 幸运-战斗阶段：你无视【败北】效果。
2877,01从者\002待更新\弓兵-尤瑞艾莉\单独行动.png,analyzed,5,单独行动｜逐条语义审阅：特殊 单独行动 当你的行动顺位为当前回合前半数时（向下取整），你才能 使用此牌。 行动阶段：你获得3点战果。 如果你本回合战斗失败，失去5点战果，此效果不能被任何方 法阻止。
2878,01从者\002待更新\弓兵-尤瑞艾莉\塞壬之歌.png,analyzed,5,塞壬之歌｜逐条语义审阅：Magic 塞壬之歌 2& 4 被动/前哨阶段：无视回合顺位限制打出此牌与【单独行动】， 你可以无视顺位限制使用【单独行动】的行动阶段能力， 若如此做，你必须于战场结束你的行动阶段。 魅惑的美声-与你位于同一地点的玩家手牌和技能区的攻击 魔力消耗-1。
2879,01从者\002待更新\弓兵-尤瑞艾莉\女神的视线.png,analyzed,5,女神的视线｜逐条语义审阅：Agility Noble Phantasm + 305k 女神的视线 【真名解放】 行动阶段：展示所有与你位于同一地点的玩家的手牌，你 可以打出一张因此效果展示的【幸运】（被打出的【幸运】 进入原拥有者的弃牌堆）。
2880,01从者\002待更新\弓兵-尤瑞艾莉\尤瑞艾莉.png,analyzed,5,"尤瑞艾莉｜逐条语义审阅：Archer 尤瑞艾莉 米 2,3 Divine Core @ 2,2,2,3,5 Divine Core × 2,3,3"
2881,01从者\002待更新\旅行者-旅行者diy\4.0星之航海家.png,analyzed,5,4.0星之航海家｜逐条语义审阅：特殊 单独航海 任务：花费8点魔力一 旅行者打出攻击牌时-1魔 力消耗。 探寻未知 任务：使用4张攻击→ 旅行者的手牌上限增加1， 旅行者基本威力4的攻击 获得+1魔力消耗和+1威力。 文明接触 任务：位于过四处地点一 旅行者进行常规移动时可以逆向移动。 且其每回合首次进入【深空】时， 获得场上【深空】数的魔力。 未来憧憬 任务：获得8点战果一 旅行者的移动不受【深空】 的限制。 星之航海家 4 【真名解放】 残留：行动阶段，你可以选择一条未完成的航线进行航行。 （航线-开始航行后记录你的相应状态，满足任务要求后， 此牌获得上述相应卡牌文字效果，任务进度会因此牌被关闭 暂停但不会重置。你同一时间可以航行多条航线。）
2882,01从者\002待更新\旅行者-旅行者diy\4.0星之航海家EX.png,analyzed,5,4.0星之航海家EX｜逐条语义审阅：敏捷 单独航海 旅行者打出攻击牌时-1魔 力消耗。 探寻未知 旅行者的手牌上限增加1， 旅行者基本威力4的攻击 获得+1魔力消耗和+1威力。 文明接触 旅行者进行常规移动时可以逆向移动。 且其每回合首次进入【深空】时， 获得场上【深空】数的魔力。 未来憧憬 战斗阶段：若你不位于战场， 获得1点战果。 X 星之航海家EX 【真名解放】 X = 14－ （当前回合数 × 2) 残留：此牌获得上述所有航线的卡牌文字效果。
2883,01从者\002待更新\旅行者-旅行者diy\4.0更新旅行者.png,analyzed,5,"4.0更新旅行者｜逐条语义审阅：oyager 旅行者 β Luck 米 Luck ? 2,4,4,5 Surveil * 2,3,4,4 β Surveil"
2884,01从者\002待更新\旅行者-旅行者diy\4.0更新止境的加护.png,analyzed,5,4.0更新止境的加护｜逐条语义审阅：【深空】：拥有自上处地点指向其的+1移动成本箭头。 【深空】无法通过部署且只能以常规移动进入。每处【深空】 仅有一个位置。回合结束时，所在【深空】之前地点数最多 的玩家获得【侦查】提供的战果（触发相应能力且原【侦查】 不提供战果）和版图内【深空】数一半的战果（向上取整）。 止境的加护（宇宙） 重力助推-被动：回合结束时若你位于【侦查】或【深空】， 你可以花费X点魔力，在版图移动箭头尽头的地点后添加 一处【深空】直至游戏结束。X为版图内的【深空】数。 此牌展示后，所有玩家进入【侦查】时，均可以立即进行 一次常规移动。
2885,01从者\002待更新\旅行者-旅行者diy\4.0更新遥远的蓝色星球.png,analyzed,5,4.0更新遥远的蓝色星球｜逐条语义审阅：魔术 宝具 4 遥远的蓝色星球啊 你拥有的魔力少于8点也可以使用此牌。 打出时：选择一项作为本回合此牌的效果： 启航-行动阶段：沿箭头移动至任意地点，打出至多等于移 动距离的手牌。返航-战斗阶段：逆箭头移动至任意地点， 获得移动距离3倍的合计威力。
2886,01从者\002待更新\旅行者-旅行者diy\旧\3.2更新星之航海家.jpg,analyzed,5,3.2更新星之航海家｜逐条语义审阅：特殊 单独航海 任务：花费8点魔力→ 旅行者的所有技能牌及其效果 -1魔力消耗。 探寻未知 任务：使用4张攻击一 此牌获得：“行动阶段：花 费3点魔力，打出一张迅 捷攻击。 文明接触 任务：位于过四处地点→ 将游戏外的【星之锚】加入 你的技能区。 未来憧憬 任务：获得8点战果一 此牌获得：“回合结束时， 若你不位于战场，获得1点战果” 4 星之航海家 【真名解放】 残留：行动阶段，你可以选择一条航线进行航行。 （航线一开始航行后记录你的相应状态，满足任务要求后 你获得相应效果，任务进度会因此牌被关闭暂停但不会重置。 你同一时间可以航行多条航线。）
2887,01从者\002待更新\旅行者-旅行者diy\旧\4.0星之航海家.png,analyzed,5,4.0星之航海家｜逐条语义审阅：特殊 单独航海 任务：花费8点魔力一 旅行者打出攻击牌时-1魔 力消耗。 探寻未知 任务：使用4张攻击→ 旅行者的手牌上限增加1， 旅行者基本威力4的攻击 获得+1魔力消耗和+1威力。 文明接触 任务：位于过四处地点一 旅行者进行常规移动时可以逆向移动。 且其每回合首次进入【深空】时， 获得场上【深空】数的魔力。 未来憧憬 任务：获得8点战果一 战斗阶段：若你不位于战场， 获得1点战果。 星之航海家 4 【真名解放】 残留：行动阶段，你可以选择一条未完成的航线进行航行。 （航线-开始航行后记录你的相应状态，满足任务要求后， 此牌获得上述相应卡牌文字效果，任务进度会因此牌被关闭 暂停但不会重置。你同一时间可以航行多条航线。）
2888,01从者\002待更新\旅行者-旅行者diy\旧\4.0更新止境的加护.png,analyzed,5,4.0更新止境的加护｜逐条语义审阅：【深空】：拥有自上处地点指向其的+1移动成本箭头。 【深空】无法通过部署且只能以常规移动进入。每处【深空】 仅有一个位置。回合结束时，所在【深空】之前地点数最多 的玩家获得未关闭的【侦查】提供的战果（原【侦查】不提 供战果）和其之前【深空】数一半的战果（向上取整）。 止境的加护（宇宙） 重力助推-被动：回合结束时，若你位于【侦查】或【深空】， 在版图移动箭头尽头的地点后添加一处【深空】直至游戏结束。 此牌展示后，进入【侦查】的玩家可以立即进行一次常规移动。 你的移动不受【深空】限制。
2889,01从者\002待更新\旅行者-旅行者diy\旧\4.0更新遥远的蓝色星球.png,analyzed,5,4.0更新遥远的蓝色星球｜逐条语义审阅：魔术 宝具 4 遥远的蓝色星球啊 你拥有的魔力少于8点也可以使用此牌。 打出时：选择一项作为本回合此牌的效果： 启航-行动阶段：沿箭头移动至任意地点，打出至多等于移 动距离的手牌。返航-战斗阶段：逆箭头移动至任意地点， 获得移动距离4倍的合计威力。
2890,01从者\002待更新\旅行者-旅行者diy\旧\小王子攻击.png,unclear,5,OCR不明：小王子攻击；现有转写为“lii ★”，不足以判断规则，不据此提出operation。
2891,01从者\002待更新\旅行者-旅行者diy\旧\小王子移动.png,unclear,5,OCR不明：小王子移动；现有转写为“（未识别到文字）”，不足以判断规则，不据此提出operation。
2892,01从者\002待更新\旅行者-旅行者diy\旧\小王子魔力.png,unclear,5,OCR不明：小王子魔力；现有转写为“（未识别到文字）”，不足以判断规则，不据此提出operation。
2893,01从者\002待更新\旅行者-旅行者diy\旧\旅行者.png,non_rule,5,"非规则/静态素材：旅行者；转写“Voyager 旅行者 β Luck 米 冈 Luck ? 2,4,4,5 β Preparation × 2,2,4,5 β Preparation”，未发现可执行的阶段能力。"
2894,01从者\002待更新\旅行者-旅行者diy\旧\旅行者从者立牌.png,unclear,5,OCR不明：旅行者从者立牌；现有转写为“vauc”，不足以判断规则，不据此提出operation。
2895,01从者\002待更新\旅行者-旅行者diy\旧\星之航海家.png,analyzed,5,星之航海家｜逐条语义审阅：敏捷 星之航海家 3 【真名解放】 残留：此牌威力+X，X为你已完成的航线数。 行动阶段：选择一条未完成的航线完成。 单独航海-消耗8点魔力一旅行者的所有技能及其效果魔力消耗-1。 探寻未知-使用4张攻击一此牌获得：“行动阶段：花费3点魔力，打出一张迅捷基 础攻击。” 文明接触-移动或部署至共计四处不同的地点一将游戏外的【星之锚】加入你的技能区。
2896,01从者\002待更新\旅行者-旅行者diy\旧\星之锚.png,analyzed,5,星之锚｜逐条语义审阅：星之锚 被动：回合结束时，若桌面上有【星之锚】，将其移除并获得1点魔力。 被动/前哨阶段：花费1点魔力，将你从桌面移除游戏并将【星之锚】置 于你所在的位置。 被动/行动阶段：花费空间移动成本的魔力，以移动规则，将【星之锚】 移动至一处位置（不可无视交战状态，卡牌与规则限制）。 被动/战斗阶段：花费1点魔力，移除【星之锚】并部署于其所在的位置。
2897,01从者\002待更新\旅行者-旅行者diy\旧\止境的加护（宇宙）.png,analyzed,5,止境的加护（宇宙）｜逐条语义审阅：敏捷 20 15K 止境的加护（宇宙） 【真名解放】 你拥有的魔力少于8点也可使用此牌。 行动阶段：移除一枚记录的【加护】，你通过攻击获得的合 计威力变更为【加护】所记录的合计威力（地利，令咒等仍 可产生影响）。
2898,01从者\002待更新\旅行者-旅行者diy\旧\背面.png,unclear,5,OCR不明：背面；现有转写为“（未识别到文字）”，不足以判断规则，不据此提出operation。
2899,01从者\002待更新\旅行者-旅行者diy\旧\遥远的蓝色星球啊.png,analyzed,5,遥远的蓝色星球啊｜逐条语义审阅：魔术 宝具 5 5K 遥远的蓝色星球啊 【真名解放】 被动/战斗阶段：若你于本回合完成了航线，支付此牌的魔力消耗将其加入你的攻击。 战斗阶段：选择一名与你位于同一战场的其他玩家，令其选择下列一项： 一记录当前合计威力，称为【加护】。获得【加护】五分之一的战果（向下取整） 并与旅行者一同从桌面上移除游戏。 一令旅行者立即获得X点战果，区为当前战场的竞争战果数。
2900,01从者\002待更新\旅行者-旅行者diy\深空token.png,non_rule,5,非规则/静态素材：深空token；转写“vaus”，未发现可执行的阶段能力。
2901,01从者\002待更新\术士-海伦娜\3.6.5更新奥尔科特上校.png,analyzed,6,3.6.5更新奥尔科特上校｜逐条语义审阅：奥尔科特上校 被动/行动阶段：从手牌打出一张米力量基础攻击，若如此 做，将一名你所在地点的对手技能区明置的一张从者技能 暗置。
2902,01从者\002待更新\术士-海伦娜\奥尔科特上校.png,analyzed,6,奥尔科特上校｜逐条语义审阅：PA2 奥尔科特上校 被动/行动阶段：从手牌打出一张米力量基础攻击，若如此 做，将一名对手技能区明置的一张从者技能暗置。
2903,01从者\002待更新\术士-海伦娜\探求未知.png,analyzed,6,探求未知｜逐条语义审阅：探求未知 启示-被动：当一名于本回合明置了技能的对手赢得你所在 的战斗时，你获得2点战果。每局游戏限一次，当游戏内的 所有技能均明置后，你获得5点战果。
2904,01从者\002待更新\术士-海伦娜\海伦娜.png,analyzed,6,"海伦娜｜逐条语义审阅：Caster 海伦娜·布拉瓦茨基 米2,2,3 β Luck @ 2,3 β Preparation * 3,4,4,5 βPreparation"
2905,01从者\002待更新\术士-海伦娜\金星神.png,analyzed,6,金星神｜逐条语义审阅：Magic Noble Phantasm 30 7 金星神·火炎天主 【真名解放】 魔力同调-行动阶段：与你位于同一地点的对手技能区内的 暗置技能无法被使用。
2906,01从者\002待更新\狂战士-弗拉德三世EX\4.0更新 (1).png,analyzed,6,4.0更新 (1)｜逐条语义审阅：信仰的加护 被动/前哨阶段：花费3点魔力，本回合你受到合计威力不 高于你的对手的能力影响后，将该能力效果延后至你下回 合的同一时点生效。（你无法连续延后同一效果）。
2907,01从者\002待更新\狂战士-弗拉德三世EX\4.0更新 (2).png,analyzed,6,4.0更新 (2)｜逐条语义审阅：米 力量 宝具 10% 串刺城塞 【真名解放】 被动：当你于回合结束时之外失去地利位置时，令你的交战 对手失去2点魔力。 恶魔的军略-行动阶段：令一名你所在战场的玩家失去其地 利位置，然后其可以打出一张手牌。
2908,01从者\002待更新\狂战士-弗拉德三世EX\httpssteamusercontentaakamaihdnetugc276822718373360251CF8CFCF5D070146D8E3461BD87CBB291CD136AC.png,analyzed,6,httpssteamusercontentaakamaihdnetugc276822718373360251CF8CFCF5D070146D8E3461BD87CBB291CD136AC｜逐条语义审阅：无辜的怪物 <每局游戏限三次> 被动/前哨阶段：打出一张手牌，抽一张牌。如若可能， 将打出的牌替换为游戏外的，基本威力+4同属性的【狂 战士】。
2909,01从者\002待更新\狂战士-弗拉德三世EX\httpssteamusercontentaakamaihdnetugc2768227183734016511859D27F22B683B251205AB2CB1BE2E474AA4A5.png,analyzed,6,"httpssteamusercontentaakamaihdnetugc2768227183734016511859D27F22B683B251205AB2CB1BE2E474AA4A5｜逐条语义审阅：Berserker 弗拉德三世〔EXTRA】 米 2,4,4 β Surveil ? 2,4,4 β Preparation × 3,3,5,5"
2910,01从者\002待更新\狂战士-弗拉德三世EX\串刺城塞.png,analyzed,6,串刺城塞｜逐条语义审阅：米 力量 宝具 串刺城塞 3 015k 【真名解放】 恶魔的军略-行动阶段：将你的地利翻倍。若你控制【狂战 士】，你可花费2点魔力，再将你的地利翻倍。
2911,01从者\002待更新\狂战士-弗拉德三世EX\信仰的加护.png,analyzed,6,信仰的加护｜逐条语义审阅：信仰的加护 被动：每回合限一次，当你受到其他玩家的能力影响后， 你可以花费2点魔力将该效果延后至你下回合的同一阶段 发动（你无法连续延后同一效果）。
2912,01从者\002待更新\狂战士-弗拉德三世EX\弗拉德三世.png,analyzed,6,"弗拉德三世｜逐条语义审阅：Berserker 弗拉德三世〔EXTRA】 米 2,4,4 β Surveil ? 2,4,4 β Preparation × 3,3,5,5"
2913,01从者\002待更新\狂战士-弗拉德三世EX\无辜的怪物.png,analyzed,6,无辜的怪物｜逐条语义审阅：无辜的怪物 <每局游戏限三次> 被动/前哨阶段：打出一张手牌，抽一张牌。如若可能， 将打出的牌替换为游戏外的，基本威力+4同属性的【狂 战士】。
2914,01从者\002待更新\盾兵-加拉哈德\3.9更新.png,analyzed,6,3.9更新｜逐条语义审阅：宝具 3 享誉盛名之时的圆桌 【真名解放】 行动阶段：抽1张牌，然后弃置至多3张手牌。若你弃置了至 少两张牌且这些牌的属性均不同，你增加1点基础地利后， 翻倍你的地利；若这些牌属性相同，你获得+5合计威力。
2915,01从者\002待更新\盾兵-加拉哈德\ATKX2.png,analyzed,6,ATKX2｜逐条语义审阅：★魔术 守护 被动：当你【败北】时，你可以将手牌中的此牌加入攻击 并无视此次【败北】效果，若如此做，你获得4点合计威力。 打出时：你增加2点基础地利后，翻倍你的地利。
2916,01从者\002待更新\盾兵-加拉哈德\httpssteamusercontentaakamaihdnetugc249564708823949809993B5E751F22E5D0FF5467CA28D07F68A7A3E5217.png,analyzed,6,httpssteamusercontentaakamaihdnetugc249564708823949809993B5E751F22E5D0FF5467CA28D07F68A7A3E5217｜逐条语义审阅：敏捷 11& 指向灾祸之时的片段 打出时：选择一张你战斗中其他玩家控制的技能牌，将其一 项阶段能力更改为：“灾厄之席-战斗阶段：令一名你战斗 中的玩家【败北】，该效果具有强制性。”直至回合结束。
2917,01从者\002待更新\盾兵-加拉哈德\httpssteamusercontentaakamaihdnetugc249564708823957424661A07C4EE862DD24743348A31FEE4048ED91F5A4.png,analyzed,6,httpssteamusercontentaakamaihdnetugc249564708823957424661A07C4EE862DD24743348A31FEE4048ED91F5A4｜逐条语义审阅：宝具 已然遥远的理想之城 被动：若你获胜且控制【守护】，获得2点战果。 战斗阶段：你只能在高潮阶段使用此效果。选择一张你交战 对手控制的攻击，若其魔力消耗高于此牌，将其威力设为0。 否则，令该对手计算合计威力时改为减少被选择牌的威力而 不是增加。
2918,01从者\002待更新\盾兵-加拉哈德\加拉哈德.png,analyzed,6,"加拉哈德｜逐条语义审阅：Shielder 加拉哈德 米 2,3,4,4,5 × Guard ? 2,2,4,4 β Surveil Guard"
2919,01从者\002待更新\盾兵-加拉哈德\旧\httpssteamusercontentaakamaihdnetugc2495647088239572878EC16CF30BD5D198F7C255894FA2B28B7453C0B2F.png,analyzed,6,httpssteamusercontentaakamaihdnetugc2495647088239572878EC16CF30BD5D198F7C255894FA2B28B7453C0B2F｜逐条语义审阅：宝具 3 享誉盛名之时的圆桌 【真名解放】 行动阶段：抽1张牌，然后弃置至多3张手牌。若你弃置了至 少两张牌且这些牌的属性均不同，你增加2点基础地利后， 翻倍你的地利；若这些牌属性相同，你获得+5合计威力。
2920,01从者\3.1更新气息遮断.png,analyzed,6,3.1更新气息遮断｜逐条语义审阅：Agility 气息遮断 4K 刺杀-战斗阶段：战力结算后，如果你满足以下条件，令战 力最高的所有交战对手【败北】： 1.你的战力低于战力最高的所有交战对手。 2.没有除战力最高的交战对手外其他战力高于你的交战对手。 3.此战斗有3名及以上的参与者。
2921,01从者\3.1更新骑乘 .png,analyzed,6,3.1更新骑乘 ｜逐条语义审阅：Special 300K 骑乘 打出时：若此牌与一张基础攻击一同打出，抽一张牌。 坐骑召唤-行动阶段：打出至多3张基本威力为3或更低的手 牌。
2922,01从者\3.3更新裁决者.png,analyzed,6,3.3更新裁决者｜逐条语义审阅：裁决者 1& 此牌及其效果不可被复制或盗用。 <每局游戏限三次> 神明裁决-行动阶段：令两名其他玩家获得一枚【裁决者令 咒】来对其束缚，你仅可束缚本局游戏束缚次数最少的玩家。 只有进行束缚的裁决者可以于自己的行动阶段对被束缚者 使用【裁决者令咒】。
2923,01从者\skill卡背.png,non_rule,6,非规则/静态素材：skill卡背；转写“Skill”，未发现可执行的阶段能力。
2924,01从者\从者卡背.png,non_rule,6,非规则/静态素材：从者卡背；转写“Lshnons JC phge”，未发现可执行的阶段能力。
2925,01从者\职介S及冠位卡\他S.jpg,analyzed,6,他S｜逐条语义审阅：他人格S 3 3& 残留：当你将一张牌放置入场时，你可以花费3点魔力以使 其获得反转效果，若其不含有反转效果，你可以任意令其在 打出后获得或失去米力量迅捷/×魔术属性来达成任意 组合。此效果每回合仅对一张牌生效。
2926,01从者\职介S及冠位卡\冠位他.jpg,analyzed,6,冠位他｜逐条语义审阅：十之王冠 4 3& 残留：当你将一张牌放置入场时，你可以使其获得反转效果， 若其不含有反转效果，你可以任意令其在打出后获得或失去 米力量/迅捷/×魔术属性来达成任意组合。此效果每回 合仅对一张牌生效。
2927,01从者\职介S及冠位卡\冠位他更新.jpg,analyzed,6,冠位他更新｜逐条语义审阅：十之王冠 3& 残留：当你将一张牌放置入场时，你可以使其获得反转效果， 若其不含有反转效果，你可以任意令其在打出后获得或失去 米力量/迅捷/×魔术属性来达成任意组合。此效果每回 合仅对一张牌生效。
2928,01从者\职介S及冠位卡\冠位剑.jpg,analyzed,6,冠位剑｜逐条语义审阅：米 力量 冠位·剑 3 6M 魔术破却-行动阶段：将同一战场所有对手的×魔术属性 攻击威力设为0且他们无法使用这些攻击的行动阶段和战斗 阶段能力。
2929,01从者\职介S及冠位卡\冠位弓.jpg,analyzed,6,冠位弓｜逐条语义审阅：米 力量 冠位·弓 6& 射月一行动阶段：若你不位于战场，你的回合顺位为前半数 （向下取整）时才能使用此效果。获得3点战果且你若战败， 失去5点战果。此效果不能被任何方式阻止。
2930,01从者\职介S及冠位卡\冠位术.jpg,analyzed,6,冠位术｜逐条语义审阅：魔术 XOOK 冠位·术 X为16-（当前回合数×3） 领域扩张-残留：你获得3点基础地利。当你部署于魔术工房 时，获得1点魔力和2点战果。
2931,01从者\职介S及冠位卡\冠位杀更新.jpg,analyzed,6,冠位杀更新｜逐条语义审阅：敏捷 冠位·杀 6K 告死-战斗阶段：令一名交战对手【败北】。
2932,01从者\职介S及冠位卡\冠位枪.jpg,analyzed,6,冠位枪｜逐条语义审阅：敏捷 冠位·枪 5K 打出时：你可以花费2点魔力，改为于战斗阶段使用开拓。 开拓一行动阶段：移动至除魔术工房外的任意地点。
2933,01从者\职介S及冠位卡\冠位裁.jpg,analyzed,6,冠位裁｜逐条语义审阅：灿然圣光 6& <每局游戏限一次> 此牌及其效果不可被复制或盗用。 神明启示-行动阶段：依轮次顺序，令一名拥有【裁决者令咒】 数量最少的其他玩家获得一枚【裁决者令咒】，总共执行6次。 【裁决者令咒】仅有【裁决者】可以对其使用。
2934,01从者\职介S及冠位卡\冠位骑.jpg,analyzed,6,冠位骑｜逐条语义审阅：米 力量 敏捷 冠位·骑 3 打出时：若此牌与一张基础攻击一同打出，抽一张牌。 驾驭-行动阶段：打出至多3张手牌。
2935,01从者\职介S及冠位卡\冠位骑更新.png,analyzed,6,冠位骑更新｜逐条语义审阅：冠位·骑 3 1& 打出时：选择你牌库的一张牌加入手牌。 封神-行动阶段：从手牌打出至多3张基本威力为3或更低的 牌，此牌获得因封神打出的牌的所有属性。
2936,01从者\职介S及冠位卡\剑S.jpg,analyzed,6,剑S｜逐条语义审阅：米 力量 对魔力S 3 5K 魔术免疫一战斗阶段：将同一战场所有对手的×魔术属性 攻击威力设为0。
2937,01从者\职介S及冠位卡\弓S.jpg,analyzed,6,弓S｜逐条语义审阅：米 力量 单独行动S 6K 行动阶段：当你的回合顺位为前半数（向下取整）时才能 使用此效果。获得3点战果且你若战败，失去5点战果。 此效果不能被任何方式阻止。
2938,01从者\职介S及冠位卡\术S.jpg,analyzed,6,术S｜逐条语义审阅：魔术 XO3K 阵地作成S X为16-（当前回合数×3） 领域建造-残留：当你部署于魔术工房时，获得1点魔力和 2点战果。
2939,01从者\职介S及冠位卡\杀S.jpg,analyzed,6,杀S｜逐条语义审阅：敏捷 气息遮断S 3 刺杀一战斗阶段：战力结算后，如果你满足以下条件，令战 力最高的所有交战对手【败北】： 1.你的战力低于战力最高的所有交战对手。 2.没有除战力最高的交战对手外其他战力高于你的交战对手。 3.此战斗有3名及以上的参与者。
2940,01从者\职介S及冠位卡\枪S.jpg,analyzed,6,枪S｜逐条语义审阅：敏捷 战斗续行S 2 5K 打出时：你可以花费2点魔力，改为于战斗阶段使用追猎。 追猎一行动阶段：移动至除魔术工房外的任意地点。
2941,01从者\职介S及冠位卡\裁S.jpg,analyzed,6,裁S｜逐条语义审阅：裁决者S 2 <每局游戏限一次> 此牌及其效果不可被复制或盗用。 神明裁决-行动阶段：依轮次顺序，令一名拥有【裁决者令咒】 数量最少的其他玩家获得一枚【裁决者令咒】，总共执行6次。 【裁决者令咒】仅有【裁决者】可以对其使用。
2942,01从者\职介S及冠位卡\骑S.jpg,analyzed,6,骑S｜逐条语义审阅：米 力量 敏捷 骑乘S 3 打出时：若此牌与一张基础攻击一同打出，抽一张牌。 突进一行动阶段：打出至多3张基本威力为3或更低的手牌。
2943,02御主\01已确认御主\01FSN\伊莉雅\3.2更新天之衣.png,analyzed,6,3.2更新天之衣｜逐条语义审阅：天之衣 归于虚无-回合开始时，若你上回合在战斗阶段时与至少一 名被淘汰的玩家位于同一战场，获得2点战果。
2944,02御主\01已确认御主\01FSN\伊莉雅\3.5更新伊莉雅.png,analyzed,6,3.5更新伊莉雅｜逐条语义审阅：伊莉雅斯菲尔 人工生命体-你的魔力初始值为6。 圣杯容器-第八回合开始时，激活【天之衣】。 小圣杯-你打出攻击时所需的魔力消耗-1。回合结束时， 若你本回合打出的攻击均为暗置，获得1点魔力。
2945,02御主\01已确认御主\01FSN\伊莉雅\伊利亚.png,analyzed,6,伊利亚｜逐条语义审阅：伊莉雅丝菲尔·冯·爱因兹贝伦 人工生命体-你的魔力初始值为6。 圣杯容器-第八回合开始时，激活【天之衣】。 小圣杯-你打出攻击时所需的魔力消耗-1。回合结束时， 若你本回合打出的攻击均为暗置，获得1点魔力。
2946,02御主\01已确认御主\01FSN\伊莉雅\伊利亚立牌.png,unclear,6,OCR不明：伊利亚立牌；现有转写为“（未识别到文字）”，不足以判断规则，不据此提出operation。
2947,02御主\01已确认御主\01FSN\伊莉雅\升华技-第三法.png,analyzed,6,升华技-第三法｜逐条语义审阅：第三法 解锁此技能后立刻从牌库，弃牌堆及手牌中移除所有米力 量牌。×和β属性牌的基本威力+2。 当局势牌为【天之杯】时，未被淘汰的玩家全部获胜。
2948,02御主\01已确认御主\01FSN\伊莉雅\天之衣背面.png,non_rule,6,非规则/静态素材：天之衣背面；转写“天之礼服”，未发现可执行的阶段能力。
2949,02御主\01已确认御主\01FSN\伊莉雅\头像.png,unclear,6,OCR不明：头像；现有转写为“（未识别到文字）”，不足以判断规则，不据此提出operation。
2950,02御主\01已确认御主\01FSN\伊莉雅\旧\伊利亚.png,analyzed,6,伊利亚｜逐条语义审阅：伊莉雅丝菲尔·冯·爱因兹贝伦 人工生命体-你的魔力初始值为6。 圣杯容器-第八回合开始时，激活【天之衣】。 小圣杯-你打出攻击时所需的魔力消耗-1。回合结束时， 若你本回合打出的攻击均为暗置，获得1点魔力。
2951,02御主\01已确认御主\01FSN\伊莉雅\旧\天之衣.png,analyzed,6,天之衣｜逐条语义审阅：天之衣 战斗阶段：如果你赢得一场战斗，你所在战斗中每名被淘汰 的玩家使你获得2点战果。
2952,02御主\01已确认御主\01FSN\伊莉雅（红宝石）\httpcloud3steamusercontentcomugc20227133237146340012EE15B43F340CB8A71BB3F1916F56624CE9926E2.png,analyzed,6,httpcloud3steamusercontentcomugc20227133237146340012EE15B43F340CB8A71BB3F1916F56624CE9926E2｜逐条语义审阅：双生 回合结束时，花费3点魔力，否则将此牌移除游戏。 你从局势牌和事件牌受到的影响翻倍。 （不包括局势牌的魔力和事件牌的战果）
2953,02御主\01已确认御主\01FSN\伊莉雅（红宝石）\升华技-双生.png,analyzed,6,升华技-双生｜逐条语义审阅：双生 回合结束时，花费3点魔力，否则将此牌移除游戏。 你从局势牌和事件牌受到的影响翻倍。 （不包括局势牌的魔力和事件牌的战果）
2954,02御主\01已确认御主\01FSN\伊莉雅（红宝石）\头像.png,unclear,6,OCR不明：头像；现有转写为“（未识别到文字）”，不足以判断规则，不据此提出operation。
2955,02御主\01已确认御主\01FSN\伊莉雅（红宝石）\旧版\红宝石.png,analyzed,6,红宝石｜逐条语义审阅：魔法红宝石 准备阶段：从牌库抽取任意张牌。 准备阶段：花费手牌数两倍的魔力来将你的弃牌堆洗入牌 库。你的牌无法通过其他任何方式加入牌库（即使做到了， 弃置它们）。
2956,02御主\01已确认御主\01FSN\伊莉雅（红宝石）\红宝石立牌.png,unclear,6,OCR不明：红宝石立牌；现有转写为“（未识别到文字）”，不足以判断规则，不据此提出operation。
2957,02御主\01已确认御主\01FSN\伊莉雅（红宝石）\魔法少女伊莉雅.png,analyzed,6,魔法少女伊莉雅｜逐条语义审阅：魔法少女☆伊莉雅 无限的想象力-你于准备阶段抽牌后可以再抽任意张牌。 当有牌将通过万花筒之杖以外的效果加入你的牌库时， 改为将其弃置。 万花筒之杖-准备阶段：花费你手牌数两倍的魔力，将你 弃牌堆的牌洗入牌库。
2958,02御主\01已确认御主\01FSN\克洛伊\httpssteamusercontentaakamaihdnetugc25215347176563505110A7D780148C8AB4AA607E9BF1F4A38545F7B62F0.png,analyzed,6,httpssteamusercontentaakamaihdnetugc25215347176563505110A7D780148C8AB4AA607E9BF1F4A38545F7B62F0｜逐条语义审阅：共感（令咒） 行动阶段：获得4点魔力。 行动阶段：获得2点合计威力，若你本回合获胜，获得2点 战果。 行动阶段：从新都或深山町移动至任意地点，无视交战状态。
2959,02御主\01已确认御主\01FSN\克洛伊\克洛伊 (1).png,analyzed,6,克洛伊 (1)｜逐条语义审阅：投影魔术 <每局游戏限一次> 行动阶段：选择一名本局游戏外名字带有【卫宫】或 【克洛伊】的从者的一张非职阶技能，将其<每局游戏限 一次>的复制加入技能区。
2960,02御主\01已确认御主\01FSN\克洛伊\克洛伊 (2).png,analyzed,6,克洛伊 (2)｜逐条语义审阅：克洛伊·冯·爱因兹贝伦 无名者-你拥有【投影魔术】。 吻魔-你无法通过非高潮局势牌获得魔力。 行动阶段：选择一名你上次未选择过，且战力不高于你 并与你位于同一地点的其他玩家，吸取其2点魔力并令其 获得1点战果。
2961,02御主\01已确认御主\01FSN\克洛伊\克洛伊投影\3.1更新.png,analyzed,6,3.1更新｜逐条语义审阅：特殊 单独行动 当你的行动顺位为当前回合前半数时（向下取整），你才能 使用此牌。 行动阶段：你获得3点战果。 如果你本回合战斗失败，失去5点战果，此效果不能被任何方 法阻止。
2962,02御主\01已确认御主\01FSN\克洛伊\克洛伊投影\3.1更新投影魔术.png,analyzed,6,3.1更新投影魔术｜逐条语义审阅：魔术 X 4& 投影魔术 磁想聚合-行动阶段：你的基础攻击获得：“行动阶段：你 每控制一张与你控制的其他攻击不具有相同属性的攻击， 此牌+1威力。”直至回合结束。此效果不能被任何方式阻止。 战斗阶段：若你赢得战斗，获得2点战果。
2963,02御主\01已确认御主\01FSN\克洛伊\克洛伊投影\3.1更新无限剑制.png,analyzed,6,3.1更新无限剑制｜逐条语义审阅：特殊 8 无限剑制 【真名解放】 打出时：以你打出的牌、手牌、牌库和弃牌堆任意组建一组 至多12张牌的手牌。 残留：你的常规出牌改为打出0~4张牌，你不能抽牌，当你 的手牌数为0时，关闭此牌。
2964,02御主\01已确认御主\01FSN\克洛伊\克洛伊投影\httpssteamusercontentaakamaihdnetugc2491130170962018349D9EA957CB2C6B130E7549D7B95BAB1169F4A9190.png,analyzed,6,httpssteamusercontentaakamaihdnetugc2491130170962018349D9EA957CB2C6B130E7549D7B95BAB1169F4A9190｜逐条语义审阅：宝具 05K 干将·莫邪 【真名解放】 投影-此牌需追加打出。 防弹加工-打出此牌需移除你弃牌堆的两张牌，此牌获得因 此效果被移除的牌属性至回合结束。
2965,02御主\01已确认御主\01FSN\克洛伊\克洛伊投影\httpssteamusercontentaakamaihdnetugc2491130170962018989C0CC18680D37858BC8885ED545B6F4DE9FFC2205.png,analyzed,6,httpssteamusercontentaakamaihdnetugc2491130170962018989C0CC18680D37858BC8885ED545B6F4DE9FFC2205｜逐条语义审阅：特殊 5 3& 无限剑制 笑铁心-战斗阶段：选择一种属性和一名你战斗中的玩家， 令其展示其弃牌堆。将所有具有选择的属性的牌洗回其牌库， 每以此效果洗回一张牌，便令你获得+2合计威力。 若因此效果洗回了4张以上的牌，令该玩家【败北】。
2966,02御主\01已确认御主\01FSN\克洛伊\克洛伊投影\七重圆环.png,analyzed,6,七重圆环｜逐条语义审阅：特殊 2 4& 炽天覆七重圆环 战斗阶段：将同一战场所有对手的 属性威力变为0。
2967,02御主\01已确认御主\01FSN\克洛伊\克洛伊投影\伪-螺旋剑.png,analyzed,6,伪-螺旋剑｜逐条语义审阅：迅捷 宝具 伪·螺旋剑 4K 2 【真名解放】 <每局游戏限一次> 行动阶段：将你的地利变为3倍。 战斗阶段：若赢得本场战斗，获得4战果。
2968,02御主\01已确认御主\01FSN\克洛伊\克洛伊投影\干将·莫邪.png,analyzed,6,干将·莫邪｜逐条语义审阅：米 力量 宝具 5K 干将·莫邪 被动/行动阶段：若你激活的攻击印刷基本威力之和恰好为5， 打出一张牌。 鹤翼三连-战斗阶段：如果你本回合于一处战场打出此牌，关 闭之。若如此，在下回合开始时将此牌加入攻击。
2969,02御主\01已确认御主\01FSN\克洛伊\克洛伊投影\无限剑制.png,analyzed,6,无限剑制｜逐条语义审阅：特殊 201& 无限剑制 【真名解放】 残留：于你的行动阶段中关闭一张自己控制的攻击，从你的 手牌或牌库中打出至多2张基本威力与之印刷基本威力相同 的牌，若你打出的牌少于两张，关闭此【无限剑制】。
2970,02御主\01已确认御主\01FSN\克洛伊\克洛伊投影\普通职介技能 (6).png,analyzed,6,普通职介技能 (6)｜逐条语义审阅：Agility 气息遮断 4K 刺杀-战斗阶段：战力结算后，如果你满足以下条件，令战 力最高的所有交战对手【败北】： 1.你的战力低于战力最高的所有交战对手。 2.没有除战力最高的交战对手外其他战力高于你的交战对手。 3.此战斗有3名及以上的参与者。
2971,02御主\01已确认御主\01FSN\克洛伊\克洛伊投影\神秘碾断.png,analyzed,6,神秘碾断｜逐条语义审阅：迅捷 宝具 3K 神秘碾断 【真名解放】 行动阶段：与你位于同一战场的其他玩家选择自己失去3点 战果或者于本回合中不能使用魔力。
2972,02御主\01已确认御主\01FSN\克洛伊\克洛伊投影\花开堪折直须折.png,analyzed,6,花开堪折直须折｜逐条语义审阅：迅捷 宝具 5 7K 花开堪折直须折 【真名解放】 行动阶段：计算你的合计威力（不计算未触发的战斗阶段 能力加成）。如果超过12，获得你所在战场上的一张事件 牌的战果，然后弃置该事件牌。
2973,02御主\01已确认御主\01FSN\克洛伊\升华技幻想崩坏.png,analyzed,6,升华技幻想崩坏｜逐条语义审阅：米 力量 21K 幻想崩坏 8 （将此牌加入你的技能区） 损毁-你需移除一张你技能区的 宝具牌来使用此牌。
2974,02御主\01已确认御主\01FSN\克洛伊\头像-克洛伊.png,unclear,6,OCR不明：头像-克洛伊；现有转写为“（未识别到文字）”，不足以判断规则，不据此提出operation。
2975,02御主\01已确认御主\01FSN\克洛伊\文魔标记.png,unclear,6,OCR不明：文魔标记；现有转写为“（未识别到文字）”，不足以判断规则，不据此提出operation。
2976,02御主\01已确认御主\01FSN\克洛伊\立牌-克洛伊.png,unclear,6,OCR不明：立牌-克洛伊；现有转写为“（未识别到文字）”，不足以判断规则，不据此提出operation。
2977,02御主\01已确认御主\01FSN\卡莲\3.3更新被虐体质.png,analyzed,6,3.3更新被虐体质｜逐条语义审阅：被虐灵媒体质 当一名与你位于同一地点的对手因从者能力、令咒或升华技 获得战果时，令其获得的战果减半（向下取整），然后你失 去被减少的战果数的魔力。你每因此失去1点魔力，获得1点 战果。
2978,02御主\01已确认御主\01FSN\卡莲\升华技-圣骸布.png,analyzed,6,升华技-圣骸布｜逐条语义审阅：迅捷 宝具 107K 瓦伦丁的圣骸布 （将此牌加入你的技能区） 被动：当此牌加入你的技能区时，获得【抹大拉的圣骸布】。 爱之印-当任意一名对手获得胜利时，其获得3点战果。
2979,02御主\01已确认御主\01FSN\卡莲\卡莲.png,analyzed,6,卡莲｜逐条语义审阅：卡莲·奥尔黛西亚 灵媒-游戏开始时，你拥有【被虐灵媒体质】。当你的魔力 第一次减至1或更低时，失去【被虐灵媒体质】。 执行者-当你第一次真名解放时，获得【抹大拉的圣骸布】。
2980,02御主\01已确认御主\01FSN\卡莲\卡莲立牌.png,unclear,6,OCR不明：卡莲立牌；现有转写为“（未识别到文字）”，不足以判断规则，不据此提出operation。
2981,02御主\01已确认御主\01FSN\卡莲\圣骸布 (1).png,non_rule,6,非规则/静态素材：圣骸布 (1)；转写“抹大拉的圣骸布”，未发现可执行的阶段能力。
2982,02御主\01已确认御主\01FSN\卡莲\圣骸布 (2).png,analyzed,6,圣骸布 (2)｜逐条语义审阅：抹大拉的圣骸布 行动阶段：选择一名与你交战的对手，他无法于自己的回合 内移动且合计威力-1至-5（由你选择）。若其本回合战败， 将此牌移除游戏。
2983,02御主\01已确认御主\01FSN\卡莲\头像.png,unclear,6,OCR不明：头像；现有转写为“（未识别到文字）”，不足以判断规则，不据此提出operation。
2984,02御主\01已确认御主\01FSN\卡莲\旧\被虐体质 (2).png,analyzed,6,被虐体质 (2)｜逐条语义审阅：被虐灵媒体质 当一名与你位于同一地点的对手通过一张卡牌效果获得战果 时，其获得的战果减半（向下取整）且你失去减少战果数相 同的魔力。你每因此失去1点魔力，获得1点战果。
2985,02御主\01已确认御主\01FSN\卡莲\被虐体质 (1).png,non_rule,6,非规则/静态素材：被虐体质 (1)；转写“被虐灵媒体质”，未发现可执行的阶段能力。
2986,02御主\01已确认御主\01FSN\卫宫切嗣\3.4更新ATK-起源弹X3.png,analyzed,6,3.4更新ATK-起源弹X3｜逐条语义审阅：Agility 002K 起源弹 切断与结合-战斗阶段：令一名你的交战对手失去三分之一 的魔力（向上取整），然后此牌获得等同于其失去魔力值 二倍的威力。
2987,02御主\01已确认御主\01FSN\卫宫切嗣\3.6更新卫宫.png,analyzed,6,3.6更新卫宫｜逐条语义审阅：卫宫切嗣 魔术师杀手-游戏开始时，将你牌库的一张牌替换为【起源弹】。 固有时制御-行动阶段：暗置打出一张牌，然后抽一张牌。 四倍速-战斗阶段：关闭一张你激活的攻击，然后激活一张你暗 置的【起源弹】。
2988,02御主\01已确认御主\01FSN\卫宫切嗣\切嗣立牌.png,unclear,6,OCR不明：切嗣立牌；现有转写为“（未识别到文字）”，不足以判断规则，不据此提出operation。
2989,02御主\01已确认御主\01FSN\卫宫切嗣\升华技-冷血杀手.png,analyzed,6,升华技-冷血杀手｜逐条语义审阅：冷血杀手 解锁此技能后立刻移除你弃牌堆中的2张牌并将2张游戏外的 起源弹加入手牌。
2990,02御主\01已确认御主\01FSN\卫宫切嗣\头像.png,unclear,6,OCR不明：头像；现有转写为“（未识别到文字）”，不足以判断规则，不据此提出operation。
2991,02御主\01已确认御主\01FSN\卫宫切嗣\旧\ATK-起源弹X3.png,analyzed,6,ATK-起源弹X3｜逐条语义审阅：迅捷 起源弹 战斗阶段：选择一位与你位于同一战场的玩家损失2X威力和 X魔力，X为其本回合打出的牌的魔力消耗之和。
2992,02御主\01已确认御主\01FSN\卫宫切嗣\旧\切嗣.png,analyzed,6,切嗣｜逐条语义审阅：卫宫切嗣 魔术师杀手-用【起源弹】替换牌组的1张牌。 固有时制御-行动阶段：将1张手牌暗置打出，抽1张牌。 四倍速-<每局游戏限一次>战斗阶段：无效你的1张攻击来 激活暗置的【起源弹】。
2993,02御主\01已确认御主\01FSN\卫宫士郎\SKILL-干将莫邪.png,analyzed,6,SKILL-干将莫邪｜逐条语义审阅：米 力量 宝具 干将·莫邪 10 15K （你的魔力需要达到8点才能打出此牌） 投影-此牌需追加打出。
2994,02御主\01已确认御主\01FSN\卫宫士郎\升华技-必胜黄金剑.png,analyzed,6,升华技-必胜黄金剑｜逐条语义审阅：米 力量 宝具 8K 必胜黄金之剑 （此牌加入你的技能区） 被动：你的 米 和 属性的基本牌威力+2。 战斗阶段：此攻击在高潮回合威力+4。
2995,02御主\01已确认御主\01FSN\卫宫士郎\卫宫士郎.png,analyzed,6,卫宫士郎｜逐条语义审阅：卫宫士郎 未熟一你的魔力初始值为2。 投影-将【干将·莫邪】加入你的技能区。 远离尘世的理想乡-当你首次被淘汰时你将失去所有的魔力 来继续游戏。
2996,02御主\01已确认御主\01FSN\卫宫士郎\卫宫立牌.png,unclear,6,OCR不明：卫宫立牌；现有转写为“（未识别到文字）”，不足以判断规则，不据此提出operation。
2997,02御主\01已确认御主\01FSN\卫宫士郎\头像.png,unclear,6,OCR不明：头像；现有转写为“（未识别到文字）”，不足以判断规则，不据此提出operation。
2998,02御主\01已确认御主\01FSN\卫宫士郎（做饭）\3.3更新卫宫士郎.jpg,analyzed,6,3.3更新卫宫士郎｜逐条语义审阅：卫宫士郎 食材采购一行动阶段：若你位于地利位置，你所在地点的事 件牌和激活的局势牌上每具有一种非区特殊或宝具的 属性，你便获得一份相应的【食物】。（每种属性每回合 仅提供一份食物一米-肉-蔬菜×-鱼） 【食物】用于制作【卫宫家今天的饭】。
2999,02御主\01已确认御主\01FSN\卫宫士郎（做饭）\3.4.1更新卫宫家今天的饭.png,analyzed,6,3.4.1更新卫宫家今天的饭｜逐条语义审阅：卫宫家今天的饭 -当你因效果以外将弃牌堆洗回牌库时失去3点战果。 行动阶段：弃置3份【食物】，下次洗牌你不会因 失去战果。若你弃置了3种相同的【食物】，+6合计威力。 若你弃置了3种不同的【食物】，获得4点魔力。
3000,02御主\01已确认御主\01FSN\卫宫士郎（做饭）\升华技-饿死鬼投胎.png,analyzed,6,升华技-饿死鬼投胎｜逐条语义审阅：Strength 3 8K 饿死鬼投胎 （此牌加入你的技能区） 此牌需弃置一份【食物】来打出。 被动：你每有一份【食物】，你对应属性的基础攻击便+1威力。 回合结束时，弃置你牌堆顶的一张牌。
3001,02御主\01已确认御主\01FSN\卫宫士郎（做饭）\头像.png,unclear,6,OCR不明：头像；现有转写为“（未识别到文字）”，不足以判断规则，不据此提出operation。
3002,02御主\01已确认御主\01FSN\卫宫士郎（做饭）\旧\httpcloud3steamusercontentcomugc204073423985987147679B90E13E4F2F6AA4C4A6045C532A45544910E35.png,analyzed,6,"httpcloud3steamusercontentcomugc204073423985987147679B90E13E4F2F6AA4C4A6045C532A45544910E35｜逐条语义审阅：LionFeeding When you reshuffle your deck discard your [Food] and lose 3 VP. Action: Remove 3 [Food] tokens. The next time you reshuffle your deck, you don't lose VP. If they are all of the same type gain +6 total power. If they are all of different types gain 4 mana."
3003,02御主\01已确认御主\01FSN\卫宫士郎（做饭）\旧\卫宫士郎.png,analyzed,6,卫宫士郎｜逐条语义审阅：卫宫士郎 食材采购-行动阶段：若你位于地利位置，选择一种同一地 点的事件牌或激活的局势牌上的非区特殊和 宝具属性并 获得一份相应的【食物】（米：肉 ：蔬菜 ×:鱼）。 【食物】用于制作【卫宫家今天的饭】。
3004,02御主\01已确认御主\01FSN\卫宫士郎（做饭）\旧\卫宫士郎技能.png,analyzed,6,卫宫士郎技能｜逐条语义审阅：卫宫家今天的饭 餮-当你将弃牌堆洗回牌库时，弃置你的所有【食物】 并失去3点战果。 烹饪-行动阶段：弃置3份【食物】，下次洗牌你不会因 餮失去战果。若你弃置了3种相同的【食物】，+6合计 威力。若你弃置了3种不同的【食物】，获得4点魔力。
3005,02御主\01已确认御主\01FSN\卫宫士郎（做饭）\立牌.png,unclear,6,OCR不明：立牌；现有转写为“（未识别到文字）”，不足以判断规则，不据此提出operation。
3006,02御主\01已确认御主\01FSN\卫宫士郎（做饭）\肉.png,unclear,6,OCR不明：肉；现有转写为“（未识别到文字）”，不足以判断规则，不据此提出operation。
3007,02御主\01已确认御主\01FSN\卫宫士郎（做饭）\蔬菜.png,unclear,6,OCR不明：蔬菜；现有转写为“（未识别到文字）”，不足以判断规则，不据此提出operation。
3008,02御主\01已确认御主\01FSN\卫宫士郎（做饭）\鱼.png,unclear,6,OCR不明：鱼；现有转写为“898”，不足以判断规则，不据此提出operation。
3009,02御主\01已确认御主\01FSN\卫宫士郎（雪之下）\升华技-梦幻召唤-无限剑制.jpg,analyzed,6,升华技-梦幻召唤-无限剑制｜逐条语义审阅：梦幻召唤·无限剑制 解锁此牌的回合，记录你当前魔力值后将魔力值设为无限 并于回合结束时将其设为被记录值。 当一名玩家首次被你击败后，你可以将其从者的职阶技能 或两张自选的职阶牌加入你的技能区或手牌。 回合开始时，若你已战胜过所有玩家，你获得游戏胜利。
3010,02御主\01已确认御主\01FSN\卫宫士郎（雪之下）\卫宫士郎.jpg,analyzed,6,卫宫士郎｜逐条语义审阅：卫宫士郎 雪下的誓言一若激活局势牌包含0魔力的，你拥有的魔力少 于8点也可以使用技能牌且可于常规出牌时追加打出一张牌。 侵蚀一准备阶段：每局游戏限一次，激活一张游戏外的 【心像世界】局势牌并于回合结束时将其移除。
3011,02御主\01已确认御主\01FSN\卫宫士郎（雪之下）\头像-卫宫.jpeg,unclear,6,OCR不明：头像-卫宫；现有转写为“（未识别到文字）”，不足以判断规则，不据此提出operation。
3012,02御主\01已确认御主\01FSN\卫宫士郎（雪之下）\局势-心像世界.jpg,non_rule,6,非规则/静态素材：局势-心像世界；转写“心像世界 宝具禁止使用。”，未发现可执行的阶段能力。
3013,02御主\01已确认御主\01FSN\卫宫士郎（雪之下）\立牌-卫宫巨侠.jpeg,unclear,6,OCR不明：立牌-卫宫巨侠；现有转写为“（未识别到文字）”，不足以判断规则，不据此提出operation。
3014,02御主\01已确认御主\01FSN\夏蕾\29立牌.png,non_rule,6,非规则/静态素材：29立牌；转写“55 Shirley”，未发现可执行的阶段能力。
3015,02御主\01已确认御主\01FSN\夏蕾\SKILL-护身符.png,analyzed,6,SKILL-护身符｜逐条语义审阅：敏捷 2& 护身符 此牌需追加打出。 世外桃源-被动/行动阶段：你不受【阿里芒戈岛】事件牌影响。
3016,02御主\01已确认御主\01FSN\夏蕾\事件牌\事件卡 (1).png,analyzed,6,事件卡 (1)｜逐条语义审阅：3 不会枯萎的花 【阿里芒戈岛】 此战场的胜者恢复一枚令咒，败者失去一枚令咒。
3017,02御主\01已确认御主\01FSN\夏蕾\事件牌\事件卡 (10).png,analyzed,6,事件卡 (10)｜逐条语义审阅：3 不会枯萎的花 【阿里芒戈岛】 此战场的胜者恢复一枚令咒，败者失去一枚令咒。
3018,02御主\01已确认御主\01FSN\夏蕾\事件牌\事件卡 (11).png,analyzed,6,事件卡 (11)｜逐条语义审阅：3 不会枯萎的花 【阿里芒戈岛】 此战场的胜者恢复一枚令咒，败者失去一枚令咒。
3019,02御主\01已确认御主\01FSN\夏蕾\事件牌\事件卡 (2).png,analyzed,6,事件卡 (2)｜逐条语义审阅：一 岛名的由来 【阿里芒戈岛】 此战场所有攻击魔力消耗+2。回合结束时，位于此地点的 玩家每有一张于此地点打出的攻击，获得1点战果。
3020,02御主\01已确认御主\01FSN\夏蕾\事件牌\事件卡 (3).png,analyzed,6,事件卡 (3)｜逐条语义审阅：2 憧憬 【阿里芒戈岛】 此战场的非&敏捷攻击魔力消耗-1且威力-2。
3021,02御主\01已确认御主\01FSN\夏蕾\事件牌\事件卡 (4).png,analyzed,6,事件卡 (4)｜逐条语义审阅：2 满天 【阿里芒戈岛】 此战场的非×魔术攻击魔力消耗-1且威力-2。
3022,02御主\01已确认御主\01FSN\夏蕾\事件牌\事件卡 (5).png,analyzed,6,事件卡 (5)｜逐条语义审阅：2 Shirley 首个成品 【阿里芒戈岛】 若此战场仅有一名胜者，下个回合开始时，其从任意处将 【护身符】加入技能区，世外桃源无法不受此效果的影响。
3023,02御主\01已确认御主\01FSN\夏蕾\事件牌\事件卡 (6).png,analyzed,6,事件卡 (6)｜逐条语义审阅：4 懊悔 【阿里芒戈岛】 所有玩家不能移动至此地点也不能离开此地点。回合结束时 ，若夏蕾未于此战场获得胜利，永久关闭【阿里芒戈岛】， 此效果在此牌展示后不会因任何方式失效。
3024,02御主\01已确认御主\01FSN\夏蕾\事件牌\事件卡 (7).png,analyzed,6,事件卡 (7)｜逐条语义审阅：3 犹豫不决 【阿里芒戈岛】 此战场的败者于下个回合开始时随机移除一张未激活的从者 技能牌，因此效果被移除的技能牌仅在【阿里芒戈岛】关闭 时才可返回相应位置。
3025,02御主\01已确认御主\01FSN\夏蕾\事件牌\事件卡 (8).png,analyzed,6,事件卡 (8)｜逐条语义审阅：2 夏 【阿里芒戈岛】 此战场的非米力量攻击魔力消耗-1且威力-2。
3026,02御主\01已确认御主\01FSN\夏蕾\事件牌\事件卡 (9).png,analyzed,6,事件卡 (9)｜逐条语义审阅：3 无言以对 【阿里芒戈岛】 回合结束时，将此战场所有的基础攻击移除游戏。
3027,02御主\01已确认御主\01FSN\夏蕾\升华技-逝去之梦.png,analyzed,6,升华技-逝去之梦｜逐条语义审阅：逝去之梦 非高潮回合，所有对手无法于前哨阶段部署于【阿里芒 戈岛】。 【阿里芒戈岛】未占领的地利归属于你。
3028,02御主\01已确认御主\01FSN\夏蕾\场地.png,analyzed,6,场地｜逐条语义审阅：回合开始时，于该战场根据回合数暗 阿里芒戈岛 2 置随机抽取相应事件牌中的一张并于 行动阶段开始时展示 高潮阶段时，除夏蕾外的所有玩家不 能于前哨阶段部署于阿里芒戈岛 第一回合：【岛名的由来】 +2 第二~五回合：【夏】、【憧憬】 【护身符】、【首个成品】 第六~七回合：【无言以对】 【犹豫不决】 第八回合：【懊悔】 该战场与【侦查】相邻。【侦查】具有指 第九～十一回合：【不会枯萎的花） 向此战场的，魔力消耗值为2的移动箭头。
3029,02御主\01已确认御主\01FSN\夏蕾\夏蕾.png,analyzed,6,夏蕾｜逐条语义审阅：夏蕾 逝去之梦-游戏开始时，在游戏版图中添加【阿里芒戈岛】。 你拥有【护身符】。当【阿里芒戈岛】被关闭时，你【死徒化】。 才华横溢-你可以查看【阿里芒戈岛】的暗置事件牌。若你移动的 目的地是【阿里芒戈岛】，你移动时每个地点可以少花费1点魔力。
3030,02御主\01已确认御主\01FSN\夏蕾\头像.png,non_rule,6,非规则/静态素材：头像；转写“Shirley”，未发现可执行的阶段能力。
3031,02御主\01已确认御主\01FSN\夏蕾\死徒化.png,analyzed,6,死徒化｜逐条语义审阅：死徒化 你无法再使用你的从者技能牌。 你每回合打出的攻击魔力消耗与威力+3至回合结束且不 受其他玩家的能力影响。
3032,02御主\01已确认御主\01FSN\夏蕾\死徒化背面.png,unclear,6,OCR不明：死徒化背面；现有转写为“（未识别到文字）”，不足以判断规则，不据此提出operation。
3033,02御主\01已确认御主\01FSN\娜塔莉亚\升华技-火力压制.jpg,analyzed,6,升华技-火力压制｜逐条语义审阅：敏捷 火力压制 3 （将此牌加入你的技能区） 随意开火-行动阶段：与你位于同一战场的其他玩家无法使 用魔力。
3034,02御主\01已确认御主\01FSN\娜塔莉亚\娜塔莉亚.jpg,analyzed,6,娜塔莉亚｜逐条语义审阅：娜塔莉亚·卡明斯基 封印指定执行者一你是【赏金猎人】。 挥霍-回合结束时，若你的魔力为全场唯一最高，失去 1点魔力，若你的战果数为全场唯一最高，失去1点战果。
3035,02御主\01已确认御主\01FSN\娜塔莉亚\娜塔莉亚头像.jpg.png,unclear,6,OCR不明：娜塔莉亚头像.jpg；现有转写为“（未识别到文字）”，不足以判断规则，不据此提出operation。
3036,02御主\01已确认御主\01FSN\娜塔莉亚\娜塔莉亚立牌.jpg.png,unclear,6,OCR不明：娜塔莉亚立牌.jpg；现有转写为“（未识别到文字）”，不足以判断规则，不据此提出operation。
3037,02御主\01已确认御主\01FSN\娜塔莉亚\赏金猎人.jpg,analyzed,6,赏金猎人｜逐条语义审阅：赏金猎人 周旋一每回合限一次，当一名其他玩家进入你所在的战场 时，你可以移动至另一处战场。 猎杀-战斗阶段：若你所在的战场事件牌合计战果点数最 高，打出一张印刷威力不高于你地利位置数+2的手牌。
3038,02御主\01已确认御主\01FSN\宝石翁\3.4.1更新宝石翁.png,analyzed,6,3.4.1更新宝石翁｜逐条语义审阅：基修亚·泽尔里奇 第二法-前哨阶段：花费1点魔力，你改为在每个可部署 的地点进行一次部署并于你的行动阶段开始时，选择一 个部署者并移除其他部署者（移除不视为离开）。
3039,02御主\01已确认御主\01FSN\宝石翁\3.8更新升华技-万华镜.png,analyzed,6,3.8更新升华技-万华镜｜逐条语义审阅：万华镜 你只能于第一回合或第九回合解锁此牌。 当你解锁此牌时，将你的魔力设为10点。 干涉-你激活的攻击获得+2威力。
3040,02御主\01已确认御主\01FSN\宝石翁\3.8更新宝石翁.png,analyzed,6,3.8更新宝石翁｜逐条语义审阅：基修亚·泽尔里奇 第二法-前哨阶段：你不进行部署并选择每处可进入地点 的不存在对手的各一个位置【占据】直至你进行部署或 回合结束。对手无法部署于被【占据】的位置。 你的行动阶段开始时，部署于一处被【占据】的位置。
3041,02御主\01已确认御主\01FSN\宝石翁\30立牌 (2).png,non_rule,6,非规则/静态素材：30立牌 (2)；转写“舒”，未发现可执行的阶段能力。
3042,02御主\01已确认御主\01FSN\宝石翁\30立牌 (3).png,non_rule,6,非规则/静态素材：30立牌 (3)；转写“舒”，未发现可执行的阶段能力。
3043,02御主\01已确认御主\01FSN\宝石翁\升华技-万华镜.png,analyzed,6,升华技-万华镜｜逐条语义审阅：万华镜 游戏开始时，若你的技能区存在【魔力附加】，立即解 锁此牌并将你的初始魔力设为10点。 当你使用第二法时，你的攻击威力+X，X为你本回合 移除的【你】的数量。
3044,02御主\01已确认御主\01FSN\宝石翁\头像.png,unclear,6,OCR不明：头像；现有转写为“（未识别到文字）”，不足以判断规则，不据此提出operation。
3045,02御主\01已确认御主\01FSN\宝石翁\宝石翁.png,analyzed,6,宝石翁｜逐条语义审阅：基修亚·泽尔里奇·修拜因奥古 第二法-前哨阶段：进行部署前，改为在每个可部署的地 点（魔术工房、深山町、新都等）进行一次部署。你的 行动阶段开始时，选择一个【你】，移除其他所有已部 署的【你】并失去等量的魔力。
3046,02御主\01已确认御主\01FSN\宝石翁\立牌-宝石翁.png,non_rule,6,非规则/静态素材：立牌-宝石翁；转写“舒”，未发现可执行的阶段能力。
3047,02御主\01已确认御主\01FSN\巴泽特\3.6.1更新再启动.png,analyzed,6,3.6.1更新再启动｜逐条语义审阅：再启动 下回合开始时，你返回【第一天】并获得1点战果。
3048,02御主\01已确认御主\01FSN\巴泽特\3.6.1更新第四天.png,analyzed,6,3.6.1更新第四天｜逐条语义审阅：第四天 若你于本回合获胜，【觉醒】。 若你于回合结束时未【觉醒】，【再启动】。
3049,02御主\01已确认御主\01FSN\巴泽特\3.6升华技-无懈可击.png,analyzed,6,3.6升华技-无懈可击｜逐条语义审阅：? 无懈可击 【佛拉格拉克】失去<每局游戏限一次>并获得：“残留： 此牌持续激活至你触发先发后至或再启动。”
3050,02御主\01已确认御主\01FSN\巴泽特\3.6更新觉醒.png,analyzed,6,3.6更新觉醒｜逐条语义审阅：觉醒 你失去时间迷失并恢复所有令咒，然后令【佛拉格拉克】 返回你的技能区。
3051,02御主\01已确认御主\01FSN\巴泽特\3.6第二天.png,analyzed,6,3.6第二天｜逐条语义审阅：第二天 你拥有的魔力少于8点也可以打出【佛拉格拉克】且其于本 回合失去<每局游戏限一次>。 战斗阶段：若你获胜，获得2点战果。
3052,02御主\01已确认御主\01FSN\巴泽特\3.6逆光剑.png,analyzed,6,3.6逆光剑｜逐条语义审阅：Magic 4& 佛拉格拉克 <每局游戏限一次> 先发后至-下一次一名与你位于同一战场的对手使用 宝具时，令其【败北】。
3053,02御主\01已确认御主\01FSN\巴泽特\SKILL-逆光剑.png,analyzed,6,SKILL-逆光剑｜逐条语义审阅：魔術 50 佛拉格拉克 2K <每局游戏限一次> 后发先至-战斗阶段：使与你交战的一名使用 属性牌的 玩家【败北】。
3054,02御主\01已确认御主\01FSN\巴泽特\再启动-1.png,non_rule,6,非规则/静态素材：再启动-1；转写“再起动”，未发现可执行的阶段能力。
3055,02御主\01已确认御主\01FSN\巴泽特\再启动.png,analyzed,6,再启动｜逐条语义审阅：再启动 在下一回合重新回到【第一天】。获得1战果，重新激活 【佛拉格拉克】。
3056,02御主\01已确认御主\01FSN\巴泽特\头像.png,unclear,6,OCR不明：头像；现有转写为“（未识别到文字）”，不足以判断规则，不据此提出operation。
3057,02御主\01已确认御主\01FSN\巴泽特\巴姐立牌.png,unclear,6,OCR不明：巴姐立牌；现有转写为“（未识别到文字）”，不足以判断规则，不据此提出operation。
3058,02御主\01已确认御主\01FSN\巴泽特\巴泽特.png,analyzed,6,巴泽特｜逐条语义审阅：巴泽特·弗拉加·马克雷密斯 传承保菌者-将【佛拉格拉克】加入你的技能区。 时间迷失-游戏开始时，你处于【第一天】，每回合结束 时，推进一天。当你战败时【再启动】。高潮阶段的每回 合结束时，若你未【觉醒】，失去5点战果。
3059,02御主\01已确认御主\01FSN\巴泽特\旧\升华技-无懈可击.png,analyzed,6,升华技-无懈可击｜逐条语义审阅：无懈可击 【佛拉格拉克】失去<每局游戏限一次>，并获得“残留： 发动【后发先至】或【再启动】后关闭此牌。” 行动阶段：可以花费3点魔力，于行动阶段结束时将一张与 你进行交战对手的基础牌关闭。
3060,02御主\01已确认御主\01FSN\巴泽特\旧\时间迷失 (1).png,analyzed,6,时间迷失 (1)｜逐条语义审阅：第二天 你可以免费打出【佛拉格拉克】且拥有的魔力少于8点也可 打出。 战斗阶段：若你获胜，获得2点战果。
3061,02御主\01已确认御主\01FSN\巴泽特\第一天.png,analyzed,6,第一天｜逐条语义审阅：第一天 仿徨-你-2合计威力。
3062,02御主\01已确认御主\01FSN\巴泽特\第三天.png,analyzed,6,第三天｜逐条语义审阅：Strength 第三天 5K （此牌加入你的技能区） 被动/行动阶段：将此牌加入攻击。 战斗阶段：若你获胜，获得3点战果。
3063,02御主\01已确认御主\01FSN\巴泽特\第四天.png,analyzed,6,第四天｜逐条语义审阅：第四天 如果你本回合赢得一场战斗，则【苏醒】。 如果你没有赢得战斗，则在回合结束时【再启动】。
3064,02御主\01已确认御主\01FSN\巴泽特\苏醒-1.png,non_rule,6,非规则/静态素材：苏醒-1；转写“苏醒”，未发现可执行的阶段能力。
3065,02御主\01已确认御主\01FSN\巴泽特\苏醒.png,analyzed,6,苏醒｜逐条语义审阅：苏醒 失去【时间迷失】，恢复所有令咒。
3066,02御主\01已确认御主\01FSN\巴泽特\逆光剑-1.png,non_rule,6,非规则/静态素材：逆光剑-1；转写“逆光剑”，未发现可执行的阶段能力。
3067,02御主\01已确认御主\01FSN\慎二\伪臣之书 (1).png,analyzed,6,伪臣之书 (1)｜逐条语义审阅：伪臣之书 （间桐樱不在场） 替代品-当你第一次失去所有令咒时，在该回合结束时，将 你的御主替换为【间桐樱】。重置你的魔力，获得2令咒， 保持战果不变。
3068,02御主\01已确认御主\01FSN\慎二\伪臣之书 (2).png,analyzed,6,伪臣之书 (2)｜逐条语义审阅：伪臣之书 (间桐樱在场时） 契约再续-当你第一次失去所有令咒时，在该回合结束时， 将从者替换为一个随机的，未被使用的从者。重新获得3令 咒。
3069,02御主\01已确认御主\01FSN\慎二\升华技-圣杯核心.png,analyzed,6,升华技-圣杯核心｜逐条语义审阅：圣杯核心 此牌在第八回合结束后，并且莎士比亚是你的从者时生效。 你失去【伪臣之书】。 若莎士比亚是你的第一名从者，你位于深山町时合计威力+ 12，当你获得X点战果时，所有位于深山町的对手失去X点 战果；若莎士比亚并非你的第一名从者，你获得8点战果。
3070,02御主\01已确认御主\01FSN\慎二\头像.png,unclear,6,OCR不明：头像；现有转写为“（未识别到文字）”，不足以判断规则，不据此提出operation。
3071,02御主\01已确认御主\01FSN\慎二\慎二.png,analyzed,6,慎二｜逐条语义审阅：间桐慎二 吸魔命令-进入深山町时，获得1点魔力。 无用之人-游戏开始时，获得【伪臣之书】。 小丑-当你战败时，失去一枚令咒。
3072,02御主\01已确认御主\01FSN\慎二\慎二立牌.png,unclear,6,OCR不明：慎二立牌；现有转写为“（未识别到文字）”，不足以判断规则，不据此提出operation。
3073,02御主\01已确认御主\01FSN\滕村大河（老虎道场）\36立牌.png,unclear,6,OCR不明：36立牌；现有转写为“（未识别到文字）”，不足以判断规则，不据此提出operation。
3074,02御主\01已确认御主\01FSN\滕村大河（老虎道场）\升华技-TigerZero.png,analyzed,6,升华技-TigerZero｜逐条语义审阅：Tiger/Zero 解锁此技能时，你立即抽取一个随机的，未被使用的御主 与藤村大河一同使用。魔力、战果、令咒保持不变。因此 效果加入的御主无法解锁【升华技】且你可以选择发动其 “游戏开始时”效果。
3075,02御主\01已确认御主\01FSN\滕村大河（老虎道场）\头像.png,unclear,6,OCR不明：头像；现有转写为“6”，不足以判断规则，不据此提出operation。
3076,02御主\01已确认御主\01FSN\滕村大河（老虎道场）\老虎道场.png,non_rule,6,非规则/静态素材：老虎道场；转写“老虎道场 人生导师－【老虎】标记所在位置的数字+1。因此效果增加的魔力消耗/ 威力为印刷基本消耗/威力。 【老虎】标记仅可被放置于游戏内的，正面朝上的局势牌、事件牌、技 能牌、攻击牌或一处位置的阿拉伯数字上。每个位置仅可被放置一个【 老虎】标记。上述牌与位置离开游戏或被翻至背面时，收回其标记。 （游戏内可放置的位置：地利、魔术工房、竞争/侦查战果、移动成本）”，未发现可执行的阶段能力。
3077,02御主\01已确认御主\01FSN\滕村大河（老虎道场）\藤村大河（道场）.png,analyzed,6,藤村大河（道场）｜逐条语义审阅：藤村大河 老虎道场-游戏开始时，你获得一枚【老虎】标记。你仅 拥有一枚【老虎】标记。 冬木之虎-行动阶段：放置一枚【老虎】标记或花费1点 魔力，移动一枚游戏内的【老虎】标记。
3078,02御主\01已确认御主\01FSN\爱丽斯菲尔\3.1.3更新爱丽丝菲尔.png,analyzed,6,3.1.3更新爱丽丝菲尔｜逐条语义审阅：爱丽丝菲尔·冯·爱因兹贝伦 代理御主-你的令咒改为在前哨阶段使用。 转换魔术-前哨阶段：弃置你的所有手牌，每弃置1张， 你便获得1点魔力。
3079,02御主\01已确认御主\01FSN\爱丽斯菲尔\升华技-生命赋予.png,analyzed,6,升华技-生命赋予｜逐条语义审阅：魔术 2 4& 生命赋予 将此牌加入到你的技能区 你每回合只能使用此攻击的其中一项能力。 行动阶段：本回合的一张基础攻击可以保持激活至下 回合结束。 战斗阶段：你的攻击获得魔术属性并且威力+1。
3080,02御主\01已确认御主\01FSN\爱丽斯菲尔\头像.png,unclear,6,OCR不明：头像；现有转写为“（未识别到文字）”，不足以判断规则，不据此提出operation。
3081,02御主\01已确认御主\01FSN\爱丽斯菲尔\爱丽斯菲尔 (2).png,unclear,6,OCR不明：爱丽斯菲尔 (2)；现有转写为“（未识别到文字）”，不足以判断规则，不据此提出operation。
3082,02御主\01已确认御主\01FSN\爱丽斯菲尔\爱丽斯菲尔.png,analyzed,6,爱丽斯菲尔｜逐条语义审阅：爱丽丝菲尔·冯?爱因兹贝伦 你的令咒于前哨阶段使用。 前哨阶段：弃置你的手牌，每弃置一张将获得1点魔 力。
3083,02御主\01已确认御主\01FSN\羽斯缇萨\升华技-黑之圣杯.png,analyzed,6,升华技-黑之圣杯｜逐条语义审阅：黑之圣杯 若你于非高潮回合解锁此牌，你立即获得2X点战果并在 下个回合结束后立即进入高潮回合。X为你本局游戏已使 用过祭献的次数。 若你于高潮回合解锁此牌，你的【开演之时已至】获得+6 威力。你使用祭献时可以无视地点前提获得所有效果。
3084,02御主\01已确认御主\01FSN\羽斯缇萨\头像-羽斯缇萨.png,unclear,6,OCR不明：头像-羽斯缇萨；现有转写为“（未识别到文字）”，不足以判断规则，不据此提出operation。
3085,02御主\01已确认御主\01FSN\羽斯缇萨\献祭标记.png,unclear,6,OCR不明：献祭标记；现有转写为“（未识别到文字）”，不足以判断规则，不据此提出operation。
3086,02御主\01已确认御主\01FSN\羽斯缇萨\立牌-羽斯缇萨.png,unclear,6,OCR不明：立牌-羽斯缇萨；现有转写为“8”，不足以判断规则，不据此提出operation。
3087,02御主\01已确认御主\01FSN\羽斯缇萨\羽斯缇萨 (1).png,analyzed,6,羽斯缇萨 (1)｜逐条语义审阅：羽斯缇萨·冯·爱因兹贝伦 九百年的终点-你是【冬之圣女】。你本局游戏可以使用 至多X次祭献，X为本局游戏人数的一半（向上取整）。 第三法-你打出攻击时可以令其减少任意点魔力消耗。 每回合以第三法减少的魔力消耗之和不能超过你本局游 戏已使用祭献的次数。
3088,02御主\01已确认御主\01FSN\羽斯缇萨\羽斯缇萨 (2).png,analyzed,6,羽斯缇萨 (2)｜逐条语义审阅：冬之圣女 你没有令咒。每当你获得令咒时，改为获得4点魔力；当 你因其他能力花费或失去令咒时，改为花费或失去4点魔力。 祭献-前哨或行动阶段：根据你所在的地点选择一项获得： 战场-获得2点合计威力且你本回合获胜时获得2点战果。 魔术工坊-获得4点魔力。深山町或新都-移动至任意位置。
3089,02御主\01已确认御主\01FSN\肯尼斯\3.2更新肯尼斯.png,analyzed,6,3.2更新肯尼斯｜逐条语义审阅：肯尼斯·阿其波卢德 双重御主-你拥有的魔力少于8点也可以使用技能牌。 炼金术师-游戏开始时，将6张【月灵髓液】洗成一副独立的牌库。 行动阶段：从独立牌库抽一张【月灵髓液】。 傲-若你可以部署于一名战果低于你且独自位于战场的其他玩 家所在的战场，则你必须部署。
3090,02御主\01已确认御主\01FSN\肯尼斯\升华技-流体力学.png,analyzed,6,升华技-流体力学｜逐条语义审阅：流体力学 你的所有攻击牌可以残留至下回合结束。 当你从从者牌库中抽到【月灵髓液】时，你可以将其展示并 再抽一张牌。
3091,02御主\01已确认御主\01FSN\肯尼斯\头像.png,unclear,6,OCR不明：头像；现有转写为“（未识别到文字）”，不足以判断规则，不据此提出operation。
3092,02御主\01已确认御主\01FSN\肯尼斯\月髓灵液 (1).png,analyzed,6,月髓灵液 (1)｜逐条语义审阅：魔術 迅捷 2K 月灵髓液 O 滔滔不绝-被动/战斗阶段：可以花费2点魔力从手牌中打出 此牌。 斩击-行动阶段：此牌威力+2。
3093,02御主\01已确认御主\01FSN\肯尼斯\月髓灵液 (2).png,analyzed,6,月髓灵液 (2)｜逐条语义审阅：特殊 月灵髓液 O 滔滔不绝-被动/战斗阶段：可以花费2点魔力从手牌中打出 此牌。 沸腾吧，我的血液-战斗阶段：你可无视此回合的【战败】 效果。
3094,02御主\01已确认御主\01FSN\肯尼斯\月髓灵液 (3).png,analyzed,6,月髓灵液 (3)｜逐条语义审阅：魔術 月灵髓液 1K 滔滔不绝-被动/战斗阶段：可以花费2点魔力从手牌中打出 此牌。 追踪抹杀-战斗阶段：与你交战的对手失去所有地利。
3095,02御主\01已确认御主\01FSN\肯尼斯\月髓灵液 (4).png,analyzed,6,月髓灵液 (4)｜逐条语义审阅：魔術 月灵髓液 1K 滔滔不绝-被动/战斗阶段：可以花费2点魔力从手牌中打出 此牌。 追踪抹杀-战斗阶段：与你交战的对手失去所有地利。
3096,02御主\01已确认御主\01FSN\肯尼斯\月髓灵液 (5).png,analyzed,6,月髓灵液 (5)｜逐条语义审阅：魔術 迅捷 2K 月灵髓液 O 滔滔不绝-被动/战斗阶段：可以花费2点魔力从手牌中打出 此牌。 斩击-行动阶段：此牌威力+2。
3097,02御主\01已确认御主\01FSN\肯尼斯\月髓灵液 (6).png,analyzed,6,月髓灵液 (6)｜逐条语义审阅：魔術 迅捷 2K 月灵髓液 O 滔滔不绝-被动/战斗阶段：可以花费2点魔力从手牌中打出 此牌。 斩击-行动阶段：此牌威力+2。
3098,02御主\01已确认御主\01FSN\肯尼斯\肯尼斯.png,analyzed,6,肯尼斯｜逐条语义审阅：肯尼斯·阿其波卢德 二重御主－你拥有的魔力少于8点也可使用技能。 炼金术师-将6张【月灵髓液】洗成一副独立牌组.行动时：从 该牌组抽1张牌. 轻视-若一名战果比你低的玩家独自位于战场，你必须在其所 在战场部署.
3099,02御主\01已确认御主\01FSN\肯尼斯\肯尼斯立牌.png,unclear,6,OCR不明：肯尼斯立牌；现有转写为“（未识别到文字）”，不足以判断规则，不据此提出operation。
3100,02御主\01已确认御主\01FSN\舞弥\3.8更新援护射击.png,analyzed,6,3.8更新援护射击｜逐条语义审阅：敏捷 200K 援护射击 此牌需追加打出。 压制-行动阶段：若你不是久宇舞弥，你需向其支付2点战果 使用此效果。获得+1基础地利后，翻倍你的地利。
3101,02御主\01已确认御主\01FSN\舞弥\3.8更新舞弥.png,analyzed,6,3.8更新舞弥｜逐条语义审阅：久宇舞弥 军旅-你拥有【援护射击】。 前哨阶段：若你不位于战场，花费2点魔力，将【援护射 击】加入一名其他玩家的攻击，回合结束时令其返回你的 技能区。若如此做，你本回合无法成为战斗的胜者。
3102,02御主\01已确认御主\01FSN\舞弥\升华技-甜品.png,analyzed,6,升华技-甜品｜逐条语义审阅：甜品狂热者 解锁此技能后，立即从手牌、牌库和弃牌堆移除所有×魔 术牌，每以此法移除一张×魔术牌，你获得2点魔力。然 后将游戏外的一张【射击】加入你的技能区。
3103,02御主\01已确认御主\01FSN\舞弥\头像.png,unclear,6,OCR不明：头像；现有转写为“（未识别到文字）”，不足以判断规则，不据此提出operation。
3104,02御主\01已确认御主\01FSN\舞弥\旧\httpssteamusercontentaakamaihdnetugc2491130170962630592B7769AB110BABF3B4598F7E22D915D570B63BCB3.png,unclear,6,OCR不明：httpssteamusercontentaakamaihdnetugc2491130170962630592B7769AB110BABF3B4598F7E22D915D570B63BCB3；现有转写为“（未识别到文字）”，不足以判断规则，不据此提出operation。
3105,02御主\01已确认御主\01FSN\舞弥\旧\升华技-甜品狂热者.png,analyzed,6,升华技-甜品狂热者｜逐条语义审阅：甜品狂热者 解锁此技能后，立即从手牌、牌库和弃牌堆移除所有×魔 术牌，每以此法移除一张×魔术牌，你获得2点魔力。然 后将游戏外的一张【射击】加入你的技能区。
3106,02御主\01已确认御主\01FSN\舞弥\旧\射击 (1).png,analyzed,6,射击 (1)｜逐条语义审阅：敏捷 射击 3 3K 此牌需追加打出。 压制-战斗阶段：将你的地利翻倍。
3107,02御主\01已确认御主\01FSN\舞弥\旧\射击 (2).png,analyzed,6,射击 (2)｜逐条语义审阅：敏捷 射击 3 3K 此牌需追加打出。 压制-战斗阶段：将你的地利翻倍。
3108,02御主\01已确认御主\01FSN\舞弥\旧\舞弥.png,analyzed,6,舞弥｜逐条语义审阅：久宇舞弥 军旅-你拥有【射击】。 援护-行动阶段：若你不位于战场且控制【射击】，你可 以依轮次询问位于战场的其他玩家是否愿意，然后将【射 击】加入愿意的其中一名玩家的攻击并与该玩家均分其本 回合因战斗胜利获得的战果（不包括令咒等）。
3109,02御主\01已确认御主\01FSN\舞弥\立牌.png,unclear,6,OCR不明：立牌；现有转写为“（未识别到文字）”，不足以判断规则，不据此提出operation。
3110,02御主\01已确认御主\01FSN\莱妮丝-月髓灵液\3.4更新升华技-焰色魔眼.png,analyzed,6,3.4更新升华技-焰色魔眼｜逐条语义审阅：焰色魔眼 流体操作-特里姆玛乌的【月灵髓液】获得“打出时： 此牌持续激活被打出后的下个回合战斗阶段结束时。 重叠魔术-行动阶段：花费2点魔力，令你或特里姆玛乌 打出一张牌。
3111,02御主\01已确认御主\01FSN\莱妮丝-月髓灵液\3.4更新特里姆玛乌.png,analyzed,6,3.4更新特里姆玛乌｜逐条语义审阅：特里姆玛乌 自律型魔像-特里姆玛乌拥有独立的手牌、牌库和弃牌堆。 其的攻击魔力消耗由莱妮丝支付且不受其他能力影响。 其视为与莱妮丝位于同一地点并同时进行常规出牌。 其不是对手，但其攻击威力如同对手受莱妮丝外的玩家影响。 协同-特里姆玛乌的攻击威力增加至莱妮丝的合计威力。
3112,02御主\01已确认御主\01FSN\莱妮丝-月髓灵液\3.8更新莱妮丝.png,analyzed,6,3.8更新莱妮丝｜逐条语义审阅：莱妮丝·阿奇佐尔缇 水银女仆-你拥有【特里姆玛乌】。除非你于你的行动阶 段开始时花费3点魔力，否则她的攻击威力无法被增加。 小恶魔-若你战胜了在计算战斗战果前，战果数不高于你 的玩家，你可以偷取他们各1点魔力。若你获胜但未战胜 战果不高于你的对手，你获得竞争战果减半（向下取整），
3113,02御主\01已确认御主\01FSN\莱妮丝-月髓灵液\42立牌.png,unclear,6,OCR不明：42立牌；现有转写为“（未识别到文字）”，不足以判断规则，不据此提出operation。
3114,02御主\01已确认御主\01FSN\莱妮丝-月髓灵液\从者-特里姆玛乌.png,analyzed,6,"从者-特里姆玛乌｜逐条语义审阅：特里姆玛乌 米 4,4 β Hydrargyrum ? 1,1,2 &2,2 × 1,1,2,2"
3115,02御主\01已确认御主\01FSN\莱妮丝-月髓灵液\头像.png,unclear,6,OCR不明：头像；现有转写为“（未识别到文字）”，不足以判断规则，不据此提出operation。
3116,02御主\01已确认御主\01FSN\莱妮丝-月髓灵液\旧\3.3更新莱妮丝.png,analyzed,6,3.3更新莱妮丝｜逐条语义审阅：莱妮丝·阿奇佐尔缇 水银女仆-你拥有【特里姆玛乌】。 小恶魔-若你战胜了在计算该战斗战果前，战果不高于你 的玩家，你可以偷取他们各1点魔力。若你获得战斗胜利 但未战胜战果不高于你的对手，你无法获得竞争战果。
3117,02御主\01已确认御主\01FSN\莱妮丝-月髓灵液\旧\3.5更新莱妮丝-月髓灵液.png,analyzed,6,3.5更新莱妮丝-月髓灵液｜逐条语义审阅：莱妮丝·阿奇佐尔缇 水银女仆-你拥有【特里姆玛乌】。除非你于你的行动阶 段开始时花费3点魔力，否则她的攻击威力无法被增加。 小恶魔-若你战胜了在计算战斗战果前，战果数不高于你 的玩家，你可以偷取他们各1点魔力。若你获胜但未战胜 战果不高于你的对手，你无法获得竞争战果。
3118,02御主\01已确认御主\01FSN\莱妮丝-月髓灵液\旧\升华技-焰色魔眼.png,analyzed,6,升华技-焰色魔眼｜逐条语义审阅：焰色魔眼 流体操作－【特里姆玛乌】的【月灵髓液】获得“残留： 此牌持续激活至被打出后的下个回合战斗阶段结束时。” 重叠魔术-行动阶段：令一张【月灵髓液】变为你战斗中 的一张与其魔力消耗相同且不为【月灵髓液】的非技能牌 直至回合结束。
3119,02御主\01已确认御主\01FSN\莱妮丝-月髓灵液\旧\特里姆玛乌.png,analyzed,6,特里姆玛乌｜逐条语义审阅：特里姆玛乌 自律型魔像-你拥有独立的手牌、牌库和弃牌堆以及常规 出牌。你不是独立的对手，但视为与莱妮丝位于同一地点， 共享回合且你的魔力消耗由莱妮丝进行支付，你的合计威 力增加至莱妮丝的合计威力。
3120,02御主\01已确认御主\01FSN\莱妮丝-月髓灵液\旧\特里姆玛乌牌库 (5).png,analyzed,6,特里姆玛乌牌库 (5)｜逐条语义审阅：魔术 1 2& 月灵髓液 展翅而飞-战斗阶段：令与你位于同一战场的所有对手失去 所有地利。
3121,02御主\01已确认御主\01FSN\莱妮丝-月髓灵液\旧\特里姆玛乌牌库 (6).png,analyzed,6,特里姆玛乌牌库 (6)｜逐条语义审阅：魔术 1 2& 月灵髓液 展翅而飞-战斗阶段：令与你位于同一战场的所有对手失去 所有地利。
3122,02御主\01已确认御主\01FSN\莱妮丝-月髓灵液\旧版\ATK-月髓灵液 (1).png,analyzed,6,ATK-月髓灵液 (1)｜逐条语义审阅：月灵髓液 O 2K 斩击-战斗阶段：花费2点魔力，此牌附加 敏捷和×魔术 属性，回合结束时，将此牌移除游戏。
3123,02御主\01已确认御主\01FSN\莱妮丝-月髓灵液\旧版\ATK-月髓灵液 (2).png,analyzed,6,ATK-月髓灵液 (2)｜逐条语义审阅：月灵髓液 O 2K 斩击-战斗阶段：花费2点魔力，此牌附加 敏捷和×魔术 属性，回合结束时，将此牌移除游戏。
3124,02御主\01已确认御主\01FSN\莱妮丝-月髓灵液\旧版\ATK-月髓灵液 (3).png,analyzed,6,ATK-月髓灵液 (3)｜逐条语义审阅：★魔术 1& 月灵髓液 追踪抹杀-战斗阶段：花费2点魔力，与你交战的对手失去所 有地利，回合结束时，将此牌移除游戏。
3125,02御主\01已确认御主\01FSN\莱妮丝-月髓灵液\旧版\ATK-月髓灵液 (4).png,analyzed,6,ATK-月髓灵液 (4)｜逐条语义审阅：月灵髓液 O 2K 斩击-战斗阶段：花费2点魔力，此牌附加 敏捷和×魔术 属性，回合结束时，将此牌移除游戏。
3126,02御主\01已确认御主\01FSN\莱妮丝-月髓灵液\旧版\ATK-月髓灵液 (5).png,analyzed,6,ATK-月髓灵液 (5)｜逐条语义审阅：特殊 000& 月灵髓液 沸腾吧，汝的血液-战斗阶段：花费2点魔力，你可无视此回 合的【战败】效果，回合结束时，将此牌移除游戏。
3127,02御主\01已确认御主\01FSN\莱妮丝-月髓灵液\旧版\ATK-月髓灵液 (6).png,analyzed,6,ATK-月髓灵液 (6)｜逐条语义审阅：★魔术 1& 月灵髓液 追踪抹杀-战斗阶段：花费2点魔力，与你交战的对手失去所 有地利，回合结束时，将此牌移除游戏。
3128,02御主\01已确认御主\01FSN\莱妮丝-月髓灵液\旧版\加减标记 (1).png,unclear,6,OCR不明：加减标记 (1)；现有转写为“（未识别到文字）”，不足以判断规则，不据此提出operation。
3129,02御主\01已确认御主\01FSN\莱妮丝-月髓灵液\旧版\加减标记 (2).png,unclear,6,OCR不明：加减标记 (2)；现有转写为“（未识别到文字）”，不足以判断规则，不据此提出operation。
3130,02御主\01已确认御主\01FSN\莱妮丝-月髓灵液\旧版\升华技-焰色魔眼.png,analyzed,6,升华技-焰色魔眼｜逐条语义审阅：焰色魔眼 精密操作更改为“增加或减少至多3”且可对月灵髓液生效。 探查调整-前哨阶段：查看一名其他玩家的技能区，你可选择 一张攻击进行精密操作，若如此做，你本回合不可进行精密操 作且下回合不可进行探查调整。
3131,02御主\01已确认御主\01FSN\莱妮丝-月髓灵液\旧版\特里姆玛乌.png,analyzed,6,特里姆玛乌｜逐条语义审阅：特里姆玛乌 游戏开始时，将6张月灵髓液洗成一副独立牌库，月灵髓液进入独 立弃牌堆。 自律型魔术礼装-每回合第一次，莱妮丝进入任意战场时，选择独 立牌库内的一张月灵髓液正面加入攻击。回合结束时，若你未进入 过战场，随机弃置一张牌库内的月灵髓液。
3132,02御主\01已确认御主\01FSN\莱妮丝-月髓灵液\旧版\莱妮丝（灵液）.png,analyzed,6,莱妮丝（灵液）｜逐条语义审阅：莱妮丝·阿奇佐尔缇 人格赋予-你拥有【特里姆玛乌】。 小恶魔-当你获胜时，若未与战果比你低的玩家交战，你无法获得 竞争战果。否则，你可选择一名战果比你低的败者偷取1点魔力。 精密操作-行动阶段：选择一张你技能区或手牌的攻击，该攻击的 基本威力和魔力消耗一同增加或减少1至回合结束（无法降为负数）。
3133,02御主\01已确认御主\01FSN\莱妮丝-月髓灵液\特里姆玛乌牌库\特里姆玛乌牌库   (1).png,analyzed,6,特里姆玛乌牌库   (1)｜逐条语义审阅：魔术 1 12K 月灵髓液 展翅而飞-战斗阶段：令与你位于同一战场的所有对手失去 所有地利，若你不位于战场，改为令莱妮丝获得2点魔力。
3134,02御主\01已确认御主\01FSN\莱妮丝-月髓灵液\特里姆玛乌牌库\特里姆玛乌牌库   (10).png,non_rule,6,非规则/静态素材：特里姆玛乌牌库   (10)；转写“敏捷 月灵髓液 1K 0”，未发现可执行的阶段能力。
3135,02御主\01已确认御主\01FSN\莱妮丝-月髓灵液\特里姆玛乌牌库\特里姆玛乌牌库   (11).png,non_rule,6,非规则/静态素材：特里姆玛乌牌库   (11)；转写“魔术 X 月灵髓液 1K 0”，未发现可执行的阶段能力。
3136,02御主\01已确认御主\01FSN\莱妮丝-月髓灵液\特里姆玛乌牌库\特里姆玛乌牌库   (12).png,analyzed,6,特里姆玛乌牌库   (12)｜逐条语义审阅：魔术 1 12K 月灵髓液 展翅而飞-战斗阶段：令与你位于同一战场的所有对手失去 所有地利，若你不位于战场，改为令莱妮丝获得2点魔力。
3137,02御主\01已确认御主\01FSN\莱妮丝-月髓灵液\特里姆玛乌牌库\特里姆玛乌牌库   (2).png,non_rule,6,非规则/静态素材：特里姆玛乌牌库   (2)；转写“魔术 X 月灵髓液 1K 0”，未发现可执行的阶段能力。
3138,02御主\01已确认御主\01FSN\莱妮丝-月髓灵液\特里姆玛乌牌库\特里姆玛乌牌库   (3).png,non_rule,6,非规则/静态素材：特里姆玛乌牌库   (3)；转写“敏捷 魔术 2K 月灵髓液 1”，未发现可执行的阶段能力。
3139,02御主\01已确认御主\01FSN\莱妮丝-月髓灵液\特里姆玛乌牌库\特里姆玛乌牌库   (4).png,non_rule,6,非规则/静态素材：特里姆玛乌牌库   (4)；转写“敏捷 魔术 2K 月灵髓液 1”，未发现可执行的阶段能力。
3140,02御主\01已确认御主\01FSN\莱妮丝-月髓灵液\特里姆玛乌牌库\特里姆玛乌牌库   (5).png,analyzed,6,特里姆玛乌牌库   (5)｜逐条语义审阅：特殊 月灵髓液 全面防护-战斗阶段：莱妮丝无视【败北】效果。
3141,02御主\01已确认御主\01FSN\莱妮丝-月髓灵液\特里姆玛乌牌库\特里姆玛乌牌库   (6).png,analyzed,6,特里姆玛乌牌库   (6)｜逐条语义审阅：敏捷 月灵髓液 2& 汝之身，吾之翼-行动阶段：令莱妮丝沿着箭头移动一步。
3142,02御主\01已确认御主\01FSN\莱妮丝-月髓灵液\特里姆玛乌牌库\特里姆玛乌牌库   (7).png,non_rule,6,非规则/静态素材：特里姆玛乌牌库   (7)；转写“米 力量 4K 月灵髓液 2”，未发现可执行的阶段能力。
3143,02御主\01已确认御主\01FSN\莱妮丝-月髓灵液\特里姆玛乌牌库\特里姆玛乌牌库   (8).png,non_rule,6,非规则/静态素材：特里姆玛乌牌库   (8)；转写“米 力量 4K 月灵髓液 2”，未发现可执行的阶段能力。
3144,02御主\01已确认御主\01FSN\莱妮丝-月髓灵液\特里姆玛乌牌库\特里姆玛乌牌库   (9).png,non_rule,6,非规则/静态素材：特里姆玛乌牌库   (9)；转写“敏捷 月灵髓液 1K 0”，未发现可执行的阶段能力。
3145,02御主\01已确认御主\01FSN\莱妮丝\3.5更新莱妮丝.png,analyzed,6,3.5更新莱妮丝｜逐条语义审阅：莱妮丝·阿奇佐尔缇 炼金术师-行动阶段：将一张游戏外的【特里姆玛乌】加 入你的手牌（不展示）。 小恶魔-当你获胜并计算战果后，从你的战斗中的一名下 次淘汰结算时会被淘汰的败者处偷取1点战果。当你战败 时，弃置所有手牌。
3146,02御主\01已确认御主\01FSN\莱妮丝\41立牌.png,unclear,6,OCR不明：41立牌；现有转写为“（未识别到文字）”，不足以判断规则，不据此提出operation。
3147,02御主\01已确认御主\01FSN\莱妮丝\ATK-特里姆玛乌 (1).png,analyzed,6,ATK-特里姆玛乌 (1)｜逐条语义审阅：特殊 4& 特里姆玛乌 汝之骨血，化为羽翼-行动阶段：逆着箭头移动一步。 被动/战斗阶段：若此牌在你的手牌中，沿着箭头移动一步。
3148,02御主\01已确认御主\01FSN\莱妮丝\ATK-特里姆玛乌 (2).png,analyzed,6,ATK-特里姆玛乌 (2)｜逐条语义审阅：魔术 2& 特里姆玛乌 指令：告解-行动阶段：查看一名与你位于同一地点的对手 的技能区，若你使用此效果时其已【真名解放】，你改为 获得+4合计威力。 被动/战斗阶段：若此牌在你的手牌中，获得1点魔力。
3149,02御主\01已确认御主\01FSN\莱妮丝\ATK-特里姆玛乌 (3).png,analyzed,6,ATK-特里姆玛乌 (3)｜逐条语义审阅：敏捷 魔术 3& 特里姆玛乌 斩击-行动阶段：打出一张攻击。 被动/战斗阶段：若此牌在你的手牌中，获得+2合计威力。
3150,02御主\01已确认御主\01FSN\莱妮丝\升华技-特里姆玛乌.png,analyzed,6,升华技-特里姆玛乌｜逐条语义审阅：米 力量 4 4K 特里姆玛乌 （将此牌加入你的技能区。 沸腾吧，我的血液-被动：所有【特里姆玛乌】获得米力量 属性，你每于本局游戏打出一张【特里姆玛乌】，你的所有 【特里姆玛乌】获得+1威力至游戏结束。
3151,02御主\01已确认御主\01FSN\莱妮丝\头像.png,unclear,6,OCR不明：头像；现有转写为“（未识别到文字）”，不足以判断规则，不据此提出operation。
3152,02御主\01已确认御主\01FSN\莱妮丝\旧\莱妮丝.png,analyzed,6,莱妮丝｜逐条语义审阅：莱妮丝·阿奇佐尔缇 炼金术师-行动阶段：将一张游戏外的【特里姆玛乌】加 入你的手牌（不展示）。 小恶魔-当你获胜时，从你的战斗中的一名下次淘汰结算 时会被淘汰的败者处偷取1点战果。当你战败时，弃置所 有手牌。
3153,02御主\01已确认御主\01FSN\葛木\3.6更新葛木.png,analyzed,6,3.6更新葛木｜逐条语义审阅：葛木宗一郎 暗杀术-游戏开始时，将两张【蛇】加入你的牌库。 局外人-你无法通过部署于魔术工房获得魔力，但你以常 规移动从魔术工房离开时-1移动成本。每回合战斗阶段 结束后，若你于该回合未获得战果，获得1点战果，若你 同时是位于魔术工房的唯一玩家，改为获得2点战果。
3154,02御主\01已确认御主\01FSN\葛木\升华技-完美呼吸.png,analyzed,6,升华技-完美呼吸｜逐条语义审阅：完美呼吸 解锁此技能后立刻从牌库，弃牌堆及手牌中移除所有×魔术 牌。迅捷基础牌威力+3。你的【蛇】获得以下效果“被动/ 战斗阶段：花费6点魔力，将此牌加入你的攻击中。”
3155,02御主\01已确认御主\01FSN\葛木\头像.png,unclear,6,OCR不明：头像；现有转写为“（未识别到文字）”，不足以判断规则，不据此提出operation。
3156,02御主\01已确认御主\01FSN\葛木\旧\葛木.png,analyzed,6,葛木｜逐条语义审阅：酒 葛木宗一郎 暗杀拳-将两张【蛇】洗入牌堆。 平稳-你因部署魔术工房而获得的魔力转变为等量 的战果。 耿直－从魔术工房离开所消耗的魔力-1。
3157,02御主\01已确认御主\01FSN\葛木\葛木立牌.png,unclear,6,OCR不明：葛木立牌；现有转写为“（未识别到文字）”，不足以判断规则，不据此提出operation。
3158,02御主\01已确认御主\01FSN\葛木\蛇 (1).png,non_rule,6,非规则/静态素材：蛇 (1)；转写“米 力量 迅捷 0:0 5K 蛇”，未发现可执行的阶段能力。
3159,02御主\01已确认御主\01FSN\葛木\蛇 (2).png,non_rule,6,非规则/静态素材：蛇 (2)；转写“米 力量 迅捷 0:0 5K 蛇”，未发现可执行的阶段能力。
3160,02御主\01已确认御主\01FSN\蓝宝石\从者-魔法蓝宝石.png,analyzed,6,"从者-魔法蓝宝石｜逐条语义审阅：Caster 魔法蓝宝石 米3 β Card Selection @2,3 β Card Selection ×2,2,3,3,5,5 Card Selection"
3161,02御主\01已确认御主\01FSN\蓝宝石\升华技-多重选择.png,analyzed,6,升华技-多重选择｜逐条语义审阅：多重选择 解锁此牌后立刻将美游所有的【梦幻召唤】从游戏外加入 手牌。 前哨阶段：弃置1张牌，抽2张牌。
3162,02御主\01已确认御主\01FSN\蓝宝石\卡牌选择 (1).png,analyzed,6,卡牌选择 (1)｜逐条语义审阅：特殊 卡牌选择 被动/前哨阶段：弃置此牌，抽2张牌。 被动/前哨阶段：将此牌与游戏开始时你所抽取从者的牌堆中 的牌或游戏外的【梦幻召唤】交换。
3163,02御主\01已确认御主\01FSN\蓝宝石\卡牌选择 (2).png,analyzed,6,卡牌选择 (2)｜逐条语义审阅：特殊 卡牌选择 被动/前哨阶段：弃置此牌，抽2张牌。 被动/前哨阶段：将此牌与游戏开始时你所抽取从者的牌堆中 的牌或游戏外的【梦幻召唤】交换。
3164,02御主\01已确认御主\01FSN\蓝宝石\卡牌选择 (3).png,analyzed,6,卡牌选择 (3)｜逐条语义审阅：特殊 卡牌选择 被动/前哨阶段：弃置此牌，抽2张牌。 被动/前哨阶段：将此牌与游戏开始时你所抽取从者的牌堆中 的牌或游戏外的【梦幻召唤】交换。
3165,02御主\01已确认御主\01FSN\蓝宝石\卫宫美游.png,analyzed,6,卫宫美游｜逐条语义审阅：卫宫美游 美游的从者是【魔法蓝宝石】。游戏开始时，从未被抽取 的从者中抽取3名并选择他们的3个技能构筑你的技能区。 【魔法蓝宝石】额外获得被抽取的从者的名称和职阶。
3166,02御主\01已确认御主\01FSN\蓝宝石\头像.png,unclear,6,OCR不明：头像；现有转写为“（未识别到文字）”，不足以判断规则，不据此提出operation。
3167,02御主\01已确认御主\01FSN\蓝宝石\梦幻召唤 (1).png,analyzed,6,梦幻召唤 (1)｜逐条语义审阅：特殊 3K 梦幻召唤-剑士 O 每回合只能进行1次【梦幻召唤】 <每局游戏限一次> 战斗阶段：将同一战场所有对手的×属性威力变为0。
3168,02御主\01已确认御主\01FSN\蓝宝石\梦幻召唤 (2).png,analyzed,6,梦幻召唤 (2)｜逐条语义审阅：米 力量 迅捷 魔術 4K 梦幻召唤-弓兵 每回合只能进行1次【梦幻召唤】 <每局游戏限一次> 行动阶段：将你的地利翻倍。
3169,02御主\01已确认御主\01FSN\蓝宝石\梦幻召唤 (3).png,analyzed,6,梦幻召唤 (3)｜逐条语义审阅：迅捷 2K 梦幻召唤-暗杀者 每回合只能进行1次【梦幻召唤】 <每局游戏限一次> 战斗阶段：与你交战的对手本回合每使用过一张技能牌，便 偷取他们的1点战果。
3170,02御主\01已确认御主\01FSN\蓝宝石\梦幻召唤 (4).png,analyzed,6,梦幻召唤 (4)｜逐条语义审阅：魔術 2K 梦幻召唤-魔术师 0 每回合只能进行1次【梦幻召唤】 <每局游戏限一次> 残留：当你打出另一张非基础攻击时关闭此牌。令那张牌 获得获得威力+2或费用-3。
3171,02御主\01已确认御主\01FSN\蓝宝石\梦幻召唤 (5).png,analyzed,6,梦幻召唤 (5)｜逐条语义审阅：特殊 4K 梦幻召唤-枪兵 每回合只能进行1次【梦幻召唤】 <每局游戏限一次> 行动阶段：移动到【魔术工房】以外的任何地点。
3172,02御主\01已确认御主\01FSN\蓝宝石\梦幻召唤 (6).png,analyzed,6,梦幻召唤 (6)｜逐条语义审阅：特殊 0010K 梦幻召唤-骑兵 每回合只能进行1次【梦幻召唤】 <每局游戏限一次> 行动阶段：从手牌中打出至多3张基本威力3及以下的牌。
3173,02御主\01已确认御主\01FSN\蓝宝石\蓝宝石立牌.png,unclear,6,OCR不明：蓝宝石立牌；现有转写为“（未识别到文字）”，不足以判断规则，不据此提出operation。
3174,02御主\01已确认御主\01FSN\藤村大河\升华技-冬木之虎.png,analyzed,6,升华技-冬木之虎｜逐条语义审阅：米 力量 5 8K 冬木之虎 （将此牌加入你的技能区） 家里的屠杀-魔术工房变为战场。（交战规则适用，不添加任 何事件牌）。魔术工房的竞争战果等于当前局势牌的魔力值。
3175,02御主\01已确认御主\01FSN\藤村大河\头像.png,unclear,6,OCR不明：头像；现有转写为“（未识别到文字）”，不足以判断规则，不据此提出operation。
3176,02御主\01已确认御主\01FSN\藤村大河\老虎TOKEN.png,unclear,6,OCR不明：老虎TOKEN；现有转写为“（未识别到文字）”，不足以判断规则，不据此提出operation。
3177,02御主\01已确认御主\01FSN\藤村大河\藤村大河.png,analyzed,6,藤村大河｜逐条语义审阅：藤村大河 带着她的头号帮手-你的魔力初始值为3。 命运的向导－当你赢得一场战斗时，每位因此战败的玩家获得 一枚【老虎】标记。你每分发一枚【老虎】标记便获得1点战 果。每有1枚【老虎】标记合计威力+1，至多+3。
3178,02御主\01已确认御主\01FSN\藤村大河\藤村大河立牌.png,unclear,6,OCR不明：藤村大河立牌；现有转写为“价”，不足以判断规则，不据此提出operation。
3179,02御主\01已确认御主\01FSN\言峰四郎\3.2天草四郎.png,analyzed,6,3.2天草四郎｜逐条语义审阅：天草四郎 教驯-游戏开始时，你是【红队领袖】，你后置位的那 名玩家成为【神仆】。 绝罚-行动阶段：将一名【神仆】已展示的从者技能的 临时复制加入你的技能区，他本回合无法使用你使用了 其复制的原技能牌且其不再为【神仆】。
3180,02御主\01已确认御主\01FSN\言峰四郎\3.2更新神仆.png,analyzed,6,3.2更新神仆｜逐条语义审阅：神仆 非高潮回合，你需花费一枚令咒才可进入天草四郎所在的 战场。若你与天草同时位于不同的战场，你花费魔力时， 可以将天草四郎的1点魔力加入支付。若你与天草四郎于 同一回合赢得了不同的战斗，你与其各获得1点战果。
3181,02御主\01已确认御主\01FSN\言峰四郎\3.2红队领袖.png,analyzed,6,3.2红队领袖｜逐条语义审阅：红队领袖 臣属-行动阶段：花费X枚令咒，选择一名本局游戏未成 为过【神仆】且在你花费令咒前令咒数少于你的玩家， 下回合开始时他成为【神仆】，X为1+【神仆】数。
3182,02御主\01已确认御主\01FSN\言峰四郎\升华技-过去的裁定者.png,analyzed,6,升华技-过去的裁定者｜逐条语义审阅：过去的裁定者 解锁此牌后所有对手立即失去2枚令咒。 【开演之刻已至，此处应有雷鸣般的喝彩】激活时，你的 基础牌获得威力+4。
3183,02御主\01已确认御主\01FSN\言峰四郎\头像.png,unclear,6,OCR不明：头像；现有转写为“（未识别到文字）”，不足以判断规则，不据此提出operation。
3184,02御主\01已确认御主\01FSN\言峰四郎\旧\神仆.png,analyzed,6,神仆｜逐条语义审阅：LOVVADO SEIAOSACTISSIMO SACRAMENTO 干 神仆 虔诚-在非高潮回合，你进入言峰四郎所在的战场需支付一枚 令咒，否则无法进入。 救济-若你与言峰四郎同时位于战场且不位于同一战场，你于 本回合花费魔力时，可使用言峰四郎的1点魔力加入支付。 若你与言峰四郎同时赢得了不同的战斗，你与其获得1点战果。
3185,02御主\01已确认御主\01FSN\言峰四郎\旧\言峰四郎.png,analyzed,6,言峰四郎｜逐条语义审阅：言峰四郎 教驯-在游戏开始时，你左边的玩家将成为你的【神仆】 直至你使用： 终谕-行动阶段：将原【神仆】已展示的从者技能的临时 复制加入你的技能区。原【神仆】于本回合无法使用你以 终谕复制后使用的技能牌。
3186,02御主\01已确认御主\01FSN\言峰四郎\言峰四郎立牌.png,unclear,6,OCR不明：言峰四郎立牌；现有转写为“（未识别到文字）”，不足以判断规则，不据此提出operation。
3187,02御主\01已确认御主\01FSN\言峰四郎（旧版）\分队提示卡.png,analyzed,6,分队提示卡｜逐条语义审阅：派系卡牌发放 3名玩家： 1名红队成员 1名黑队领袖 NPC为黑队成员 4名玩家： 1名红队成员 1名黑队领袖 1名黑队成员 5名玩家： 2名红队成员 1名黑队领袖 1名黑队成员 6名玩家： 2名红队成员 1名黑队领袖 2名黑队成员 7名玩家： 3名红队成员 1名黑队领袖 2名黑队成员
3188,02御主\01已确认御主\01FSN\言峰四郎（旧版）\升华技-过去的裁定者.png,analyzed,6,升华技-过去的裁定者｜逐条语义审阅：过去的裁定者 解锁此牌后所有对手立即失去2枚令咒。 【开演之刻已至，此处应有雷鸣般的喝彩】激活时，你的 基础牌获得威力+4。
3189,02御主\01已确认御主\01FSN\言峰四郎（旧版）\头像.png,unclear,6,OCR不明：头像；现有转写为“（未识别到文字）”，不足以判断规则，不据此提出operation。
3190,02御主\01已确认御主\01FSN\言峰四郎（旧版）\立牌.png,unclear,6,OCR不明：立牌；现有转写为“（未识别到文字）”，不足以判断规则，不据此提出operation。
3191,02御主\01已确认御主\01FSN\言峰四郎（旧版）\红队 (1).png,analyzed,6,红队 (1)｜逐条语义审阅：红队领袖 如果【红队】本回合赢得所有胜利，获得3点战果。 行动阶段：花费1枚令咒。另一名【红队成员】合计威力+5。 若其获胜，你获得4点战果。此效果每回合只能使用一次。
3192,02御主\01已确认御主\01FSN\言峰四郎（旧版）\红队 (2).png,analyzed,6,红队 (2)｜逐条语义审阅：红队成员 如果【红队】本回合赢得所有胜利，获得2点战果。
3193,02御主\01已确认御主\01FSN\言峰四郎（旧版）\红队 (3).png,analyzed,6,红队 (3)｜逐条语义审阅：红队成员 如果【红队】本回合赢得所有胜利，获得2点战果。
3194,02御主\01已确认御主\01FSN\言峰四郎（旧版）\红队 (4).png,analyzed,6,红队 (4)｜逐条语义审阅：红队成员 如果【红队】本回合赢得所有胜利，获得2点战果。
3195,02御主\01已确认御主\01FSN\言峰四郎（旧版）\言峰四郎.png,analyzed,6,言峰四郎｜逐条语义审阅：言峰四郎 圣杯大战-游戏开始时，随机将一张【队别】发给除你以外 的每位玩家。你是【红队领袖】。 绝罚-行动阶段：一名【红队成员】失去4点威力。将其【队 别】牌移除游戏。
3196,02御主\01已确认御主\01FSN\言峰四郎（旧版）\队伍卡背.png,unclear,6,OCR不明：队伍卡背；现有转写为“（未识别到文字）”，不足以判断规则，不据此提出operation。
3197,02御主\01已确认御主\01FSN\言峰四郎（旧版）\黑队 (1).png,analyzed,6,黑队 (1)｜逐条语义审阅：黑队成员 如果【黑队】本回合赢得所有胜利，获得2点战果。
3198,02御主\01已确认御主\01FSN\言峰四郎（旧版）\黑队 (2).png,analyzed,6,黑队 (2)｜逐条语义审阅：黑队领袖 如果【黑队】本回合赢得所有胜利，获得3点战果。 行动阶段：花费1点魔力。其他【黑队成员】的威力+3。
3199,02御主\01已确认御主\01FSN\言峰四郎（旧版）\黑队 (3).png,analyzed,6,黑队 (3)｜逐条语义审阅：黑队成员 如果【黑队】本回合赢得所有胜利，获得2点战果。
3200,02御主\01已确认御主\01FSN\言峰绮礼\升华技-恶的庇护者.png,analyzed,6,升华技-恶的庇护者｜逐条语义审阅：恶的庇护者 当你为【监督者】时，战斗阶段：可【真名解放】使与你 位于同一战场的一名玩家【败北】。 当你为【执行者】时，你的所有基本攻击牌威力+2且无视 【败北】。
3201,02御主\01已确认御主\01FSN\言峰绮礼\头像.png,unclear,6,OCR不明：头像；现有转写为“（未识别到文字）”，不足以判断规则，不据此提出operation。
3202,02御主\01已确认御主\01FSN\言峰绮礼\执行和监督 (1).png,analyzed,6,执行和监督 (1)｜逐条语义审阅：监督者 管理者-所有玩家秘密告诉你从者职阶。 中立-行动阶段：你可以无视交战状态，花费2魔力移动至 侦察。
3203,02御主\01已确认御主\01FSN\言峰绮礼\执行和监督 (2).png,analyzed,6,执行和监督 (2)｜逐条语义审阅：执行者 战斗阶段：你的总威力+2。
3204,02御主\01已确认御主\01FSN\言峰绮礼\言峰绮礼立牌.png,unclear,6,OCR不明：言峰绮礼立牌；现有转写为“（未识别到文字）”，不足以判断规则，不据此提出operation。
3205,02御主\01已确认御主\01FSN\远坂凛\3.1更新凛.png,analyzed,6,3.1更新凛｜逐条语义审阅：远坂凛 宝石魔术-游戏开始时，你获得10枚【宝石】。 高潮阶段时，你可以在【宝石】上选择相同的选项，每个 选项至多3次（共计最多9次）。 绝对服从的命令-你必须于第一回合使用一枚令咒。若你 以该令咒获得了魔力，战斗阶段结束后，你失去4点魔力。
3206,02御主\01已确认御主\01FSN\远坂凛\3.3更新远坂凛.jpg,analyzed,6,3.3更新远坂凛｜逐条语义审阅：远坂凛 宝石魔术-游戏开始时，你获得10枚【宝石】。高潮阶段时你可 以在【宝石】上选择相同的选项，每个选项至多3次（共计9次）。 绝对服从的命令一你必须于第一回合使用一枚令咒。否则于该回 合结束失去一枚令咒。若你以该令咒获得了魔力，战斗阶段结 束后，你失去4点魔力。
3207,02御主\01已确认御主\01FSN\远坂凛\凛立牌.png,unclear,6,OCR不明：凛立牌；现有转写为“（未识别到文字）”，不足以判断规则，不据此提出operation。
3208,02御主\01已确认御主\01FSN\远坂凛\升华技-宝石剑.png,analyzed,6,升华技-宝石剑｜逐条语义审阅：魔術 006K 宝石剑泽尔里奇 （将此牌加入你的技能区） 被动：你的×魔术基础牌和【阴无弹】的威力+2。 行动阶段：获得本回合所有玩家花费的魔力。战斗结束后， 将此牌移除游戏。
3209,02御主\01已确认御主\01FSN\远坂凛\头像.png,unclear,6,OCR不明：头像；现有转写为“9”，不足以判断规则，不据此提出operation。
3210,02御主\01已确认御主\01FSN\远坂凛\宝石X10.png,analyzed,6,宝石X10｜逐条语义审阅：宝石 <每局游戏限一次> 行动阶段：选择一项本回合没有选择过的选项： 一获得1点魔力。 -打出一张游戏外的【阴弹】。 -弃置1-3张牌，然后抽取相同数量的牌。
3211,02御主\01已确认御主\01FSN\远坂凛\宝石背面.png,non_rule,6,非规则/静态素材：宝石背面；转写“宝石”，未发现可执行的阶段能力。
3212,02御主\01已确认御主\01FSN\远坂凛\阴炁弹X3.png,analyzed,6,阴炁弹X3｜逐条语义审阅：Magic 阴烈弹 1& <每局游戏限一次> （<每局游戏限一次>的卡牌，关闭后将被移除游戏。对于其 他卡牌的效果而言，它们便是游戏外的。）
3213,02御主\01已确认御主\01FSN\远坂凛（代码）\3.3.1更新升华技-同一夜空.png,analyzed,6,3.3.1更新升华技-同一夜空｜逐条语义审阅：同一夜空 解锁此牌时，你立即抽取一名从者并将其所有技能作为 【代码】加入。你获得所有【代码】来源职阶和从者名。 被动/行动阶段：忽略【灵子武装】的限制将一张【代码】 加入你的技能区，回合结束时将其移除。
3214,02御主\01已确认御主\01FSN\远坂凛（代码）\3.3更新远坂凛.png,analyzed,6,3.3更新远坂凛｜逐条语义审阅：远坂凛 灵子黑客-你拥有【灵子武装】。你使用令咒的回合结束时， 抽取一名从者并选择其一张技能明置作为游戏外的【代码】。 不屈反抗的证明-你必须于第一回合使用一枚令咒，否则于 该回合结束失去一枚令咒。若你以该令咒获得了魔力，战斗 阶段结束后，你失去4点魔力。
3215,02御主\01已确认御主\01FSN\远坂凛（代码）\3.4更新灵子武装.png,analyzed,6,3.4更新灵子武装｜逐条语义审阅：灵子武装 【代码】及其衍生物视为远坂凛的技能和攻击。 准备阶段：将一张游戏外的【代码】加入你的技能区或 替换你游戏内的一张【代码】（状态保持不变）。 你于非高潮阶段时在游戏内仅可拥有一张【代码】。
3216,02御主\01已确认御主\01FSN\远坂凛（代码）\3.8更新灵子武装.png,analyzed,6,3.8更新灵子武装｜逐条语义审阅：灵子武装 【代码】视为远坂凛的技能和攻击。Code_-准备阶段： 选择一张【代码】加入或替换你游戏内的一张【代码】 （状态保持不变）。你于非高潮阶段时在游戏内仅可拥有 一张【代码】。当【代码】因此牌外的影响移除游戏时， 不再视为【代码】。（如因<每局游戏限一次>移除等）
3217,02御主\01已确认御主\01FSN\远坂凛（代码）\3.8更新远坂凛.png,analyzed,6,3.8更新远坂凛｜逐条语义审阅：远坂凛 灵子黑客-你拥有【灵子武装】。你使用令咒的回合结束时， 抽取一名从者展示并选择其一张非职阶技能作为【代码】。 不屈反抗的证明-你必须于第一回合使用一枚令咒，否则于 该回合结束失去一枚令咒。若你以该令咒获得了魔力，战斗 阶段结束后，你失去4点魔力。
3218,02御主\01已确认御主\01FSN\远坂凛（代码）\43立牌.png,unclear,6,OCR不明：43立牌；现有转写为“（未识别到文字）”，不足以判断规则，不据此提出operation。
3219,02御主\01已确认御主\01FSN\远坂凛（代码）\头像.png,unclear,6,OCR不明：头像；现有转写为“（未识别到文字）”，不足以判断规则，不据此提出operation。
3220,02御主\01已确认御主\01FSN\远坂凛（代码）\旧版\3.2更新代码凛.png,analyzed,6,3.2更新代码凛｜逐条语义审阅：远坂凛 灵子黑客-游戏开始时，从未被抽取的从者中抽取3名，将其从者 技能牌明置组成一个牌堆作为【代码】。高潮阶段时，你可以选 择【灵子武装】相同的选项，每个选项至多3次（共计最多9次）。 不屈反抗的证明-你必须于第一回合使用一枚令咒。若你以该令咒 获得了魔力，战斗阶段结束后，你失去4点魔力。
3221,02御主\01已确认御主\01FSN\远坂凛（代码）\旧版\3.2更新灵子武装.png,analyzed,6,3.2更新灵子武装｜逐条语义审阅：灵子武装 行动阶段：选择一项本回合未选择过的选项（至多选择3次）： 一移除一张代码，获得1点魔力。 -将一张代码加入你的技能区，回合结束时，将其移除。 -移除一张你技能区非临时或<每局游戏限一次>且不为代码的 技能，将一张代码加入技能区且其不再视为代码直至游戏结束。
3222,02御主\01已确认御主\01FSN\远坂凛（代码）\旧版\3.3.1更新灵子武装.png,analyzed,6,3.3.1更新灵子武装｜逐条语义审阅：灵子武装 准备阶段：将一张游戏外的【代码】加入你的技能区或 替换你技能区的一张【代码】（状态保持不变）。 你于非高潮阶段时的区域内仅可有一张【代码】。
3223,02御主\01已确认御主\01FSN\远坂凛（代码）\旧版\3.3.2更新灵子武装.png,analyzed,6,3.3.2更新灵子武装｜逐条语义审阅：灵子武装 准备阶段：将一张游戏外的【代码】加入你的技能区或 替换你游戏内的一张【代码】（状态保持不变）。 你于非高潮阶段时在游戏内仅可拥有一张【代码】。
3224,02御主\01已确认御主\01FSN\远坂凛（代码）\旧版\3.3更新代码凛.jpg,analyzed,6,3.3更新代码凛｜逐条语义审阅：远坂凛 灵子黑客一你拥有【灵子武装】。你使用令咒的回合结束时， 抽取一名未被使用的从者并选择其一张技能明置为【代码】。 不屈反抗的证明一你必须于第一回合使用一枚令咒，否则于 该回合结束失去一枚令咒。若你以该令咒获得了魔力，战斗 阶段结束后，你失去4点魔力。
3225,02御主\01已确认御主\01FSN\远坂凛（代码）\旧版\3.3更新升华技同一夜空.jpg,analyzed,6,3.3更新升华技同一夜空｜逐条语义审阅：同一夜空 解锁此牌时，你立即抽取一名从者并将其所有技能作为 【代码】加入。你获得所有【代码】来源职阶和从者名。 被动/行动阶段：将一张【代码】加入你的技能区，回合 结束时，将其移除。
3226,02御主\01已确认御主\01FSN\远坂凛（代码）\旧版\3.3更新灵子武装.jpg,analyzed,6,3.3更新灵子武装｜逐条语义审阅：灵子武装 被动/准备阶段：将一张游戏外的【代码】加入你的技能 区或替换你技能区的一张【代码】（状态保持不变）。 你于非高潮阶段时的区域内仅可有一张【代码】。
3227,02御主\01已确认御主\01FSN\远坂凛（代码）\旧版\代码凛.png,analyzed,6,代码凛｜逐条语义审阅：远坂凛 不屈反抗的证明-游戏开始时，你失去一枚令咒。 电脑术式-你拥有【指令咏唱】。 灵子黑客-从未被抽取的从者中抽取3名，将他们的从者技能牌 暗置组成一个牌堆，称为【代码】。
3228,02御主\01已确认御主\01FSN\远坂凛（代码）\旧版\代码凛3.1.3更新.jpg,analyzed,6,代码凛3.1.3更新｜逐条语义审阅：远坂凛 灵子黑客一游戏开始时，从未被抽取的从者中抽取3名， 将他们的从者技能牌暗置组成一个牌堆作为【代码】。 不屈反抗的证明一你必须于第一回合使用一枚令咒。若你 以该令咒获得了魔力，战斗阶段结束后，你失去4点魔力。
3229,02御主\01已确认御主\01FSN\远坂凛（代码）\旧版\代码凛3.1.3更新2.jpg,analyzed,6,代码凛3.1.3更新2｜逐条语义审阅：远坂凛 灵子黑客一游戏开始时，从未被抽取的从者中抽取3名，将其从者 技能牌明置组成一个牌堆作为【代码】。高潮阶段时，你可以选 择【灵子武装】相同的选项，每个选项至多3次（共计最多9次）。 不屈反抗的证明一你必须于第一回合使用一枚令咒。若你以该令咒 获得了魔力，战斗阶段结束后，你失去4点魔力。
3230,02御主\01已确认御主\01FSN\远坂凛（代码）\旧版\升华技-千年不息的争斗.png,analyzed,6,升华技-千年不息的争斗｜逐条语义审阅：千年不息的争斗 解锁此技能后，立刻抽取一名未被抽取的从者，将其技能暗 置加人【代码】牌堆。 电脑体更改为：“准备阶段：选择一张【代码】加入你的技 能区。”
3231,02御主\01已确认御主\01FSN\远坂凛（代码）\旧版\升华技-同一夜空.jpg,analyzed,6,升华技-同一夜空｜逐条语义审阅：同一夜空 你获得所有你代码来源从者的名称和职阶。 过载一前哨阶段：若游戏内不存在代码，随机抽取一张 代码加入你的技能区。回合结束时，将该代码洗回代码 牌堆。
3232,02御主\01已确认御主\01FSN\远坂凛（代码）\旧版\指令咏唱.png,analyzed,6,指令咏唱｜逐条语义审阅：指令咏唱 电脑体-准备阶段：若游戏内不存在【代码】，随机抽取一张【代码】加入你 的技能区。高潮回合时，游戏内存在【代码】也可进行抽取。 过载-行动阶段：你可移除一张【代码】 选择下列一项: 1.本回合结束时，你不受覆写影响。2.获得1点魔力。 覆写-回合结束时，将任意张游戏内的【代码】暗置洗回独立牌堆。（状态保持 不变）。你于非高潮回合最多保留一张【代码】于游戏内。
3233,02御主\01已确认御主\01FSN\远坂凛（代码）\旧版\指令咏唱3.1.3更新.jpg,analyzed,6,指令咏唱3.1.3更新｜逐条语义审阅：指令咏唱 灵子武装一行动阶段：选择一项本回合未选择过的选项： 一移除一张代码，获得1点魔力。 一将一张代码加入你的技能区，回合结束时，将其移除 -以一张代码替换你的一张从者技能直至游戏结束（替换后不再视为代码）。 每个非高潮回合，你可以使用至多3次灵子武装。每个高潮回合，你可以 选择灵子武装相同的选项，每个选项至多3次（共计最多9次）。
3234,02御主\01已确认御主\01FSN\远坂凛（代码）\旧版\指令咏唱3.1.3更新2.jpg,analyzed,6,指令咏唱3.1.3更新2｜逐条语义审阅：灵子武装 行动阶段：选择一项本回合未选择过的选项（至多选择3次）： 一移除一张代码，获得1点魔力。 一将一张代码加入你的技能区，回合结束时，将其移除。 -移除一张你技能区非临时或<每局游戏限一次>且不为代码的 技能，将一张代码加入技能区且其不再视为代码直至游戏结束。
3235,02御主\01已确认御主\01FSN\远坂凛（代码）\旧版\远坂凛代码\43立牌.png,unclear,6,OCR不明：43立牌；现有转写为“（未识别到文字）”，不足以判断规则，不据此提出operation。
3236,02御主\01已确认御主\01FSN\远坂凛（代码）\旧版\远坂凛代码\代码凛3.1.3更新.jpg,analyzed,6,代码凛3.1.3更新｜逐条语义审阅：远坂凛 灵子黑客一游戏开始时，从未被抽取的从者中抽取3名， 将他们的从者技能牌暗置组成一个牌堆作为【代码】。 不屈反抗的证明一你必须于第一回合使用一枚令咒。若你 以该令咒获得了魔力，战斗阶段结束后，你失去4点魔力。
3237,02御主\01已确认御主\01FSN\远坂凛（代码）\旧版\远坂凛代码\代码凛3.1.3更新2.jpg,analyzed,6,代码凛3.1.3更新2｜逐条语义审阅：远坂凛 灵子黑客一游戏开始时，从未被抽取的从者中抽取3名，将其从者 技能牌明置组成一个牌堆作为【代码】。高潮阶段时，你可以选 择【灵子武装】相同的选项，每个选项至多3次（共计最多9次）。 不屈反抗的证明一你必须于第一回合使用一枚令咒。若你以该令咒 获得了魔力，战斗阶段结束后，你失去4点魔力。
3238,02御主\01已确认御主\01FSN\远坂凛（代码）\旧版\远坂凛代码\升华技-同一夜空.jpg,analyzed,6,升华技-同一夜空｜逐条语义审阅：同一夜空 你获得所有你代码来源从者的名称和职阶。 过载一前哨阶段：若游戏内不存在代码，随机抽取一张 代码加入你的技能区。回合结束时，将该代码洗回代码 牌堆。
3239,02御主\01已确认御主\01FSN\远坂凛（代码）\旧版\远坂凛代码\头像.png,unclear,6,OCR不明：头像；现有转写为“（未识别到文字）”，不足以判断规则，不据此提出operation。
3240,02御主\01已确认御主\01FSN\远坂凛（代码）\旧版\远坂凛代码\指令咏唱3.1.3更新.jpg,analyzed,6,指令咏唱3.1.3更新｜逐条语义审阅：指令咏唱 灵子武装一行动阶段：选择一项本回合未选择过的选项： 一移除一张代码，获得1点魔力。 一将一张代码加入你的技能区，回合结束时，将其移除 -以一张代码替换你的一张从者技能直至游戏结束（替换后不再视为代码）。 每个非高潮回合，你可以使用至多3次灵子武装。每个高潮回合，你可以 选择灵子武装相同的选项，每个选项至多3次（共计最多9次）。
3241,02御主\01已确认御主\01FSN\远坂凛（代码）\旧版\远坂凛代码\指令咏唱3.1.3更新2.jpg,analyzed,6,指令咏唱3.1.3更新2｜逐条语义审阅：灵子武装 行动阶段：选择一项本回合未选择过的选项（至多选择3次）： 一移除一张代码，获得1点魔力。 一将一张代码加入你的技能区，回合结束时，将其移除。 -移除一张你技能区非临时或<每局游戏限一次>且不为代码的 技能，将一张代码加入技能区且其不再视为代码直至游戏结束。
3242,02御主\01已确认御主\01FSN\远坂凛（代码）\旧版\远坂凛代码\旧版\代码凛.png,analyzed,6,代码凛｜逐条语义审阅：远坂凛 不屈反抗的证明-游戏开始时，你失去一枚令咒。 电脑术式-你拥有【指令咏唱】。 灵子黑客-从未被抽取的从者中抽取3名，将他们的从者技能牌 暗置组成一个牌堆，称为【代码】。
3243,02御主\01已确认御主\01FSN\远坂凛（代码）\旧版\远坂凛代码\旧版\升华技-千年不息的争斗.png,analyzed,6,升华技-千年不息的争斗｜逐条语义审阅：千年不息的争斗 解锁此技能后，立刻抽取一名未被抽取的从者，将其技能暗 置加人【代码】牌堆。 电脑体更改为：“准备阶段：选择一张【代码】加入你的技 能区。”
3244,02御主\01已确认御主\01FSN\远坂凛（代码）\旧版\远坂凛代码\旧版\指令咏唱.png,analyzed,6,指令咏唱｜逐条语义审阅：指令咏唱 电脑体-准备阶段：若游戏内不存在【代码】，随机抽取一张【代码】加入你 的技能区。高潮回合时，游戏内存在【代码】也可进行抽取。 过载-行动阶段：你可移除一张【代码】 选择下列一项: 1.本回合结束时，你不受覆写影响。2.获得1点魔力。 覆写-回合结束时，将任意张游戏内的【代码】暗置洗回独立牌堆。（状态保持 不变）。你于非高潮回合最多保留一张【代码】于游戏内。
3245,02御主\01已确认御主\01FSN\远坂时臣\SKILL-火焰弹.png,analyzed,6,SKILL-火焰弹｜逐条语义审阅：Magic 200K 火炎弹 此牌需追加打出。 战斗阶段：令所有与你交战的其他玩家获得一枚可叠加 的【燃烧】标记。 每枚【燃烧】标记令所有者-2合计威力，当一名玩家打 出2张暗置攻击时，其可移除自己的一枚【燃烧】标记。
3246,02御主\01已确认御主\01FSN\远坂时臣\httpcloud3steamusercontentcomugc1666853488468028245E6005DE6C2E0D3340F4B75A1337A85B104F0E622.png,unclear,6,OCR不明：httpcloud3steamusercontentcomugc1666853488468028245E6005DE6C2E0D3340F4B75A1337A85B104F0E622；现有转写为“（未识别到文字）”，不足以判断规则，不据此提出operation。
3247,02御主\01已确认御主\01FSN\远坂时臣\升华技-赫须绅士的令印.png,analyzed,6,升华技-赫须绅士的令印｜逐条语义审阅：赫须绅士的令印 【火炎弹】+2魔力消耗与威力。 【燃烧】印记更改为-3合计威力且移除时需额外花费2点 魔力。
3248,02御主\01已确认御主\01FSN\远坂时臣\头像.png,unclear,6,OCR不明：头像；现有转写为“（未识别到文字）”，不足以判断规则，不据此提出operation。
3249,02御主\01已确认御主\01FSN\远坂时臣\时辰立牌.png,unclear,6,OCR不明：时辰立牌；现有转写为“福”，不足以判断规则，不据此提出operation。
3250,02御主\01已确认御主\01FSN\远坂时臣\远坂时臣.png,analyzed,6,远坂时臣｜逐条语义审阅：远坂时臣 元素使-将【火炎弹】加入你的技能区。 粗心导师-将4件【道具】加入游戏。回合顺位倒数两位 的玩家可以在他们的回合使用1件【道具】。远坂时臣 使用【道具】时无法获得战果。
3251,02御主\01已确认御主\01FSN\远坂时臣\道具 (1).png,analyzed,6,道具 (1)｜逐条语义审阅：水银剑 每回合轮次仅有一名玩家可以使用该【道具】。 行动阶段：远坂时臣获得1点战果。你的一张基础攻击+2 威力。若你正与远坂时臣交战，他-2合计威力。
3252,02御主\01已确认御主\01FSN\远坂时臣\道具 (2).png,analyzed,6,道具 (2)｜逐条语义审阅：魔导书 每回合轮次仅有一名玩家可以使用该【道具】。 行动阶段：远坂时臣获得1点战果。弃置2张手牌来从你的 牌库选择一张牌加入手牌。然后远坂时臣弃置一张手牌。
3253,02御主\01已确认御主\01FSN\远坂时臣\道具 (3).png,analyzed,6,道具 (3)｜逐条语义审阅：宝石 每回合轮次仅有一名玩家可以使用该【道具】。 行动阶段：远坂时臣获得1点战果。你的所有攻击-1魔力消 耗。远坂时臣失去1点魔力。
3254,02御主\01已确认御主\01FSN\远坂时臣\道具 (4).png,analyzed,6,道具 (4)｜逐条语义审阅：魔力计 每回合轮次仅有一名玩家可以使用该【道具】。 行动阶段：远坂时臣获得1点战果。你重新部署于你所在战 场的一处未被占领的地利位置。
3255,02御主\01已确认御主\01FSN\远坂时臣（宝石魔术）\ATK-火焰弹.png,non_rule,6,非规则/静态素材：ATK-火焰弹；转写“米 力量 00 2K 火炎弹 <每局游戏限一次>”，未发现可执行的阶段能力。
3256,02御主\01已确认御主\01FSN\远坂时臣（宝石魔术）\升华技-夙愿的传承.png,analyzed,6,升华技-夙愿的传承｜逐条语义审阅：夙愿的传承 解锁此技能后，你立即随机获得一张【道具】。 被动：当你赢得一场争夺战后，随机获得一张【道具】、
3257,02御主\01已确认御主\01FSN\远坂时臣（宝石魔术）\头像.png,unclear,6,OCR不明：头像；现有转写为“（未识别到文字）”，不足以判断规则，不据此提出operation。
3258,02御主\01已确认御主\01FSN\远坂时臣（宝石魔术）\宝石魔术.png,analyzed,6,宝石魔术｜逐条语义审阅：宝石 <每局游戏限一次> 行动阶段：选择一项本回合没有选择过的选项。 -获得1点战果。 -打出一张游戏外的【火炎弹】。 -抽取1~3张牌，然后弃置任意数量的手牌。
3259,02御主\01已确认御主\01FSN\远坂时臣（宝石魔术）\宝石魔术已使用.png,non_rule,6,非规则/静态素材：宝石魔术已使用；转写“宝石 [已使用]”，未发现可执行的阶段能力。
3260,02御主\01已确认御主\01FSN\远坂时臣（宝石魔术）\立牌.png,unclear,6,OCR不明：立牌；现有转写为“福”，不足以判断规则，不据此提出operation。
3261,02御主\01已确认御主\01FSN\远坂时臣（宝石魔术）\远坂时臣.png,analyzed,6,远坂时臣｜逐条语义审阅：远坂时臣 地脉管理者-行动阶段：获得1点地利。 宝石魔术-游戏开始时得到5张【宝石】牌。 当你赢得一场争夺战时，你可以不获得竞争战果，改为获 得等量的【宝石】。
3262,02御主\01已确认御主\01FSN\间桐樱\升华技-腐蚀.png,analyzed,6,升华技-腐蚀｜逐条语义审阅：腐蚀 你只能在游戏的前四回合中解锁此牌。每局游戏限一次，当 一名玩家被淘汰且【被污染的圣杯】处于激活状态，你可将 其拥有的任意张从者技能牌加入你的技能区。
3263,02御主\01已确认御主\01FSN\间桐樱\头像.png,unclear,6,OCR不明：头像；现有转写为“（未识别到文字）”，不足以判断规则，不据此提出operation。
3264,02御主\01已确认御主\01FSN\间桐樱\旧\樱.png,analyzed,6,樱｜逐条语义审阅：间桐樱 破损的容器-回合结束时，若所有其他玩家的战果都比你多或 者通过代替间桐慎二进入游戏时，获得【黑影】。 此世全部之恶-第八回合结束时，若你的战果排名不是第一， 获得【被污染的圣杯】。
3265,02御主\01已确认御主\01FSN\间桐樱\旧\黑影 (1).png,analyzed,6,黑影 (1)｜逐条语义审阅：黑影 准备阶段：花费2点魔力。若你没有拥有【被污染的圣杯】， 获得2点战果。 若你以间桐慎二身份开始游戏的话，在情况允许下，此效果 强制发动。
3266,02御主\01已确认御主\01FSN\间桐樱\旧\黑影 (2).png,non_rule,6,非规则/静态素材：黑影 (2)；转写“黑泥”，未发现可执行的阶段能力。
3267,02御主\01已确认御主\01FSN\间桐樱\樱.png,analyzed,6,樱｜逐条语义审阅：间桐樱 欠损容器-回合结束时，若你的战果低于所有其他玩家且 你的第一名御主不是【间桐慎二】，激活【黑泥】。 此世全部之恶-第8回合结束时，若你的战果排名不为第一， 激活【被污染的圣杯】。
3268,02御主\01已确认御主\01FSN\间桐樱\樱立牌.png,unclear,6,OCR不明：樱立牌；现有转写为“（未识别到文字）”，不足以判断规则，不据此提出operation。
3269,02御主\01已确认御主\01FSN\间桐樱\被污染的圣杯 (1).png,analyzed,6,被污染的圣杯 (1)｜逐条语义审阅：被污染的圣杯 你拥有无限魔力（此状态下无法获得或失去魔力）。 每回合常规攻击可以多打一张牌。
3270,02御主\01已确认御主\01FSN\间桐樱\被污染的圣杯 (2).png,non_rule,6,非规则/静态素材：被污染的圣杯 (2)；转写“被污染的圣杯”，未发现可执行的阶段能力。
3271,02御主\01已确认御主\01FSN\间桐樱\黑泥 (1).png,non_rule,6,非规则/静态素材：黑泥 (1)；转写“黑泥”，未发现可执行的阶段能力。
3272,02御主\01已确认御主\01FSN\间桐樱\黑泥 (2).png,analyzed,6,黑泥 (2)｜逐条语义审阅：黑泥 准备阶段：花费2点魔力，若你未激活【被污染的圣杯】， 获得2点战果。
3273,02御主\01已确认御主\01FSN\间桐脏砚\3.3更新五百年的执著.png,analyzed,6,3.3更新五百年的执著｜逐条语义审阅：五百年的执着 回合结束时，若你本回合获得的魔力少于3点，失去2点战果。 刻印虫-战斗阶段：战斗阶段结束后，如果你赢得一场战斗， 从该战斗的一名败者处吸取至多3点魔力；若你未进行争夺 战独自获胜或位于侦查，获得3点魔力。 虫之身-战斗阶段：花费7点魔力，移动至一处地点。
3274,02御主\01已确认御主\01FSN\间桐脏砚\3.3更新创造者.png,analyzed,6,3.3更新创造者｜逐条语义审阅：创造者 你没有令咒。每当你获得令咒时，改为获得4点魔力；当你 因其他能力需要花费令咒时，改为花费4点魔力。 行动阶段：花费2X魔力，获得X点合计威力，若你于本回合 赢得战斗，获得X点战果。
3275,02御主\01已确认御主\01FSN\间桐脏砚\3.3更新间桐脏砚.png,analyzed,6,3.3更新间桐脏砚｜逐条语义审阅：间桐脏砚 大空洞的亡者-游戏开始时，将你的魔力设为10点且你的魔 力上限为16点。 五百年的活尸-你是大圣杯的【创造者】并怀揣【五百年的 执念】。 间桐家的宗主-局势牌无法禁止你使用 宝具。
3276,02御主\01已确认御主\01FSN\间桐脏砚\httpcloud3steamusercontentcomugc2077904069656765567B02E3D4BCC5E8721DCC08D5A1B02D1D4DB3BE0B0.png,analyzed,6,httpcloud3steamusercontentcomugc2077904069656765567B02E3D4BCC5E8721DCC08D5A1B02D1D4DB3BE0B0｜逐条语义审阅：五百年的执着 回合结束时，若你本回合获得的魔力少于3点，失去2点战果。 刻印虫-战斗阶段：战斗阶段结束后，如果你赢得一场战斗， 从该战斗的一名败者处吸取至多3点魔力；若该战斗没有其他 玩家或你位于侦查，你获得3点魔力。 虫之身-战斗阶段：花费7点魔力，移动至一处地点。
3277,02御主\01已确认御主\01FSN\间桐脏砚\升华技-幕后主使.png,analyzed,6,升华技-幕后主使｜逐条语义审阅：幕后主使 当你移动时，可以无视交战状态。移除【刻印虫】“如果你 赢得一场战斗”的触发条件。 行动阶段：花费6点魔力，使与你处于同一战场的对手失去一 枚令咒。
3278,02御主\01已确认御主\01FSN\间桐脏砚\头像.png,unclear,6,OCR不明：头像；现有转写为“（未识别到文字）”，不足以判断规则，不据此提出operation。
3279,02御主\01已确认御主\01FSN\间桐脏砚\旧\httpcloud3steamusercontentcomugc1760318270141929885811EC074F9761402D55D0824A6971715F103966D.png,analyzed,6,httpcloud3steamusercontentcomugc1760318270141929885811EC074F9761402D55D0824A6971715F103966D｜逐条语义审阅：创造者 你没有令咒.每当你获得令咒时，得到4魔力；每当你需要花 费令咒时，花费4魔力。 行动阶段：可花费2X魔力，获得X威力；若你此回合赢得战 斗，额外获得X战果。
3280,02御主\01已确认御主\01FSN\间桐脏砚\旧\创造者.png,analyzed,6,创造者｜逐条语义审阅：创造者 你没有令咒.每当你获得令咒时，得到4魔力；每当你需要花 费令咒时，花费4魔力。 行动阶段：可花费2X魔力，获得X威力；若你此回合赢得战 斗，额外获得X战果。
3281,02御主\01已确认御主\01FSN\间桐脏砚\旧\脏砚.png,analyzed,6,脏砚｜逐条语义审阅：间桐脏砚 虫窟-你最多拥有16点魔力，初始值为10。 老不死的-你是大圣杯的【创造者】，是【类食尸鬼】。 间桐族长-局势牌无法禁止你使用宝具。
3282,02御主\01已确认御主\01FSN\间桐脏砚\类食尸鬼.png,analyzed,6,类食尸鬼｜逐条语义审阅：类食尸鬼 每回合结束时，如果你在该回合未获得至少3点魔力，则失 去2点战果。 刻印虫－战斗阶段：如果你赢得一场战斗，你可以从一名败 者处吸取最多3点魔力。如果你独自赢得一场战斗或位于侦 察，则额外获得3点魔力。 虫型-战斗阶段：花费7点魔力，移动至任意地点。
3283,02御主\01已确认御主\01FSN\间桐脏砚\脏砚立牌.png,unclear,6,OCR不明：脏砚立牌；现有转写为“（未识别到文字）”，不足以判断规则，不据此提出operation。
3284,02御主\01已确认御主\01FSN\间桐雁夜\升华技-人体反应堆.png,analyzed,6,升华技-人体反应堆｜逐条语义审阅：人体反应堆 你的基础牌的魔力消耗+3且威力+4。 行动阶段：如果你已【崩坏】，你可花费4点魔力将牌堆顶 的那张牌加入攻击。 战斗阶段：如果你在【魔术工房】，你可以移动至宿敌所在 的战场。
3285,02御主\01已确认御主\01FSN\间桐雁夜\头像.png,unclear,6,OCR不明：头像；现有转写为“（未识别到文字）”，不足以判断规则，不据此提出operation。
3286,02御主\01已确认御主\01FSN\间桐雁夜\宿敌与崩坏 (1).png,analyzed,6,宿敌与崩坏 (1)｜逐条语义审阅：崩坏 准备阶段：你必须使用此能力。将你的技能区和手牌混在 一起随机抽取一张。如果该牌是攻击牌，则其将作为本回 合必须使用的牌（可以打出或盖牌）。该牌威力+3。
3287,02御主\01已确认御主\01FSN\间桐雁夜\宿敌与崩坏 (2).png,analyzed,6,宿敌与崩坏 (2)｜逐条语义审阅：宿敌 你不能于自己回合从间桐雁夜所在的战场上离开。 间桐雁夜与你战斗时将威力-2。当间桐雁夜战胜你时，其 获得3点战果。 当你在游戏中被淘汰时，间桐雁夜获得4点战果并【崩坏】。
3288,02御主\01已确认御主\01FSN\间桐雁夜\间桐雁夜.png,analyzed,6,间桐雁夜｜逐条语义审阅：间桐雁夜 刻印虫－当你部署于魔术工房时额外增加2点魔力。当你进行常 规移动时，每一步将额外消耗1点魔力。 虚妄梦境-在游戏开始时，你右边的玩家将成为你的【宿敌】。
3289,02御主\01已确认御主\01FSN\间桐雁夜\雁夜立牌.png,unclear,6,OCR不明：雁夜立牌；现有转写为“（未识别到文字）”，不足以判断规则，不据此提出operation。
3290,02御主\01已确认御主\01FSN\阿尔托莉雅\saber.png,analyzed,6,saber｜逐条语义审阅：阿尔托莉雅·潘德拉贡 扭蛋世界-将一张【幸运】洗入牌堆。 辉白之钢-你的基础攻击威力+1。 花之旅途-高潮回合时，你的合计威力+4。
3291,02御主\01已确认御主\01FSN\阿尔托莉雅\升华技-都牟刈村正.png,analyzed,6,升华技-都牟刈村正｜逐条语义审阅：米 力量 宝具 都牟刘村正 X 4 （将此牌加入你的技能区） X为你控制的其他攻击的印刷基础威力之和。 无元剑制-此牌需追加打出。
3292,02御主\01已确认御主\01FSN\阿尔托莉雅\头像.png,unclear,6,OCR不明：头像；现有转写为“（未识别到文字）”，不足以判断规则，不据此提出operation。
3293,02御主\01已确认御主\01FSN\阿尔托莉雅\立牌.png,unclear,6,OCR不明：立牌；现有转写为“（未识别到文字）”，不足以判断规则，不据此提出operation。
3294,02御主\01已确认御主\01FSN\阿特拉姆\ATK-燃料 (1).png,analyzed,6,ATK-燃料 (1)｜逐条语义审阅：特殊 燃料 唯一/打出时：战斗阶段结束后，移除此牌并获得1点魔力。
3295,02御主\01已确认御主\01FSN\阿特拉姆\ATK-燃料 (2).png,analyzed,6,ATK-燃料 (2)｜逐条语义审阅：特殊 燃料 唯一/打出时：战斗阶段结束后，移除此牌并获得1点魔力。
3296,02御主\01已确认御主\01FSN\阿特拉姆\ATK-燃料 (3).png,analyzed,6,ATK-燃料 (3)｜逐条语义审阅：特殊 燃料 唯一/打出时：战斗阶段结束后，移除此牌并获得1点魔力。
3297,02御主\01已确认御主\01FSN\阿特拉姆\代价魔术.png,analyzed,6,代价魔术｜逐条语义审阅：代价魔术 外置回路-游戏开始时，选择一个你从者技能区的技能移 除并秘密宣言一个回合。宣言的回合开始时，将被移除的 技能加入你从者的技能区并令其魔力消耗于本局游戏-X。 X为宣言的回合数-1且不能超过其印刷魔力消耗的一半。
3298,02御主\01已确认御主\01FSN\阿特拉姆\升华技-天候魔术.png,analyzed,6,升华技-天候魔术｜逐条语义审阅：天候魔术 原始电池-行动阶段：令你的一张区特殊攻击获得以下效果至回合结束： 【超载】：再次使用其的一项行动阶段或战斗阶段能力。 【电手】：将其基本威力更改为5。 【巨网】：所有对手无法离开或进入你所在的地点，除非支付一枚令咒。 你可以支付2点魔力额外使用一次原始电池。
3299,02御主\01已确认御主\01FSN\阿特拉姆\头像.png,unclear,6,OCR不明：头像；现有转写为“（未识别到文字）”，不足以判断规则，不据此提出operation。
3300,02御主\01已确认御主\01FSN\阿特拉姆\立牌.png,unclear,6,OCR不明：立牌；现有转写为“（未识别到文字）”，不足以判断规则，不据此提出operation。
3301,02御主\01已确认御主\01FSN\阿特拉姆\阿特拉姆.png,analyzed,6,阿特拉姆｜逐条语义审阅：阿特拉姆·加里阿斯塔 富可敌国-你拥有【代价魔术】。 原始咒术-第一回合开始时，跳过你的常规抽牌，改为将三 张游戏外的【燃料】加入你的手牌。
3302,02御主\01已确认御主\01FSN\阿特拉姆\魔术token\httpcloud3steamusercontentcomugc1820041899530534353318189564DB3A8D2AE9312247E0DB0A40FC94C4D.png,unclear,6,OCR不明：httpcloud3steamusercontentcomugc1820041899530534353318189564DB3A8D2AE9312247E0DB0A40FC94C4D；现有转写为“hm”，不足以判断规则，不据此提出operation。
3303,02御主\01已确认御主\01FSN\阿特拉姆\魔术token\httpcloud3steamusercontentcomugc1820041899530535219F939A7AA1B3DED63EC6B8F8FE8BD2449327D8A9D.png,unclear,6,OCR不明：httpcloud3steamusercontentcomugc1820041899530535219F939A7AA1B3DED63EC6B8F8FE8BD2449327D8A9D；现有转写为“（未识别到文字）”，不足以判断规则，不据此提出operation。
3304,02御主\01已确认御主\01FSN\阿特拉姆\魔术token\httpcloud3steamusercontentcomugc1820041899530535767047B2C5E994A994218B9E76966F1380EA860EE40.png,unclear,6,OCR不明：httpcloud3steamusercontentcomugc1820041899530535767047B2C5E994A994218B9E76966F1380EA860EE40；现有转写为“ML”，不足以判断规则，不据此提出operation。
3305,02御主\01已确认御主\01FSN\阿特拉姆\魔术token\httpcloud3steamusercontentcomugc18200418995305361771DAF5A839E50A73CF7EF32EA5BA9D2E4B8ECD1A6.png,unclear,6,OCR不明：httpcloud3steamusercontentcomugc18200418995305361771DAF5A839E50A73CF7EF32EA5BA9D2E4B8ECD1A6；现有转写为“nM”，不足以判断规则，不据此提出operation。
3306,02御主\01已确认御主\01FSN\阿特拉姆\魔术token\httpcloud3steamusercontentcomugc18200418995305365525141AF8B6AD3C171DECDC7D9A4994BA110AD37E9.png,unclear,6,OCR不明：httpcloud3steamusercontentcomugc18200418995305365525141AF8B6AD3C171DECDC7D9A4994BA110AD37E9；现有转写为“WL 5 hm”，不足以判断规则，不据此提出operation。
3307,02御主\01已确认御主\01FSN\阿特拉姆\魔术token\httpcloud3steamusercontentcomugc18200418995305369738010B7D1A0984F181E5D10BD08C230BD7E8A6D36.png,unclear,6,OCR不明：httpcloud3steamusercontentcomugc18200418995305369738010B7D1A0984F181E5D10BD08C230BD7E8A6D36；现有转写为“ML”，不足以判断规则，不据此提出operation。
3308,02御主\01已确认御主\01FSN\阿特拉姆\魔术token\httpcloud3steamusercontentcomugc182004189953053732434B09B89F05E5B150C6EDE71762152E839E6CA3D.png,unclear,6,OCR不明：httpcloud3steamusercontentcomugc182004189953053732434B09B89F05E5B150C6EDE71762152E839E6CA3D；现有转写为“WL”，不足以判断规则，不据此提出operation。
3309,02御主\01已确认御主\01FSN\阿特拉姆\魔术token\httpcloud3steamusercontentcomugc1820041899530540116F0E8CEE413CE3C8437C1B3446DC5ADE6ADF8FB84.png,unclear,6,OCR不明：httpcloud3steamusercontentcomugc1820041899530540116F0E8CEE413CE3C8437C1B3446DC5ADE6ADF8FB84；现有转写为“8”，不足以判断规则，不据此提出operation。
3310,02御主\01已确认御主\01FSN\阿特拉姆\魔术token\httpcloud3steamusercontentcomugc182004189953054065783E9FB542DEA585ACE3F799BA5161B2F7CC543DF.png,unclear,6,OCR不明：httpcloud3steamusercontentcomugc182004189953054065783E9FB542DEA585ACE3F799BA5161B2F7CC543DF；现有转写为“nM”，不足以判断规则，不据此提出operation。
3311,02御主\01已确认御主\01FSN\阿特拉姆\魔术token\httpcloud3steamusercontentcomugc1820041899530541023286AA065AF02DDFA62E664DEE2C85D4D68204D6F.png,unclear,6,OCR不明：httpcloud3steamusercontentcomugc1820041899530541023286AA065AF02DDFA62E664DEE2C85D4D68204D6F；现有转写为“10 nN”，不足以判断规则，不据此提出operation。
3312,02御主\01已确认御主\01FSN\阿特拉姆\魔术token\httpcloud3steamusercontentcomugc1820041899530541396A66F8D075B31FA2C4E137CF9BB929DB0FE4DB1A3.png,unclear,6,OCR不明：httpcloud3steamusercontentcomugc1820041899530541396A66F8D075B31FA2C4E137CF9BB929DB0FE4DB1A3；现有转写为“1”，不足以判断规则，不据此提出operation。
3313,02御主\01已确认御主\01FSN\阿特拉姆\魔术token\背面.png,unclear,6,OCR不明：背面；现有转写为“M”，不足以判断规则，不据此提出operation。
3314,02御主\01已确认御主\01FSN\雨生龙之介\升华技-渎神者.png,analyzed,6,升华技-渎神者｜逐条语义审阅：特殊 渎神者 10 3K （将此牌加入你的技能区） 行动阶段：花费2X点魔力。弃置一张你所在战场战果为X的 事件牌。之后在该战场的对手于战斗阶段失去地利和X点战 果且合计威力-2X。
3315,02御主\01已确认御主\01FSN\雨生龙之介\头像.png,unclear,6,OCR不明：头像；现有转写为“（未识别到文字）”，不足以判断规则，不据此提出operation。
3316,02御主\01已确认御主\01FSN\雨生龙之介\死之艺术3.1更新.png,analyzed,6,死之艺术3.1更新｜逐条语义审阅：死之艺术 生命虹吸-行动阶段：放弃你的地利位置，获得2点战果或等 于该地利位置数+2的魔力，然后关闭【死之艺术】。
3317,02御主\01已确认御主\01FSN\雨生龙之介\死之艺术未激活.png,non_rule,6,非规则/静态素材：死之艺术未激活；转写“死亡之美”，未发现可执行的阶段能力。
3318,02御主\01已确认御主\01FSN\雨生龙之介\雨生龙之介.png,analyzed,6,雨生龙之介｜逐条语义审阅：雨生龙之介 连环杀手-游戏开始时你得到【死之艺术】.你不能从魔术 工房获得魔力.每当你部署在魔术工房或战斗胜利时，激活 【死之艺术】.
3319,02御主\01已确认御主\01FSN\雨生龙之介\龙之介立牌.png,unclear,6,OCR不明：龙之介立牌；现有转写为“（未识别到文字）”，不足以判断规则，不据此提出operation。
3320,02御主\01已确认御主\01FSN\露维娅\3.2更新兰开夏流派 (1).png,analyzed,6,3.2更新兰开夏流派 (1)｜逐条语义审阅：米 力量 4& 兰开夏流派 被动/行动阶段：若你于本回合打出了米力量攻击或另一张 【兰开夏流派】，花费2点魔力打出此牌。
3321,02御主\01已确认御主\01FSN\露维娅\3.2更新兰开夏流派 (2).png,analyzed,6,3.2更新兰开夏流派 (2)｜逐条语义审阅：敏捷 4& 兰开夏流派 被动/行动阶段：若你于本回合打出了&敏捷攻击或另一张 【兰开夏流派】，花费2点魔力打出此牌。
3322,02御主\01已确认御主\01FSN\露维娅\3.2更新宝石魔术.jpg,analyzed,6,3.2更新宝石魔术｜逐条语义审阅：宝石魔术 游戏开始时，将两张游戏外的【阴弹】放置于此牌上， 当你通过部署于魔术工房时或局势牌获得魔力时，你可 以改为将等量的【阴無弹】从游戏外放置于此牌上。 宝石倾泻-行动阶段：打出任意张此牌上的【阴弹】。
3323,02御主\01已确认御主\01FSN\露维娅\3.2更新阴炁弹.jpg,analyzed,6,3.2更新阴炁弹｜逐条语义审阅：X魔术 阴熙弹 1K 0 <每局游戏限一次>
3324,02御主\01已确认御主\01FSN\露维娅\3.2更新露维娅.png,analyzed,6,3.2更新露维娅｜逐条语义审阅：露维亚瑟琳塔·艾德费尔特 淑女起重机-游戏开始时将两张【兰开夏流派】洗入牌库。 矿石传承-你拥有【宝石魔术】。 世上最优美的鬣狗-你常规移动至进行争夺战的战场时， 可以令每一步的移动成本-1，若如此做，你无法以移动 离开该战场。
3325,02御主\01已确认御主\01FSN\露维娅\3.3更新宝石魔术.png,analyzed,6,3.3更新宝石魔术｜逐条语义审阅：宝石魔术 游戏开始时，将两张游戏外的【阴弹】放置于此牌上。 当你通过部署于魔术工房时或局势牌获得魔力时，你可 以改为将等量的【阴弹】从游戏外放置于此牌上。 宝石倾泻-行动阶段：打出至多3张【阴弹】，高潮 阶段时，改为打出任意张【阴弹】。
3326,02御主\01已确认御主\01FSN\露维娅\48立牌.png,unclear,6,OCR不明：48立牌；现有转写为“2235”，不足以判断规则，不据此提出operation。
3327,02御主\01已确认御主\01FSN\露维娅\升华技-矿石的极致.png,analyzed,6,升华技-矿石的极致｜逐条语义审阅：矿石的极致 解锁此技能后，立即将你手牌、牌堆、弃牌库中的×魔术 基础牌移除游戏，然后将你洗入牌库的两张【兰开夏流派】 从任意处加入你的技能区，它们成为技能并获得“你拥有 的魔力少于8点也可以使用此牌” 你可以通过工房或局势牌同时获得魔力和【阴弹】。
3328,02御主\01已确认御主\01FSN\露维娅\头像.png,unclear,6,OCR不明：头像；现有转写为“（未识别到文字）”，不足以判断规则，不据此提出operation。
3329,02御主\01已确认御主\01FSN\露维娅\旧\3.2更新ATK-兰开夏流派红.jpg,analyzed,6,3.2更新ATK-兰开夏流派红｜逐条语义审阅：米 力量 4& 兰开夏流派 被动/行动阶段：若你于本回合打出了米力量攻击或另一张 【兰开夏流派】，花费2点魔力打出此牌。
3330,02御主\01已确认御主\01FSN\露维娅\旧\3.2更新ATK-兰开夏流派绿.jpg,analyzed,6,3.2更新ATK-兰开夏流派绿｜逐条语义审阅：敏捷 4& 兰开夏流派 被动/行动阶段：若你于本回合打出了敏捷攻击或另一张 【兰开夏流派】，花费2点魔力打出此牌。
3331,02御主\01已确认御主\01FSN\露维娅\旧\ATK-阴炁弹 (1).png,analyzed,6,ATK-阴炁弹 (1)｜逐条语义审阅：魔术 阴熙弹 1& 宝石魔术-被动/行动阶段：花费1点魔力，打出此牌。
3332,02御主\01已确认御主\01FSN\露维娅\旧\ATK-阴炁弹 (2).png,analyzed,6,ATK-阴炁弹 (2)｜逐条语义审阅：魔术 阴熙弹 1& 宝石魔术-被动/行动阶段：花费1点魔力，打出此牌。
3333,02御主\01已确认御主\01FSN\露维娅\旧\atk-兰开夏流派 (1).png,analyzed,6,atk-兰开夏流派 (1)｜逐条语义审阅：敏捷 4& 兰开夏流派 淑女起重机-被动/行动阶段：若你于本回合打出了&每 敏捷攻 击或另一张【兰开夏流派】，花费2点魔力打出此牌。
3334,02御主\01已确认御主\01FSN\露维娅\旧\atk-兰开夏流派 (2).png,analyzed,6,atk-兰开夏流派 (2)｜逐条语义审阅：米 力量 3& 兰开夏流派 淑女起重机-被动/行动阶段：若你于本回合打出了米力量攻 击或另一张【兰开夏流派】，花费2点魔力打出此牌。
3335,02御主\01已确认御主\01FSN\露维娅\旧\atk-兰开夏流派 (3).png,analyzed,6,atk-兰开夏流派 (3)｜逐条语义审阅：米 力量 4& 兰开夏流派 淑女起重机-被动/行动阶段：若你于本回合打出了米力量攻 击或另一张【兰开夏流派】，花费2点魔力打出此牌。
3336,02御主\01已确认御主\01FSN\露维娅\旧\atk-兰开夏流派 (4).png,analyzed,6,atk-兰开夏流派 (4)｜逐条语义审阅：敏捷 兰开夏流派 O 3V 淑女起重机-被动/行动阶段：若你于本回合打出了&敏捷攻 击或另一张【兰开夏流派】，花费2点魔力打出此牌。
3337,02御主\01已确认御主\01FSN\露维娅\旧\升华技-矿石的极致.png,analyzed,6,升华技-矿石的极致｜逐条语义审阅：矿石的极致 解锁此技能后，立即将你手牌、牌堆、弃牌库中的×魔术 基础牌移除游戏。 宝石魔术·对影-你的手牌上限更改为4。你的【阴弹】 威力+2且宝石魔术不再花费魔力。你移动至一处有两名以 上交战对手的战场时不需花费魔力。
3338,02御主\01已确认御主\01FSN\露维娅\旧\露维娅.png,analyzed,6,露维娅｜逐条语义审阅：露维亚瑟琳塔·艾德费尔特 世上最优美的鬣狗-将四张【兰开夏流派】洗入你的牌库。 矿石传承-将两张【阴弹】洗入你的牌库。 竞技场中的猎犬-当你移动至一处战场时，若此战场已有 两名以上的对手且处于交战状态，你本回合于此战场获得 胜利时，额外获得2点战果。
3339,02御主\01已确认御主\01FSN\韦伯\升华技-埃尔梅罗.png,analyzed,6,升华技-埃尔梅罗｜逐条语义审阅：埃尔梅罗二世事件簿 前哨阶段：预测本回合每处战场的获胜者，每预测正确一次 便获得2点战果。本回合你无法从侦察获得战果。 前哨阶段：花费5点魔力，此阶段结束时，所有与你位于同 一地点的玩家随机弃置2张牌（包括你）。
3340,02御主\01已确认御主\01FSN\韦伯\头像.png,unclear,6,OCR不明：头像；现有转写为“（未识别到文字）”，不足以判断规则，不据此提出operation。
3341,02御主\01已确认御主\01FSN\韦伯\韦伯.png,analyzed,6,韦伯｜逐条语义审阅：韦伯·维尔维特 鉴识眼-你可观看背面朝上的事件牌。 战略部署-前哨阶段：你能支付1魔力来抽2张牌。 调查-前哨阶段：查看一位玩家的手牌。你可选择其中一 张牌放于其拥有者的牌库顶部，若如此，下回合你不可进 行【调查】。
3342,02御主\01已确认御主\01FSN\韦伯\韦伯立牌.png,unclear,6,OCR不明：韦伯立牌；现有转写为“（未识别到文字）”，不足以判断规则，不据此提出operation。
3343,02御主\01已确认御主\02FGO\佩佩\佩佩.png,analyzed,6,佩佩｜逐条语义审阅：斯堪的纳维亚·佩佩隆奇诺 隐匿者-你负责【印度异闻带】。 心理论-你可查看对手的弃牌堆。 身体论-行动阶段：花费2点魔力，合计威力+3，若可能则沿 着箭头移动一步。
3344,02御主\01已确认御主\02FGO\佩佩\佩佩立牌.png,unclear,6,OCR不明：佩佩立牌；现有转写为“（未识别到文字）”，不足以判断规则，不据此提出operation。
3345,02御主\01已确认御主\02FGO\佩佩\升华技-涅槃.png,analyzed,6,升华技-涅槃｜逐条语义审阅：涅繁 你的对手不会受到印度事件牌的影响。 虚空论-前哨阶段：移除【时代轮回】的一张事件牌，获得2 点魔力且合计威力+3。 强制扩张-行动阶段：花费7点魔力，使印度异闻带的【尺寸】 永久+1。
3346,02御主\01已确认御主\02FGO\佩佩\印度异闻带 (1).png,analyzed,6,印度异闻带 (1)｜逐条语义审阅：O 神之空岩 【印度】 当此牌因扩张出场时，改为将此牌与你所在地点的一张 事件牌一起移除游戏。在任何【时代】更改前，你可以 令因【神之空岩】被移除的事件牌战果翻倍并替换【时 代轮回】中的一张事件牌。
3347,02御主\01已确认御主\02FGO\佩佩\印度异闻带 (10).png,analyzed,6,印度异闻带 (10)｜逐条语义审阅：衰败的城镇 【印度】 若佩佩隆奇诺部署于此，其获得地利+X。他不能从此地点 离开。
3348,02御主\01已确认御主\02FGO\佩佩\印度异闻带 (2).png,analyzed,6,印度异闻带 (2)｜逐条语义审阅：凋零的平原 【印度】 若佩佩隆奇诺赢得另一处战场的胜利或回合结束时位于侦察， 此牌进入弃牌堆，而不会被移除游戏。
3349,02御主\01已确认御主\02FGO\佩佩\印度异闻带 (3).png,analyzed,6,印度异闻带 (3)｜逐条语义审阅：2 乳海 【印度】 行动阶段结束时，此战场所有未使用 宝具的玩家【败北】
3350,02御主\01已确认御主\02FGO\佩佩\印度异闻带 (4).png,analyzed,6,印度异闻带 (4)｜逐条语义审阅：1 莲池 【印度】 若此事件牌未因扩张出场，抽取另一张事件牌放置于此战场。 本回合从手牌打出的米力量攻击于此战场获得威力+X（效果 打出的无效）。
3351,02御主\01已确认御主\02FGO\佩佩\印度异闻带 (5).png,analyzed,6,印度异闻带 (5)｜逐条语义审阅：1 莲池 【印度】 若此事件牌未因扩张出场，抽取另一张事件牌放置于此战场。 本回合从手牌打出的米力量攻击于此战场获得威力+X（效果 打出的无效）。
3352,02御主\01已确认御主\02FGO\佩佩\印度异闻带 (6).png,analyzed,6,印度异闻带 (6)｜逐条语义审阅：1 猎场 【印度】 若此事件牌未因扩张出场，抽取另一张事件牌放置于此战场。 本回合从手牌打出的&迅捷攻击于此战场获得威力+X（效果 打出的无效）。
3353,02御主\01已确认御主\02FGO\佩佩\印度异闻带 (7).png,analyzed,6,印度异闻带 (7)｜逐条语义审阅：1 猎场 【印度】 若此事件牌未因扩张出场，抽取另一张事件牌放置于此战场。 本回合从手牌打出的&迅捷攻击于此战场获得威力+X（效果 打出的无效）。
3354,02御主\01已确认御主\02FGO\佩佩\印度异闻带 (8).png,analyzed,6,印度异闻带 (8)｜逐条语义审阅：1 实地考察 【印度】 若此事件牌未因扩张出场，抽取另一张事件牌放置于此战场。 本回合从手牌打出的×魔术攻击于此战场获得威力+X（效果 打出的无效）。
3355,02御主\01已确认御主\02FGO\佩佩\印度异闻带 (9).png,analyzed,6,印度异闻带 (9)｜逐条语义审阅：1 实地考察 【印度】 若此事件牌未因扩张出场，抽取另一张事件牌放置于此战场。 本回合从手牌打出的×魔术攻击于此战场获得威力+X（效果 打出的无效）。
3356,02御主\01已确认御主\02FGO\佩佩\印度异闻带.png,analyzed,6,印度异闻带｜逐条语义审阅：印度异闻带 扩张－从【时代轮回】中随机选择一张事件牌加入你所在的 战场。战斗结束后，若你未获得该事件的胜利将该事件牌移 除游戏，若你赢得该事件胜利且该事件牌进入事件弃牌堆， 此异闻带的【尺寸】永久+1。
3357,02御主\01已确认御主\02FGO\佩佩\头像 (1).png,unclear,6,OCR不明：头像 (1)；现有转写为“（未识别到文字）”，不足以判断规则，不据此提出operation。
3358,02御主\01已确认御主\02FGO\佩佩\时代轮回 (1).png,analyzed,6,时代轮回 (1)｜逐条语义审阅：二分时代 回合8-9：印度事件牌的X为2。 若可能将凋零的平原和衰落的城镇放于时代轮回上。
3359,02御主\01已确认御主\02FGO\佩佩\时代轮回 (10).png,analyzed,6,时代轮回 (10)｜逐条语义审阅：时代轮回 你的准备阶段将【时代】改为适合当前回合的。 神明裁判-每回合第一次，佩佩隆奇诺进入任一战场时，他 进行【扩张】。回合结束时，若你未进行扩张，移除此牌上 的一张的事件牌。
3360,02御主\01已确认御主\02FGO\佩佩\时代轮回 (6).png,analyzed,6,时代轮回 (6)｜逐条语义审阅：审判时代 回合11：印度事件牌的X为印度的【尺寸】。 异闻带尺寸0-1：佩佩隆奇诺合计威力-10。 异闻带尺寸3+：佩佩隆奇诺从剩余的事件牌库中选择一张放 置于深山町。 异闻带尺寸5+：佩佩隆奇诺合计威力+5。
3361,02御主\01已确认御主\02FGO\佩佩\时代轮回 (7).png,analyzed,6,时代轮回 (7)｜逐条语义审阅：争斗时代 回合10：印度事件牌的X为1。 若可能将乳海放于时代轮回上。
3362,02御主\01已确认御主\02FGO\佩佩\时代轮回 (8).png,analyzed,6,时代轮回 (8)｜逐条语义审阅：三分时代 回合5-7：印度事件牌的X为3。 若可能将莲池、猎场、实地考察各一张放于时代轮回上。
3363,02御主\01已确认御主\02FGO\佩佩\时代轮回 (9).png,analyzed,6,时代轮回 (9)｜逐条语义审阅：圆满时代 回合1-4：印度事件牌的X为4。 若可能将莲池、猎场、实地考察、神之空岩各一张放于时代 轮回上。
3364,02御主\01已确认御主\02FGO\卡多克\事件-俄罗斯异闻带 (1).png,analyzed,6,事件-俄罗斯异闻带 (1)｜逐条语义审阅：皇帝敕令 【俄罗斯】 在此战场发生战斗后，不位于此战场的玩家失去 2点战果。不位于任何战场的玩家失去所有本回 合获得的战果。
3365,02御主\01已确认御主\02FGO\卡多克\事件-俄罗斯异闻带 (2).png,analyzed,6,事件-俄罗斯异闻带 (2)｜逐条语义审阅：3 适者生存 【俄罗斯】 玩家无法从此战场离开， 此战场的战败者失去3点战果。
3366,02御主\01已确认御主\02FGO\卡多克\事件-俄罗斯异闻带 (3).png,analyzed,6,事件-俄罗斯异闻带 (3)｜逐条语义审阅：3 适者生存 【俄罗斯】 玩家无法从此战场离开， 此战场的战败者失去3点战果。
3367,02御主\01已确认御主\02FGO\卡多克\事件-俄罗斯异闻带 (4).png,analyzed,6,事件-俄罗斯异闻带 (4)｜逐条语义审阅：1 冻土 【俄罗斯】 部署于此战场的玩家立即失去2点魔力。 进入此战场的玩家失去2点魔力。
3368,02御主\01已确认御主\02FGO\卡多克\事件-俄罗斯异闻带 (5).png,analyzed,6,事件-俄罗斯异闻带 (5)｜逐条语义审阅：1 冻土 【俄罗斯】 部署于此战场的玩家立即失去2点魔力。 进入此战场的玩家失去2点魔力。
3369,02御主\01已确认御主\02FGO\卡多克\事件-俄罗斯异闻带 (6).png,analyzed,6,事件-俄罗斯异闻带 (6)｜逐条语义审阅：1 冻土 【俄罗斯】 部署于此战场的玩家立即失去2点魔力。 进入此战场的玩家失去2点魔力。
3370,02御主\01已确认御主\02FGO\卡多克\事件-俄罗斯异闻带 (7).png,analyzed,6,事件-俄罗斯异闻带 (7)｜逐条语义审阅：1 冻土 【俄罗斯】 部署于此战场的玩家立即失去2点魔力。 进入此战场的玩家失去2点魔力。
3371,02御主\01已确认御主\02FGO\卡多克\事件-俄罗斯异闻带 (8).png,analyzed,6,事件-俄罗斯异闻带 (8)｜逐条语义审阅：1 冻土 【俄罗斯】 部署于此战场的玩家立即失去2点魔力。 进入此战场的玩家失去2点魔力。
3372,02御主\01已确认御主\02FGO\卡多克\事件-俄罗斯异闻带 (9).png,analyzed,6,事件-俄罗斯异闻带 (9)｜逐条语义审阅：皇帝敕令 【俄罗斯】 在此战场发生战斗后，不位于此战场的玩家失去 2点战果。不位于任何战场的玩家失去所有本回 合获得的战果。
3373,02御主\01已确认御主\02FGO\卡多克\俄罗斯异闻带提示.png,analyzed,6,俄罗斯异闻带提示｜逐条语义审阅：俄罗斯异闻带 扩张-抽2张事件牌并展示。你可以将游戏外的【俄罗斯】 事件牌替换其中一张，然后将它们洗回事件牌堆。同时满 足【扩张】条件的玩家需要同步执行【扩张】。
3374,02御主\01已确认御主\02FGO\卡多克\升华技-快速扩张.png,analyzed,6,升华技-快速扩张｜逐条语义审阅：魔術 快速扩张 8 5K （将此牌加入你的技能区） 被动：你位于【俄罗斯】战场时合计威力+5。 行动阶段：将一张【俄罗斯】事件牌从游戏外放入你所在的 战场（视为一次扩张）。若你无法做到，改为获得5点战果。
3375,02御主\01已确认御主\02FGO\卡多克\卡多克.png,analyzed,6,卡多克｜逐条语义审阅：卡多克·泽姆露普斯 隐匿者-你负责【俄罗斯异闻带】。当你赢得一场战斗时， 进行【扩张】。在游戏开始时，【扩张】两次。你不会受到 【俄罗斯】事件牌的影响。 缺乏自信-回合结束时若你位于魔术工房，则失去1点战果。
3376,02御主\01已确认御主\02FGO\卡多克\卡多克立牌.png,unclear,6,OCR不明：卡多克立牌；现有转写为“（未识别到文字）”，不足以判断规则，不据此提出operation。
3377,02御主\01已确认御主\02FGO\卡多克\头像.png,unclear,6,OCR不明：头像；现有转写为“美业”，不足以判断规则，不据此提出operation。
3378,02御主\01已确认御主\02FGO\咕哒夫\3.2更新藤丸立香.png,analyzed,6,3.2更新藤丸立香｜逐条语义审阅：藤丸立香 扭蛋奴隶-抽取从者后，从15张【精品】中移除3张。 前哨阶段：花费X点魔力，洗混【精品】并抽X+1张， 然后选择其中一张于本回合获得相应效果。
3379,02御主\01已确认御主\02FGO\咕哒夫\升华技-主的恩宠.png,analyzed,6,升华技-主的恩宠｜逐条语义审阅：001K 主的恩宠 立刻将此牌加入你的攻击。 永无止境-残留：此牌不会关闭。 腐】时，此牌的威力永久翻倍。
3380,02御主\01已确认御主\02FGO\咕哒夫\咕哒夫立牌.png,unclear,6,OCR不明：咕哒夫立牌；现有转写为“（未识别到文字）”，不足以判断规则，不据此提出operation。
3381,02御主\01已确认御主\02FGO\咕哒夫\头像.png,unclear,6,OCR不明：头像；现有转写为“（未识别到文字）”，不足以判断规则，不据此提出operation。
3382,02御主\01已确认御主\02FGO\咕哒夫\旧\藤丸立香.png,analyzed,6,藤丸立香｜逐条语义审阅：藤丸立香 扭蛋奴隶-前哨阶段：花费X点魔力。将所有【精品】洗混 然后抽X+1张。从中选择一张获得其效果直至回合结束。
3383,02御主\01已确认御主\02FGO\咕哒夫\精品卡\精品 (1).png,analyzed,6,精品 (1)｜逐条语义审阅：龙脉 获得3点魔力。 所有其他玩家获得1点魔力。
3384,02御主\01已确认御主\02FGO\咕哒夫\精品卡\精品 (10).png,analyzed,6,精品 (10)｜逐条语义审阅：断绝 将你的地利变为2倍。 你不可于自己的回合中移动。
3385,02御主\01已确认御主\02FGO\咕哒夫\精品卡\精品 (11).png,analyzed,6,精品 (11)｜逐条语义审阅：冥想 获得1点魔力。 从可获得的【精品】池中永久移除一张牌。
3386,02御主\01已确认御主\02FGO\咕哒夫\精品卡\精品 (12).png,analyzed,6,精品 (12)｜逐条语义审阅：暗澹 你所在地点的所有特殊属性基础牌的能力禁止使用。
3387,02御主\01已确认御主\02FGO\咕哒夫\精品卡\精品 (13).png,analyzed,6,精品 (13)｜逐条语义审阅：先制 若你赢得一场战斗，获得2点战果。若没有赢得战斗，则 失去1点战果。
3388,02御主\01已确认御主\02FGO\咕哒夫\精品卡\精品 (14).png,analyzed,6,精品 (14)｜逐条语义审阅：斗争 你不能获得魔力。 每有一名交战对手，合计威力便+1。
3389,02御主\01已确认御主\02FGO\咕哒夫\精品卡\精品 (15).png,analyzed,6,精品 (15)｜逐条语义审阅：良机 额外抽1张【精品】。你选择发动该牌两次。
3390,02御主\01已确认御主\02FGO\咕哒夫\精品卡\精品 (2).png,analyzed,6,精品 (2)｜逐条语义审阅：E BHEH H 连锁 你下次使用【扭蛋奴隶】时，可以选择其中2张获得其 效果。
3391,02御主\01已确认御主\02FGO\咕哒夫\精品卡\精品 (3).png,analyzed,6,精品 (3)｜逐条语义审阅：闪光 你的技能牌获得威力+3。 你的基础牌威力-1。
3392,02御主\01已确认御主\02FGO\咕哒夫\精品卡\精品 (4).png,analyzed,6,精品 (4)｜逐条语义审阅：集中 你的迅捷攻击获得威力+2。 你的其他属性攻击威力-1。
3393,02御主\01已确认御主\02FGO\咕哒夫\精品卡\精品 (5).png,analyzed,6,精品 (5)｜逐条语义审阅：破坏 你的力量攻击获得威力+2。 你的其他属性攻击威力-1。
3394,02御主\01已确认御主\02FGO\咕哒夫\精品卡\精品 (6).png,analyzed,6,精品 (6)｜逐条语义审阅：技巧 你的魔术攻击获得威力+2。 你的其他属性攻击威力-1。
3395,02御主\01已确认御主\02FGO\咕哒夫\精品卡\精品 (7).png,analyzed,6,精品 (7)｜逐条语义审阅：麻婆豆腐 你的合计威力-2。 本回合从侦察处获得的战果+2。
3396,02御主\01已确认御主\02FGO\咕哒夫\精品卡\精品 (8).png,analyzed,6,精品 (8)｜逐条语义审阅：心 欺瞒 战斗阶段：激活你的一张暗置牌（支付其魔力消耗）。
3397,02御主\01已确认御主\02FGO\咕哒夫\精品卡\精品 (9).png,analyzed,6,精品 (9)｜逐条语义审阅：顽强 你的合计威力-3。 你可无视【败北】效果。
3398,02御主\01已确认御主\02FGO\咕哒夫\精品卡\精品牌背.png,unclear,6,OCR不明：精品牌背；现有转写为“C”，不足以判断规则，不据此提出operation。
3399,02御主\01已确认御主\02FGO\咕哒子\升华技-连击.png,analyzed,6,升华技-连击｜逐条语义审阅：A uick rts B uster 连锁指令 行动阶段：如果你打出两张具有相同属性的卡牌，根据相同 的属性激活以下其中一种效果： 米力量：合计威力+3。 Q 迅捷：下一回合，合计威力+5。 ×魔术：获得2点魔力。
3400,02御主\01已确认御主\02FGO\咕哒子\咕哒子立牌.png,unclear,6,OCR不明：咕哒子立牌；现有转写为“（未识别到文字）”，不足以判断规则，不据此提出operation。
3401,02御主\01已确认御主\02FGO\咕哒子\头像.png,unclear,6,OCR不明：头像；现有转写为“（未识别到文字）”，不足以判断规则，不据此提出operation。
3402,02御主\01已确认御主\02FGO\咕哒子\藤丸立香.png,analyzed,6,藤丸立香｜逐条语义审阅：藤丸立香 扭蛋女皇-游戏开始时你抽取2名从者。将二者的牌堆组合在 一起，分配一名从者为【战士】，一名从者为【替补】。 【替补】从者的技能牌从游戏中移除。 支援－前哨阶段：弃置所有手牌，抽3张牌。将【战士】与【 替补】进行替换。
3403,02御主\01已确认御主\02FGO\奥尔加玛丽-异星神\3.5更新U-奥尔加玛丽.png,analyzed,6,3.5更新U-奥尔加玛丽｜逐条语义审阅：U－奥尔加玛丽 地球国家元首-你是【异星神】。当你于非高潮回合赢得 一场战斗时，进行【扩张】。 若你于第八回合结束时仍未进行过【扩张】，你淘汰。 神之使徒-游戏开始时，将【使徒·千子村正】【使徒· 拉斯普京】和【使徒·芦屋道满】加入你的技能区。
3404,02御主\01已确认御主\02FGO\奥尔加玛丽-异星神\3.5更新局势-白纸化.png,analyzed,6,3.5更新局势-白纸化｜逐条语义审阅：白纸化 高潮：剩余4+人 于深山町和新都增加一张正面事件牌。 除【异星神】外的玩家不受事件牌影响。 当一张事件牌被展示后，【异星神】可以选择于本回合不 受该事件牌影响。
3405,02御主\01已确认御主\02FGO\奥尔加玛丽-异星神\3.5更新异星神.png,analyzed,6,3.5更新异星神｜逐条语义审阅：GS 异星神 扩张-以游戏外的【异闻带】高潮局势牌替换一张相应的 高潮局势牌。 【异闻带】局势牌所使用的相应事件牌不视为相应异闻带 的事件牌。
3406,02御主\01已确认御主\02FGO\奥尔加玛丽-异星神\3.6更新升华技-重力圈.png,analyzed,6,3.6更新升华技-重力圈｜逐条语义审阅：重力圈 你只能在高潮回合前解锁此牌。此牌解锁后，若U-奥尔 加玛丽是你的第一名御主，你立即移除任意张神之使徒 和等量的从者技能，然后将对应的技能从游戏外加入你的 技能区。否则将所有神之使徒从游戏外加入你的技能区并 进行X次【扩张】（X为你本局游戏已赢得战斗的次数）。
3407,02御主\01已确认御主\02FGO\奥尔加玛丽-异星神\SKILL-使徒-千子村正.png,analyzed,6,SKILL-使徒-千子村正｜逐条语义审阅：米 力量 105k 使徒·千子村正 <每局游戏限一次> 焰-此牌需追加打出。
3408,02御主\01已确认御主\02FGO\奥尔加玛丽-异星神\SKILL-使徒-拉斯普京.png,analyzed,6,SKILL-使徒-拉斯普京｜逐条语义审阅：敏捷 4K 使徒·拉斯普京 2 <每局游戏限一次> 恶之代行者-行动阶段：移动至一处非魔术工房地点。 战斗阶段：+2合计威力。
3409,02御主\01已确认御主\02FGO\奥尔加玛丽-异星神\SKLII-使徒-芦屋道满.png,analyzed,6,SKLII-使徒-芦屋道满｜逐条语义审阅：魔术 3 3& 使徒·芦屋道满 <每局游戏限一次> 嘲笑之猫-行动阶段：将你的地利翻至三倍。若你获胜， 你战斗中的败者失去3点战果。
3410,02御主\01已确认御主\02FGO\奥尔加玛丽-异星神\httpcloud3steamusercontentcomugc24911301709620522358A41E78DA13FDABE54649E357706B9E9BEE0D10F.jpg,analyzed,6,httpcloud3steamusercontentcomugc24911301709620522358A41E78DA13FDABE54649E357706B9E9BEE0D10F｜逐条语义审阅：白纸化 高潮：剩余4+人 于深山町和新都各增加一张正面事件牌。仅有【异星神】从 事件牌中受到影响。
3411,02御主\01已确认御主\02FGO\奥尔加玛丽-异星神\httpcloud3steamusercontentcomugc2491130170962057087B7A2BD71A1C097DDA80446F3C3BB7D37C5399330.jpg,analyzed,6,httpcloud3steamusercontentcomugc2491130170962057087B7A2BD71A1C097DDA80446F3C3BB7D37C5399330｜逐条语义审阅：异闻带扩张 高潮：剩余3+人 无法部署/进入新都与侦查。魔术工房仅限一人部署。 于深山町增加一张正面事件牌。 使用【异闻带】牌堆为深山町抽取事件牌。抽取前，所有 隐匿者可进行一次【扩张】。
3412,02御主\01已确认御主\02FGO\奥尔加玛丽-异星神\httpcloud3steamusercontentcomugc2491130170962057740C31753E895730F0E3E6B873648F9FF62FC6EB298.jpg,analyzed,6,httpcloud3steamusercontentcomugc2491130170962057740C31753E895730F0E3E6B873648F9FF62FC6EB298｜逐条语义审阅：空想树 高潮：剩余2+人 无法部署/进入新都与侦查。魔术工房仅限一人部署。 于深山町增加两张正面事件牌。 使用【异闻带】牌堆为深山町抽取事件牌。若【异星神】赢 得本回合的战斗，其获得游戏胜利。
3413,02御主\01已确认御主\02FGO\奥尔加玛丽-异星神\升华技-千子村正.png,analyzed,6,升华技-千子村正｜逐条语义审阅：米 力量 宝具 无元剑制 5& 此牌需追加打出且局势牌无法阻止你打出此牌。 千锤百炼-行动阶段：花费6点魔力，移除你牌堆顶的3张牌 并令此牌获得被移除牌印刷威力之和的威力。
3414,02御主\01已确认御主\02FGO\奥尔加玛丽-异星神\升华技-拉斯普京.png,analyzed,6,升华技-拉斯普京｜逐条语义审阅：敏捷 宝具 2 6K 零落泛滥的暗黑心脏 局势牌无法阻止你打出此牌。 打出时：你可以移动至一处非魔术工房地点。 恶念祝祭-行动阶段：花费4点魔力，本回合所有获胜者无法 获得事件牌的战果。
3415,02御主\01已确认御主\02FGO\奥尔加玛丽-异星神\升华技-芦屋道满.png,analyzed,6,升华技-芦屋道满｜逐条语义审阅：魔术 宝具 3 3K 狂澜怒涛·恶灵左府 局势牌无法阻止你打出此牌。 打出时：将你的地利翻至三倍。若你获胜，你战斗中的败者 失去3点战果。 行动阶段：花费2点魔力，战斗阶段结束后，偷取与你位于同 一地点所有未进行战斗或战果多于你的其他玩家各1点战果。
3416,02御主\01已确认御主\02FGO\奥尔加玛丽-异星神\头像.png,unclear,6,OCR不明：头像；现有转写为“（未识别到文字）”，不足以判断规则，不据此提出operation。
3417,02御主\01已确认御主\02FGO\奥尔加玛丽-异星神\异星局势卡 (1).jpg,analyzed,6,异星局势卡 (1)｜逐条语义审阅：空想树 高潮：剩余2+人 无法部署/进入新都与侦查。魔术工房仅限一人部署。 于深山町增加两张正面事件牌。 使用【异闻带】牌堆为深山町抽取事件牌。若【异星神】赢 得本回合的战斗，其获得游戏胜利。
3418,02御主\01已确认御主\02FGO\奥尔加玛丽-异星神\异星局势卡 (3).jpg,analyzed,6,异星局势卡 (3)｜逐条语义审阅：异闻带扩张 高潮：剩余3+人 无法部署/进入新都与侦查。魔术工房仅限一人部署。 于深山町增加一张正面事件牌。 使用【异闻带】牌堆为深山町抽取事件牌。抽取前，所有 隐匿者可进行一次【扩张】。
3419,02御主\01已确认御主\02FGO\奥尔加玛丽-异星神\异星神.png,analyzed,6,异星神｜逐条语义审阅：异星神 地球国家元首-你拥有【空想具现】。当你于高潮阶段前赢 得一场战斗时，进行【扩张】。 第七之兽-游戏开始时，你拥有【神之使徒】；你总共可以 召唤两次【神之使徒】。
3420,02御主\01已确认御主\02FGO\奥尔加玛丽-异星神\异星神局势卡\异星神-事件卡 (1).png,analyzed,6,异星神-事件卡 (1)｜逐条语义审阅：O 泛人类史 【异星神】及所有隐匿者于此战场获得-7合计威力。 此牌展示时，抽取一张游戏外原用于此牌所在地点的事件 牌放置于此牌所在地点并于回合结束时将其移除游戏。
3421,02御主\01已确认御主\02FGO\奥尔加玛丽-异星神\异星神局势卡\异星神-事件卡 (2).png,analyzed,6,异星神-事件卡 (2)｜逐条语义审阅：人智统合真国 【中国】异闻带的隐匿者与【异星神】下述数值改为+5。 位于此战场的玩家于本回合打出的攻击（至少两张）每 满足以下条件，便获得+3合计威力： 1.至多包含两种属性。2.均为奇数或均为偶数。 3.包括【幸运】。 4.因局势牌或事件牌提升了威力。
3422,02御主\01已确认御主\02FGO\奥尔加玛丽-异星神\异星神局势卡\异星神-事件卡 (3).png,analyzed,6,异星神-事件卡 (3)｜逐条语义审阅：3 永久冻土帝国 【俄罗斯】异闻带的隐匿者与【异星神】不受此牌影响。 进入此战场的玩家立即失去2点魔力。（包括此牌被展示时） 战斗阶段结束后，此战场的战败者与不位于此战场的玩家 失去2点战果。
3423,02御主\01已确认御主\02FGO\奥尔加玛丽-异星神\异星神局势卡\异星神-事件卡 (4).png,analyzed,6,异星神-事件卡 (4)｜逐条语义审阅：4 无间冰焰世纪 【北欧】异闻带的隐匿者与【异星神】下述数值改为+4。 米力量、&敏捷和×魔术攻击于此战场获得+2威力。 （具有多种属性的攻击仍只受到一次加成。）
3424,02御主\01已确认御主\02FGO\奥尔加玛丽-异星神\异星神局势卡\异星神-事件卡 (5).png,analyzed,6,异星神-事件卡 (5)｜逐条语义审阅：4 创世灭亡轮回 【印度】异闻带的隐匿者与【异星神】不会因此事件牌 【败北】。本回合于常规出牌从手牌打出的非区特殊攻 击于此战场获得+4威力。行动阶段结束时，此战场所有 未使用 宝具的玩家【败北】。
3425,02御主\01已确认御主\02FGO\奥尔加玛丽-异星神\异星神局势卡\异星神-事件卡 (6).png,analyzed,6,"异星神-事件卡 (6)｜逐条语义审阅：3 神代巨神海洋 【亚特兰蒂斯】异闻带的隐匿者与【异星神】进入此战场 时获得3个【神之遗产】。 此战场的玩家获得：“行动阶段：获得9个【神之遗产】。 然后支付3X个【神之遗产】，获得X点合计威力（最大为3） 和支付4X个【神之遗产】，获得X点魔力。"""
3426,02御主\01已确认御主\02FGO\奥尔加玛丽-异星神\异星神局势卡\异星神-事件卡 (7).png,analyzed,6,异星神-事件卡 (7)｜逐条语义审阅：星间都市山脉 【奥林波斯】异闻带的隐匿者与【异星神】不会因此事 件牌【败北】。战力结算时，位于此战场合计威力低于 21且满足以下任意条件的玩家【败北】（该【败北】效 果不会被此事件牌以外的影响无视）： 1.于前哨阶段部署于此处。 2.未使用令咒。
3427,02御主\01已确认御主\02FGO\奥尔加玛丽-异星神\异星神局势卡\异星神-事件卡 (8).png,analyzed,6,异星神-事件卡 (8)｜逐条语义审阅：3 妖精圆桌领域 【不列颠】的新郎与【异星神】于此战场获得+3合计威力， 并在此战场发生战斗后获得3点魔力和3点战果。
3428,02御主\01已确认御主\02FGO\奥尔加玛丽-异星神\旧版技能\3.5更新升华技-重力圈.png,analyzed,6,3.5更新升华技-重力圈｜逐条语义审阅：重力圈 你只能在高潮回合前解锁此牌。此牌解锁后，若U-奥尔 加玛丽是你的第一名御主，你立即移除任意张神之使徒 和等量的从者技能，然后将与其属性对应的技能从游戏外 加入相应位置。否则，将所有神之使徒加入你的技能区并 进行X次【扩张】（X为你已赢得战斗的次数）。
3429,02御主\01已确认御主\02FGO\奥尔加玛丽-异星神\旧版技能\httpcloud3steamusercontentcomugc1829037132795764759C13C7ACA5DD7CEEE66D4F2BBEE00B3F4A1D0B9CC.png,analyzed,6,httpcloud3steamusercontentcomugc1829037132795764759C13C7ACA5DD7CEEE66D4F2BBEE00B3F4A1D0B9CC｜逐条语义审阅：空想具现 空想树之主-你拥有【异闻带】事件牌堆，当【异闻带】牌堆因 【扩张】或高潮局势牌影响被抽取或替换时，结束后，将其加人 单独的弃牌堆。当你没有【异闻带】牌堆时，将单独弃牌堆内的 牌加入。若【异闻带】牌堆不足且需要抽取【异闻带】牌堆时， 抽取原用于该战场的事件牌库替代。当【异闻带】事件牌加入战 场时，无论如何，不触发其【关键字】附带的相应效果。
3430,02御主\01已确认御主\02FGO\奥尔加玛丽-异星神\旧版技能\升华技-拟似星魂.png,analyzed,6,升华技-拟似星魂｜逐条语义审阅：拟似星魂 你的攻击获得+X威力，X为你本局已进行的【扩张】次数。 ·若异星神是你的第一名御主，回合结束时，若你位于 侦查，你可进行一次【扩张】。 ·若异星神不是你的第一名御主，X固定为3。
3431,02御主\01已确认御主\02FGO\奥尔加玛丽-异星神\旧版技能\异星局势卡 (2).jpg,analyzed,6,异星局势卡 (2)｜逐条语义审阅：白纸化 高潮：剩余4+人 于深山町和新都各增加一张正面事件牌。仅有【异星神】从 事件牌中受到影响。
3432,02御主\01已确认御主\02FGO\奥尔加玛丽-异星神\旧版技能\异闻带战场\异闻带战场 (1).png,analyzed,6,异闻带战场 (1)｜逐条语义审阅：4 印度异闻带 【印度】 本回合从手牌打出的米×攻击于此战场获得的威力+4（效果 打出的无效）。 行动阶段结束时，除【异星神】或负责该异闻带的隐匿者，此战场 所有未使用 宝具的玩家【败北】。
3433,02御主\01已确认御主\02FGO\奥尔加玛丽-异星神\旧版技能\异闻带战场\异闻带战场 (2).png,analyzed,6,异闻带战场 (2)｜逐条语义审阅：O 泛人类史 【异星神】及隐匿者于此战斗威力-7 该事件牌被揭示时，从原用于该战场的事件牌库中抽一张 事件牌并弃置。该牌获得因此被弃置的事件牌的卡牌文字 效果及战果点数。
3434,02御主\01已确认御主\02FGO\奥尔加玛丽-异星神\旧版技能\异闻带战场\异闻带战场 (3).png,analyzed,6,异闻带战场 (3)｜逐条语义审阅：3 亚特兰蒂斯异闻带 【亚特兰蒂斯】 将8个【神之遗产】放置于此处。 若【异星神】或负责该异闻带的隐匿者部署于该战场， 则其立即创造并获得其地利位置数的【神之遗产】。
3435,02御主\01已确认御主\02FGO\奥尔加玛丽-异星神\旧版技能\异闻带战场\异闻带战场 (4).png,analyzed,6,异闻带战场 (4)｜逐条语义审阅：3 不列颠异闻带 【不列颠】 位于此战场的玩家于战斗结束时获得3点魔力。 新郎与【异星神】于此战场获得3点地利，3点合计威力。
3436,02御主\01已确认御主\02FGO\奥尔加玛丽-异星神\旧版技能\异闻带战场\异闻带战场 (5).png,analyzed,6,异闻带战场 (5)｜逐条语义审阅：3 俄罗斯异闻带 【俄罗斯】 部署于此战场的玩家立即失去2点魔力。 进入此战场的玩家失去2点魔力。 战斗阶段结束后，此战场的战败者与不位于此战场的玩家失去2点 战果。 【异星神】或负责该异闻带的隐匿者不受该事件牌的影响。
3437,02御主\01已确认御主\02FGO\奥尔加玛丽-异星神\旧版技能\异闻带战场\异闻带战场 (6).png,analyzed,6,异闻带战场 (6)｜逐条语义审阅：4 北欧异闻带 【北欧】 米&×属性于此战场威力+2。 【异星神】或负责该异闻带的隐匿者米&×属性于 此战场威力额外+2。
3438,02御主\01已确认御主\02FGO\奥尔加玛丽-异星神\旧版技能\异闻带战场\异闻带战场 (7).png,analyzed,6,异闻带战场 (7)｜逐条语义审阅：奥林匹斯异闻带 【奥林匹斯】 位于此战场的玩家无法免疫【直接败北】， 计算威力后，合计威力小于21点的所有人【直接败北】。 位于此战场的玩家可以额外使用一张非残留的攻击。若该玩家为【异 星神】或负责该异闻带的隐匿者，其可以不支付该攻击消耗。
3439,02御主\01已确认御主\02FGO\奥尔加玛丽-异星神\旧版技能\异闻带战场\异闻带战场 (8).png,analyzed,6,异闻带战场 (8)｜逐条语义审阅：中国异闻带 【中国】 始皇帝于此战斗威力+7 将NPC【始皇帝】加入本战场。若【始皇帝】赢得本场战斗，则【异星神】 获得3点战果。 此战场的玩家每满足以下一个条件，则该玩家的合计威力+3。 ·于本回合进行了【真名解放】。 ·于本回合只打出了一张正面攻击牌。 ·打出的攻击其基本威力之和为偶数。
3440,02御主\01已确认御主\02FGO\奥尔加玛丽-异星神\旧版技能\神之使徒正面.png,analyzed,6,神之使徒正面｜逐条语义审阅：神之使徒 <每局游戏限两次> 若你游戏开始时为【异星神】才可使用此牌。 行动阶段：从游戏外的【异闻带】牌堆中随机选择一张事件 牌加入你所在的战场。以此效果加入战场的事件牌在结算战 斗分数时不会提供战果。
3441,02御主\01已确认御主\02FGO\奥尔加玛丽-异星神\旧版技能\神之使徒背面.png,analyzed,6,神之使徒背面｜逐条语义审阅：神之使徒 <每局游戏限一次> 若你游戏开始时为【异星神】才可使用此牌。 行动阶段：从游戏外的【异闻带】牌堆中随机选择一张事件 牌加入你所在的战场。以此效果加入战场的事件牌在结算战 斗分数时不会提供战果。
3442,02御主\01已确认御主\02FGO\奥尔加玛丽-异星神\旧版技能\空想具现.png,analyzed,6,空想具现｜逐条语义审阅：空想具现 扩张-将一张高潮局势牌替换为你相应的高潮局势牌。 空想树之主-你拥有【异闻带】事件牌堆。当【异闻带】被弃置时，将其加 入单独的弃牌堆。若【异闻带】牌堆不足且需要抽取【异闻带】牌堆时，抽 取原用于该战场的事件牌库替代。当【异闻带】事件牌加入战场时，无论如 何，不触发其【关键字】附带的相应效果。
3443,02御主\01已确认御主\02FGO\奥尔加玛丽-异星神\立牌.png,unclear,6,OCR不明：立牌；现有转写为“（未识别到文字）”，不足以判断规则，不据此提出operation。
3444,02御主\01已确认御主\02FGO\奥尔加玛丽\ATK-雷夫.png,analyzed,6,ATK-雷夫｜逐条语义审阅：特殊 X& 雷夫·莱诺尔·佛劳洛斯 X为当前回合数 <每局游戏限一次> 被动：此牌无法暗置打出或弃置。行动阶段，若此牌在你的 手牌中且你处于交战状态，将此牌加入攻击。 战斗阶段：使所有参与这场战斗的玩家【败北】，此效果具 有强制性。
3445,02御主\01已确认御主\02FGO\奥尔加玛丽\升华技-橄榄枝.png,analyzed,6,升华技-橄榄枝｜逐条语义审阅：橄榄枝 解锁此技能后，你免疫【雷夫】的【败北】效果。 地球国家元首－·若【异星神】不在场，在游戏第八回合结束后，将你 的御主替换为【异星神】并激活所有【空想权能】，战果与魔力不变。 ·若【异星神】在场，当你即将被淘汰时，将此牌移除游戏取代淘汰。
3446,02御主\01已确认御主\02FGO\奥尔加玛丽\头像.png,unclear,6,OCR不明：头像；现有转写为“（未识别到文字）”，不足以判断规则，不据此提出operation。
3447,02御主\01已确认御主\02FGO\奥尔加玛丽\奥尔加玛丽.png,analyzed,6,奥尔加玛丽｜逐条语义审阅：奥尔加玛丽·阿尼姆斯菲亚 迦勒底亚斯-你可以查看局势牌堆。当一张非高潮局势牌被抽 取前，你可以将其置于局势牌堆底。 慧眼识人-游戏开始时，用【雷夫】替换牌组的1张牌。
3448,02御主\01已确认御主\02FGO\奥尔加玛丽\立牌.png,unclear,6,OCR不明：立牌；现有转写为“7 和！”，不足以判断规则，不据此提出operation。
3449,02御主\01已确认御主\02FGO\奥菲利亚\3.6更新迁延之魔眼 (1).png,analyzed,6,3.6更新迁延之魔眼 (1)｜逐条语义审阅：迁延之魔眼 <每局游戏限两次> 无光于前-行动阶段：花费2点魔力，与你位于同一战场的 对手的攻击威力无法被其他牌增加。
3450,02御主\01已确认御主\02FGO\奥菲利亚\3.6更新迁延之魔眼 (2).png,analyzed,6,3.6更新迁延之魔眼 (2)｜逐条语义审阅：迁延之魔眼 <每局游戏限一次> 无光于前-行动阶段：花费2点魔力，与你位于同一战场的 对手的攻击威力无法被其他牌增加。
3451,02御主\01已确认御主\02FGO\奥菲利亚\北欧异闻带.png,analyzed,6,北欧异闻带｜逐条语义审阅：北欧异闻带 扩张-抽2张事件牌并展示。你可以将游戏外的【北欧】事 件牌替换其中一张，然后将它们洗回事件牌堆。同时满足 【扩张】条件的玩家需要同步执行【扩张】。
3452,02御主\01已确认御主\02FGO\奥菲利亚\北欧异闻带\北欧异闻带 (1).png,analyzed,6,北欧异闻带 (1)｜逐条语义审阅：O 和平日 【北欧】 战斗阶段结束将此牌移除游戏。此牌不会因【扩张】再次 加入游戏。
3453,02御主\01已确认御主\02FGO\奥菲利亚\北欧异闻带\北欧异闻带 (2).png,analyzed,6,北欧异闻带 (2)｜逐条语义审阅：4 女武神领域 【北欧】 属性于此战场威力+4。 ×属性于此战场威力-2。
3454,02御主\01已确认御主\02FGO\奥菲利亚\北欧异闻带\北欧异闻带 (3).png,analyzed,6,北欧异闻带 (3)｜逐条语义审阅：4 女武神领域 【北欧】 属性于此战场威力+4。 ×属性于此战场威力-2。
3455,02御主\01已确认御主\02FGO\奥菲利亚\北欧异闻带\北欧异闻带 (4).png,analyzed,6,北欧异闻带 (4)｜逐条语义审阅：4 斯卡蒂领域 【北欧】 ×属性于此战场威力+4。 米属性于此战场威力-2。
3456,02御主\01已确认御主\02FGO\奥菲利亚\北欧异闻带\北欧异闻带 (5).png,analyzed,6,北欧异闻带 (5)｜逐条语义审阅：4 斯卡蒂领域 【北欧】 ×属性于此战场威力+4。 米属性于此战场威力-2。
3457,02御主\01已确认御主\02FGO\奥菲利亚\北欧异闻带\北欧异闻带 (6).png,analyzed,6,北欧异闻带 (6)｜逐条语义审阅：4 苏尔特尔领域 【北欧】 米属性于此战场威力+4。 属性于此战场威力-2。
3458,02御主\01已确认御主\02FGO\奥菲利亚\北欧异闻带\北欧异闻带 (7).png,analyzed,6,北欧异闻带 (7)｜逐条语义审阅：4 苏尔特尔领域 【北欧】 米属性于此战场威力+4。 属性于此战场威力-2。
3459,02御主\01已确认御主\02FGO\奥菲利亚\北欧异闻带\北欧异闻带 (8).png,analyzed,6,北欧异闻带 (8)｜逐条语义审阅：O 和平日 【北欧】 战斗阶段结束将此牌移除游戏。此牌不会因【扩张】再次 加入游戏。
3460,02御主\01已确认御主\02FGO\奥菲利亚\北欧异闻带\北欧异闻带 (9).png,analyzed,6,北欧异闻带 (9)｜逐条语义审阅：O 和平日 【北欧】 战斗阶段结束将此牌移除游戏。此牌不会因【扩张】再次 加入游戏。
3461,02御主\01已确认御主\02FGO\奥菲利亚\升华技-诸神黄昏.png,analyzed,6,升华技-诸神黄昏｜逐条语义审阅：米 力量 魔術 4K 诸神黄昏 （将此牌加入你的技能区） 毁灭的开始-若你赢得胜利，于战斗阶段结束时将该战场的 事件牌移除游戏，它们不会因【扩张】再次加入游戏，每有 1张因此效果而移除的事件牌，此牌获得威力+3。
3462,02御主\01已确认御主\02FGO\奥菲利亚\头像.png,unclear,6,OCR不明：头像；现有转写为“（未识别到文字）”，不足以判断规则，不据此提出operation。
3463,02御主\01已确认御主\02FGO\奥菲利亚\奥菲利亚.png,analyzed,6,奥菲利亚｜逐条语义审阅：奥菲莉娅·法姆索罗涅 隐匿者-你负责【北欧异闻带】。当你赢得一场战斗时，进 行【扩张】。 魔眼-你总共可以使用两次【迁延之魔眼】。 童年创伤-第七回合时合计威力-10。
3464,02御主\01已确认御主\02FGO\奥菲利亚\奥菲利亚立牌.png,unclear,6,OCR不明：奥菲利亚立牌；现有转写为“（未识别到文字）”，不足以判断规则，不据此提出operation。
3465,02御主\01已确认御主\02FGO\奥菲利亚\旧\3.4更新迁延之魔眼 (1).png,analyzed,6,3.4更新迁延之魔眼 (1)｜逐条语义审阅：迁延之魔眼 <每局游戏限一次> 无光于前-行动阶段：花费2点魔力，与你位于同一战场的 对手的攻击威力无法超过其印刷威力。
3466,02御主\01已确认御主\02FGO\奥菲利亚\旧\3.4更新迁延之魔眼 (2).png,analyzed,6,3.4更新迁延之魔眼 (2)｜逐条语义审阅：迁延之魔眼 <每局游戏限两次> 无光于前-行动阶段：花费2点魔力，与你位于同一战场的 对手的攻击威力无法超过其印刷威力。
3467,02御主\01已确认御主\02FGO\奥菲利亚\旧\迁延之魔眼 (1).png,analyzed,6,迁延之魔眼 (1)｜逐条语义审阅：迁延之魔眼 <每局游戏限一次> 于此闪耀吧-行动阶段：交战对手的攻击威力不会超过该牌 上印刷的基本威力。
3468,02御主\01已确认御主\02FGO\奥菲利亚\旧\迁延之魔眼 (2).png,analyzed,6,迁延之魔眼 (2)｜逐条语义审阅：迁延之魔眼 <每局游戏限两次> 于此闪耀吧-行动阶段：交战对手的攻击威力不会超过该牌 上印刷的基本威力。
3469,02御主\01已确认御主\02FGO\小达芬奇\万能之人.png,analyzed,6,万能之人｜逐条语义审阅：万能之人 受胎告知-游戏开始时，你抽取等于本局游戏人数的【艺术 品】并选择其中一张使用。第一回合外的每回合开始时，你 随机抽取2张【艺术品】后，选择其中一张使用。回合结束 时，令所有【艺术品】返回独立牌库。
3470,02御主\01已确认御主\02FGO\小达芬奇\升华技-予星以梦.png,analyzed,6,升华技-予星以梦｜逐条语义审阅：予星以梦 此牌解锁时，立即抽取三张【艺术品】并选择其中一张使用。 你于回合开始时抽取【艺术品】时选择时，额外抽取一张。 编织历史-行动阶段：每局游戏限一次，令你当前的一张 【艺术品】于本局游戏内不会被洗回独立牌库。
3471,02御主\01已确认御主\02FGO\小达芬奇\头像-小达芬奇.png,unclear,6,OCR不明：头像-小达芬奇；现有转写为“（未识别到文字）”，不足以判断规则，不据此提出operation。
3472,02御主\01已确认御主\02FGO\小达芬奇\立牌-达芬奇.png,unclear,6,OCR不明：立牌-达芬奇；现有转写为“Rek”，不足以判断规则，不据此提出operation。
3473,02御主\01已确认御主\02FGO\小达芬奇\艺术品\httpssteamusercontentaakamaihdnetugc35562319017112444A191A20C15D8810310580F36A5E9649D5BE1A87D.png,analyzed,6,httpssteamusercontentaakamaihdnetugc35562319017112444A191A20C15D8810310580F36A5E9649D5BE1A87D｜逐条语义审阅：结界留影 【艺术品】 获得此牌时你将【单独行动】加入你的技能区直到你失去此 【艺术品】。
3474,02御主\01已确认御主\02FGO\小达芬奇\艺术品\httpssteamusercontentaakamaihdnetugc35562319017118302D14B2FF8994724BB6176F55BD248B7A1A900A61D.png,analyzed,6,httpssteamusercontentaakamaihdnetugc35562319017118302D14B2FF8994724BB6176F55BD248B7A1A900A61D｜逐条语义审阅：九字兼定 【艺术品】 获得此牌时你将【对魔力】加入你的技能区直到你失去此 【艺术品】。
3475,02御主\01已确认御主\02FGO\小达芬奇\艺术品\httpssteamusercontentaakamaihdnetugc355623190171214667E0435444D35A55DAA29E6D4152130DFFD8257A9.png,analyzed,6,httpssteamusercontentaakamaihdnetugc355623190171214667E0435444D35A55DAA29E6D4152130DFFD8257A9｜逐条语义审阅：摩托·装甲骑兵 【艺术品】 获得此牌时你将【骑乘】加入你的技能区直到你失去此【艺 术品】。
3476,02御主\01已确认御主\02FGO\小达芬奇\艺术品\httpssteamusercontentaakamaihdnetugc35562319017123005405D3BD5D97C4D96C0D4ABBB7A796D9565BFF4A0.png,analyzed,6,httpssteamusercontentaakamaihdnetugc35562319017123005405D3BD5D97C4D96C0D4ABBB7A796D9565BFF4A0｜逐条语义审阅：赶造的枪 【艺术品】 获得此牌时你将【战斗续行】加入你的技能区直到你失去此 【艺术品】。
3477,02御主\01已确认御主\02FGO\小达芬奇\艺术品\httpssteamusercontentaakamaihdnetugc3556231901712463553688CDC56EE84332C0054BAD328FA3609776AEB.png,analyzed,6,httpssteamusercontentaakamaihdnetugc3556231901712463553688CDC56EE84332C0054BAD328FA3609776AEB｜逐条语义审阅：WhispersilkCloak Artifact-Equipment Equipped creature cant 6e Red and has shroud. 神秘图纸 【艺术品】 获得此牌时你将【气息遮断】加入你的技能区直到你失去此 【艺术品】。
3478,02御主\01已确认御主\02FGO\小达芬奇\艺术品\httpssteamusercontentaakamaihdnetugc3556286918501059604C36C88F3BFAD5DE33B4B368BAEBBB9D944F5EC.png,analyzed,6,httpssteamusercontentaakamaihdnetugc3556286918501059604C36C88F3BFAD5DE33B4B368BAEBBB9D944F5EC｜逐条语义审阅：辉白之钢 【艺术品】 游戏开始时，将一张【幸运】加入你的牌库。 满盈-你的基础攻击+1威力。若当前是高潮阶段，你获得4点 合计威力。
3479,02御主\01已确认御主\02FGO\小达芬奇\艺术品\httpssteamusercontentaakamaihdnetugc355628691850114985F997C9FB90B43B105D21B341486CF65AF14F319.png,analyzed,6,httpssteamusercontentaakamaihdnetugc355628691850114985F997C9FB90B43B105D21B341486CF65AF14F319｜逐条语义审阅：矿石科研究笔记 【艺术品】 研究辅导-你可以在8点魔力以下打出技能。若你可以部署于 一名战果低于你且独自位于战场的其他玩家所在的战场，则 你必须部署。 成果-行动阶段：从游戏外随机把一张【月灵髓液】加入手牌。
3480,02御主\01已确认御主\02FGO\小达芬奇\艺术品\httpssteamusercontentaakamaihdnetugc355628691850121409C6DA55FE50C71A35A450F99B5A4AE5AB1D7E0E0.png,analyzed,6,httpssteamusercontentaakamaihdnetugc355628691850121409C6DA55FE50C71A35A450F99B5A4AE5AB1D7E0E0｜逐条语义审阅：故事绘本 【艺术品】 故事投影-前哨阶段：若你未于上一回合输掉战斗，将【达芬奇投影】 部署于一处战场。当一个达芬奇移动或被移动后，若另一个达芬奇可 移动且未处于交战状态，朝相同方向移动相同的距离。你进行打牌后， 失去此次打出的所有牌合计魔力消耗一半的魔力（向上取整）。 （达芬奇投影和幻影爱丽丝的判定方法相同。）
3481,02御主\01已确认御主\02FGO\小达芬奇\艺术品\httpssteamusercontentaakamaihdnetugc355628691850123687DC428855AC0FC965804A4F6E4B0FAF2C7E43A74.png,analyzed,7,卡面机制：千年黄金树 【艺术品】 荣耀永恒-你战场上未被占领的地利将属于你。 | 卡面机制：当你赢得一 场战斗后，你可以将你的魔力设为4点。 | 卡面机制：回合结束时，若你 的魔力小于等于2，失去2点战果。
3482,02御主\01已确认御主\02FGO\小达芬奇\艺术品\httpssteamusercontentaakamaihdnetugc35562869185012552385B85D04D45566885978DB31F1F87277E71FC0D.png,analyzed,7,卡面机制：5 A 第二魔法式宝石制精练成阵 【艺术品】 第二法模拟-前哨阶段：你不进行部署并选择每处可进入地点的 不存在对手的各一个位置【占据】直至你进行部署或回合结束。 | 卡面机制：对手无法部署于被【占据】的位置。 | 卡面机制：你的行动阶段开始时，部署 于一处被【占据】的位置。
3483,02御主\01已确认御主\02FGO\小达芬奇\艺术品\httpssteamusercontentaakamaihdnetugc35562869185012705C4149B5B137E4B6A8D18D84D9D06413498C91337.png,unclear,7,OCR/转录不足，暂不能可靠判定完整机制：期盼的光芒 【艺术品】 转瞬即逝-每回合结束时移除你弃牌堆中两张牌或随机弃置 张牌。若无法执行，需要先抽一张牌。 隐辉-前哨阶段：本阶段不进行部署，于你的行动阶段开始时 部署于一处战场。
3484,02御主\01已确认御主\02FGO\小达芬奇\艺术品\httpssteamusercontentaakamaihdnetugc35562869185013457088647E72FAFADF6FB09796D4A13C98FBDF42A8D.png,analyzed,7,卡面机制：芙芙（玩偶服） 【艺术品】 魔力存储-在你花费了令咒的回合结束时，选择一个本回合 回到你技能区的技能，其获得+1威力和-1魔力消耗直至游 戏结束。 | 卡面机制：降低过的消耗不能低于其印刷魔力消耗的一半。
3485,02御主\01已确认御主\02FGO\小达芬奇\艺术品\httpssteamusercontentaakamaihdnetugc355628691850136311D9E6DE9CCB99463F98BB82DBBF5B49791CD3C06.png,analyzed,7,卡面机制：巴格达电池 【艺术品】 充电-前哨阶段：若你于前哨阶段部署于魔术工房，选择下列一项： 1.获得1点魔力。 | 卡面机制：2.花费2点魔力，你于本回合无视【败北】状态。 | 卡面机制：若你部署于战场，你把【绞首刑之雷】临时加入技能区。
3486,02御主\01已确认御主\02FGO\小达芬奇\艺术品\httpssteamusercontentaakamaihdnetugc355628691850137126E2179A1257929E7FF8BE51669703A6CF7610131.png,analyzed,7,卡面机制：此世全部之恶 【艺术品】 游戏开始时，你获得【容器】 万恶之源-非高潮回合结束时，若你的战果为唯一最后一名， 你获得【黑泥】。
3487,02御主\01已确认御主\02FGO\小达芬奇\艺术品\httpssteamusercontentaakamaihdnetugc35562869185015516D27C500718508DF234EE918E79C9498831F4532D.png,analyzed,7,卡面机制：月之格丽玛特 【艺术品】 游戏开始时你获得【空想具现化】，每当你使用月光后，重 新获得它。 | 卡面机制：月光-前哨阶段：获得【血之渴望】直至你赢得一场战斗且 当你赢得时，偷取该战斗中一名对手的至多2点魔力。
3488,02御主\01已确认御主\02FGO\小达芬奇\艺术品\httpssteamusercontentaakamaihdnetugc35562869185015899793519B2B7C501D5C45CADF63589E3E5604AAE79.png,analyzed,7,卡面机制：黑键 【艺术品】 多面者-当从者真名隐藏时，你是【监督者】； | 卡面机制：其他情况下， 你是【执行者】。 | 卡面机制：（包括且不限于你没有从者)
3489,02御主\01已确认御主\02FGO\小达芬奇\艺术品\httpssteamusercontentaakamaihdnetugc35562869185016128C27752EB3476199C60A423921D8FFED3688C644E.png,analyzed,7,卡面机制：命运圣堂 【艺术品】 游戏开始时，将两张【黑羽】洗入牌库。 | 卡面机制：第一和第二回合开始时，你无法从局势牌中获得魔力。 | 卡面机制：转换师-你拥有【元素变换】直到你失去此【艺术品】
3490,02御主\01已确认御主\02FGO\小达芬奇\艺术品\httpssteamusercontentaakamaihdnetugc35562869185016712D1CE96B66528F64FB975A41D326BB30FDDDB5A2E.png,analyzed,7,卡面机制：红宝石 【艺术品】 无限可能性-你于准备阶段抽牌后可以再抽任意张牌当有牌将 通过此魔术填装以外的效果加入你的牌库时，改为将其弃置。 | 卡面机制：魔术填装-准备阶段：支付你手牌数的两倍的魔力，将你的 弃牌堆洗入牌库。
3491,02御主\01已确认御主\02FGO\小达芬奇\艺术品\httpssteamusercontentaakamaihdnetugc355628691850168188F0153C6411E1F31ABFD5ACFF45CBAFC1C266B64.png,analyzed,7,卡面机制：女仆的扫除计划 【艺术品】 游戏开始时将两张【魔力猛攻】洗入你的牌库。 | 卡面机制：准备完善-你的手牌上限为4张。 | 卡面机制：计划完备-行动阶段：弃置一张与你控制的攻击完全相同的 手牌，获得+2合计威力和1点魔力。
3492,02御主\01已确认御主\02FGO\小达芬奇\艺术品\httpssteamusercontentaakamaihdnetugc35562869185016948D18C7C13FDEE7B145A603900C624A19B95883130.png,analyzed,7,卡面机制：竞争者 【艺术品】 游戏开始时移除你的牌组的一张牌，再把一张【起源弹】洗 入牌库。 | 卡面机制：装填-行动阶段：打出一张暗置攻击然后抽一张牌。 | 卡面机制：扳机-战斗阶段：关闭一张攻击，激活一张暗置的【起源弹】
3493,02御主\01已确认御主\02FGO\小达芬奇\艺术品\httpssteamusercontentaakamaihdnetugc3556286918501701747683B8645455D8EF47F0A370782DECAEF17AEE7.png,analyzed,7,卡面机制：瓦砾圣堂 【艺术品】 游戏开始时，你获得【被虐灵媒体质】。 | 卡面机制：显圣祷告-当你的从者第一次真名解放时，你获得【抹大拉 的圣骸布】。
3494,02御主\01已确认御主\02FGO\小达芬奇\艺术品\httpssteamusercontentaakamaihdnetugc355628691850174878B0A7DE9ACFD83CCBF0328649B22BBB070E815F2.png,analyzed,7,卡面机制：刻印虫 【艺术品】 游戏开始时，你右边的玩家成为你的【宿敌】。 | 卡面机制：虫魔术-当你部署于魔术工房时额外增加2点魔力。 | 卡面机制：当你进行 常规移动时，每一步将额外消耗1点魔力。
3495,02御主\01已确认御主\02FGO\小达芬奇\艺术品\httpssteamusercontentaakamaihdnetugc35562869185017632F83FAD68ACF1B51C134AECC5B721986A801E0952.png,analyzed,7,卡面机制：至高礼装·月灵髓液 【艺术品】 败者食尘-当你获胜并计算战果后，从你的战斗中的一名下次淘汰结 算时会被淘汰的败者处偷取1点战果。 | 卡面机制：当你战败时，弃置所有手牌。 | 卡面机制：礼装支援-行动阶段：将一张游戏外的【特里姆玛乌】加入你的手 牌。 | 卡面机制：（不展示）
3496,02御主\01已确认御主\02FGO\小达芬奇\艺术品\httpssteamusercontentaakamaihdnetugc35562869185017953A60B8EEE3694CF08C79CE4021028B51C204F1068.png,analyzed,7,卡面机制：出席茶 社会课出席薄 【艺术品】 游戏开始时，将两张【蛇】加入你的牌库。 | 卡面机制：局外人-你无法通过部署于魔术工房获得魔力，但你以常规移动从魔术工 房离开时-1移动成本。 | 卡面机制：每回合战斗阶段结束后，若你于该回合未获得战 果，获得1点战果，若你同时是位于魔术工房的唯一玩家，改为获得2点 战果。
3497,02御主\01已确认御主\02FGO\小达芬奇\艺术品\httpssteamusercontentaakamaihdnetugc35562869185018024E0E4C55B3AF581E1A0AF5EC8F40F72F97B70B920.png,analyzed,7,卡面机制：挚爱之影 【艺术品】 老兵的矜持-你每经过或停留于一处战场，获得1点地利;非战场地点则获 得2点地利直至回合结束。 | 卡面机制：你常规移动至一处恰好有两名对手的地点的移 动成本翻倍。 | 卡面机制：老钟喻鸣-前哨阶段：花费2点魔力，若你真名隐藏，获得2点地利。 | 卡面机制：否 则，你真名隐藏。
3498,02御主\01已确认御主\02FGO\小达芬奇\艺术品\httpssteamusercontentaakamaihdnetugc35562869185018114C03A0E27EA813CFD4FF6F2C969BE9CAF65A67408.png,analyzed,7,卡面机制：魔偶制作笔记 【艺术品】 天真-你的手牌保持展示，你改为于整个行动阶段开始时而 不是准备阶段开始时抽牌。 | 卡面机制：手记阅读-行动阶段：获得1点战果、1点魔力，2点合计威力 并抽一张牌。 | 卡面机制：然后将一张【变节】从游戏外洗入你的牌库。
3499,02御主\01已确认御主\02FGO\小达芬奇\艺术品\httpssteamusercontentaakamaihdnetugc355628691850186529983F02105716C7D0CC7B3316985436B90451595.png,analyzed,7,卡面机制：求道者的愿景 【艺术品】 愿景之下-战斗阶段结束时，每有一名位于你所在地点且以 移动进入该地点的其他玩家，你获得1点魔力。 | 卡面机制：若你获胜改 为获得1点战果。 | 卡面机制：你使用过令咒的回合不受其他玩家的能力 影响。
3500,02御主\01已确认御主\02FGO\小达芬奇\艺术品\httpssteamusercontentaakamaihdnetugc35562869185018856C97A32D635F0A388D22CB0A5710826057FD04CA8.png,analyzed,7,卡面机制：月之胜利者 【艺术品】 阅览-战斗阶段：失去2点合计威力给一名交战对手一张【分 析】或【挑战】与之猜拳三次，根据你获胜的次数决定 【挑战结果】的全部效果。
3501,02御主\01已确认御主\02FGO\小达芬奇\艺术品\httpssteamusercontentaakamaihdnetugc35562869185019040D4E14709487298CDB66D616E6779DC51687682E6.png,analyzed,7,卡面机制：另一个结局 【艺术品】 代码添加-前哨阶段：随机弃置一张手牌，移除你技能区的 【神秘代码】，从游戏外把一张【神秘代码】加入你的技能 区。 | 卡面机制：此效果加入的【神秘代码】具有“此牌需追加打出”
3502,02御主\01已确认御主\02FGO\小达芬奇\艺术品\httpssteamusercontentaakamaihdnetugc35562869185019503DFDB4FAE0221A09BEAD516B628B360E1C13B1494.png,analyzed,7,卡面机制：七夜短刀 【艺术品】 净眼-你可以查看暗置的攻击牌 体术传承-行动阶段：若可能，弃置X张牌并选择一项： 沿箭头移动一步，X为此地点的移动成本。 | 卡面机制：打出一张魔力消耗低于X的攻击并令其基本威力减半（向上取整）
3503,02御主\01已确认御主\02FGO\小达芬奇\艺术品\httpssteamusercontentaakamaihdnetugc3556286918501966217A86BFD085A55EC9F8D7D8B7203492C6A19DE9F.png,analyzed,7,卡面机制：邪龙传说 【艺术品】 炉心-若你拥有11点及以上的魔力，你可以于常规出牌时追加打出一张牌。 | 卡面机制：龙告-行动阶段：花费1枚令咒，然后你获得2点魔力并将【幻想大剑·天魔 失坠】从游戏外加入你的技能区直到回合结束。 | 卡面机制：你拥有的魔力少于8点也 可以打出此牌。
3504,02御主\01已确认御主\02FGO\小达芬奇\艺术品\httpssteamusercontentaakamaihdnetugc355628691850199730CAF9D76B48DC6EE674A2082208F382D36A8F66A.png,analyzed,7,卡面机制：四枝之浅滩 【艺术品】 获得此牌时你将【阵地做成】加入你的技能区直到你失去此 【艺术品】。
3505,02御主\01已确认御主\02FGO\小达芬奇\艺术品\httpssteamusercontentaakamaihdnetugc35562869185020290E0C030D498B096EF549BE20EF8431AA02075FEF7.png,analyzed,7,卡面机制：白鹤骑士 【艺术品】 代理者-你的令咒改为在前哨阶段使用。 | 卡面机制：转换魔术-前哨阶段：弃置你的所有手牌，每弃置1张你便获 得1点魔力。
3506,02御主\01已确认御主\02FGO\小达芬奇\艺术品\httpssteamusercontentaakamaihdnetugc355628691850205152FD94B396FF5944CFB076944FA566919F5E9EBA6.png,analyzed,7,卡面机制：理想的玩偶 【艺术品】 理想-行动阶段：打出一张你从者拥有的职阶技能或职阶牌。 | 卡面机制：（仍需满足前提条件） 辉光-行动阶段：选择一张事件牌花费其战果点数的魔力，战 力结算时你视为额外受到一次该事件牌的影响。
3507,02御主\01已确认御主\02FGO\小达芬奇\艺术品\httpssteamusercontentaakamaihdnetugc35562869185020752972F44332432B48AD368FEB09BD16DED6AC2CDA6.png,analyzed,7,卡面机制：王之遗物 【艺术品】 鉴识眼-被动：你可以查看暗置的事件牌， 准备充分-前哨阶段：支付1点魔力，抽两张牌。 | 卡面机制：调查-前哨阶段：你可以查看一名玩家的手牌，然后你可以把其的 一张手牌置入其的牌堆顶，若如此做，你下回合无法使用调查。
3508,02御主\01已确认御主\02FGO\小达芬奇\艺术品\httpssteamusercontentaakamaihdnetugc355628691850209219D660A98A34E1E689AB35A01C4AA9ED68D141D1A.png,analyzed,7,卡面机制：卫宫士郎（玩偶） 【艺术品】 游戏开始时，你失去2点魔力并获得【阿瓦隆】。 | 卡面机制：获得此牌时，将【干将莫邪】加入你的技能区直至你失去此 牌。
3509,02御主\01已确认御主\02FGO\小达芬奇\艺术品\httpssteamusercontentaakamaihdnetugc355628691850212872D7D0BD42475248032009B2E76879D9D3FD3D1D7.png,analyzed,7,卡面机制：加尔瓦略之星 【艺术品】 游戏开始时，你将【火葬式典】加入技能区。 | 卡面机制：第七机关-你进行常规移动时无视交战状态，其他玩家进行常 规移动时无视与你的交战状态。 | 卡面机制：当一名对手于一回合内获得7 点及以上的战果时令【第七圣典】加入或返回你的技能区。
3510,02御主\01已确认御主\02FGO\小达芬奇\艺术品\httpssteamusercontentaakamaihdnetugc3556286918502141460B71C83A4D0A5E8E5487370FA2E2B144FF011FA.png,analyzed,7,卡面机制：回礼请用亲吻 【艺术品】 游戏开始时，你把【投影魔术】加入技能区。 | 卡面机制：无名-你无法通过非高潮局势牌获得魔力。 | 卡面机制：回礼-行动阶段：选择一名你上次未选择过，且战力不高于你并与 你位于同一地点的其他玩家，吸取其2点魔力并令其获得1点战果。
3511,02御主\01已确认御主\02FGO\小达芬奇\艺术品\httpssteamusercontentaakamaihdnetugc355628691850215828E8D14348D30110C5D25B8384D8AA98147D80B78.png,analyzed,7,卡面机制：饰冠于天 【艺术品】 游戏开始时，你获得2点魔力。 | 卡面机制：魔力源泉-你打出的攻击-1魔力消耗。 | 卡面机制：回合结束时若你本回 合未打出明置攻击，你恢复1点魔力。 | 卡面机制：若当前是第八回合， 你获得【天之衣】。
3512,02御主\01已确认御主\02FGO\小达芬奇\艺术品\httpssteamusercontentaakamaihdnetugc355628691850216771197C3828207B23D78F1C9AFD6A606F154B96FFC.png,analyzed,7,卡面机制：xxxx XXXX XXX> <XX Xxx 叛逆之刃 【艺术品】 造-同效果每回合限一次，当你的非临时攻击牌移除游戏时（包括因 <每局游戏限一次>），你获得2点魔力。 | 卡面机制：烈士军略-行动阶段：花费4点魔力，抽一张牌后将一旁手牌置于御主牌 上并选择其一种属性，你该属性的激活击获得+2威力。 | 卡面机制：回合结束时，移 除你御主牌上的牌。
3513,02御主\01已确认御主\02FGO\小达芬奇\艺术品\httpssteamusercontentaakamaihdnetugc35562869185021746AB5D7BC29FEC98EDFC1AC25BD705B710C986CE47.png,analyzed,7,卡面机制：月灵晶体 【艺术品】 游戏胜利者-准备阶段和行动阶段：当你于第10回合前，行动阶 段时使用此能力需要支付一枚令咒。 | 卡面机制：将桌面上两张事件牌交换 位置（不将它们翻开），或将桌面上一张正面表示的事件牌洗 回事件牌库，抽一张新的事件牌代替它的位置。
3514,02御主\01已确认御主\02FGO\小达芬奇\艺术品\httpssteamusercontentaakamaihdnetugc355726816964924627926D9C596E6CA3887B28D19A5AA5B4D16806B39.png,analyzed,7,卡面机制：xxxx XXXX XXX> <XX Xxx 叛逆之刃 【艺术品】 造-同效果每回合限一次，当你的非临时攻击牌移除游戏时（包括因 <每局游戏限一次>），你获得2点魔力。 | 卡面机制：烈士军略-行动阶段：花费4点魔力，抽一张牌后将一张手牌置于御主牌 上并选择其一种属性，你该属性的激活击获得+2威力。 | 卡面机制：回合结束时，移 除你御主牌上的牌。
3515,02御主\01已确认御主\02FGO\小达芬奇\艺术品牌背.png,non_rule,7,非规则素材：艺术品牌背.png（牌背、头像、立牌、标记或纯数值指示物）
3516,02御主\01已确认御主\02FGO\小达芬奇\艺术品衍生卡\3.1更新投影魔术.png,analyzed,7,卡面机制：魔术 X 4& 投影魔术 磁想聚合-行动阶段：你的基础攻击获得：“行动阶段：你 每控制一张与你控制的其他攻击不具有相同属性的攻击， 此牌+1威力。 | 卡面机制：”直至回合结束。 | 卡面机制：此效果不能被任何方式阻止。 | 卡面机制：战斗阶段：若你赢得战斗，获得2点战果。
3517,02御主\01已确认御主\02FGO\小达芬奇\艺术品衍生卡\3.1更新无限剑制.png,analyzed,7,卡面机制：特殊 8 无限剑制 【真名解放】 打出时：以你打出的牌、手牌、牌库和弃牌堆任意组建一组 至多12张牌的手牌。 | 卡面机制：残留：你的常规出牌改为打出0~4张牌，你不能抽牌，当你 的手牌数为0时，关闭此牌。
3518,02御主\01已确认御主\02FGO\小达芬奇\艺术品衍生卡\3.2更新天之衣.png,analyzed,7,卡面机制：天之衣 归于虚无-回合开始时，若你上回合在战斗阶段时与至少一 名被淘汰的玩家位于同一战场，获得2点战果。
3519,02御主\01已确认御主\02FGO\小达芬奇\艺术品衍生卡\3.3更新被虐体质.png,analyzed,7,卡面机制：被虐灵媒体质 当一名与你位于同一地点的对手因从者能力、令咒或升华技 获得战果时，令其获得的战果减半（向下取整），然后你失 去被减少的战果数的魔力。 | 卡面机制：你每因此失去1点魔力，获得1点 战果。
3520,02御主\01已确认御主\02FGO\小达芬奇\艺术品衍生卡\3.4.1更新幻想大剑.png,analyzed,7,卡面机制：Strength Noble Phantasm 8K 幻想大剑·天魔失坠 4 菩提之叶-你可以免费打出此牌。 | 卡面机制：若如此做，与你位于同一 战场的对手获得：“行动阶段：关闭一张你控制的，基本威 力大于等于5的&敏捷攻击，然后令齐格【败北】。 | 卡面机制：”
3521,02御主\01已确认御主\02FGO\小达芬奇\艺术品衍生卡\3.6更新对魔力.png,analyzed,7,卡面机制：Special 对魔力 3& 宝具绽放-被动/战斗阶段：若你于本回合打出了你战斗中 魔力消耗最高的 宝具攻击，获得1点战果。 | 卡面机制：若其消耗≥4，你额外获得1点战果。 | 卡面机制：魔术抗性-战斗阶段：将与你位于同一战场的交战对手控制 的×魔术属性攻击威力设置为0。
3522,02御主\01已确认御主\02FGO\小达芬奇\艺术品衍生卡\ATK\达芬奇衍生攻击卡 (1).png,analyzed,7,卡面机制：特殊 幸运 4K 战斗阶段：你本回合无视【直接败北】 效果（如果在行动阶段就受到【直接 败北】效果，则不能打出此卡。 | 卡面机制：) Basic
3523,02御主\01已确认御主\02FGO\小达芬奇\艺术品衍生卡\ATK\达芬奇衍生攻击卡 (10).png,analyzed,7,卡面机制：变节 2010K 被动：当你抽到此牌时，再抽一张牌。 | 卡面机制：主从争斗-唯一/被动：当罗榭的手牌中拥有3张或更多【变 节】时，他立即失去6点战果，然后他可以花费一枚令咒并 将所有【变节】洗回牌堆。 | 卡面机制：若他不花费，其立即【败北】并将所有【变节】弃置。
3524,02御主\01已确认御主\02FGO\小达芬奇\艺术品衍生卡\ATK\达芬奇衍生攻击卡 (11).png,analyzed,7,卡面机制：变节 2010K 被动：当你抽到此牌时，再抽一张牌。 | 卡面机制：主从争斗-唯一/被动：当罗榭的手牌中拥有3张或更多【变 节】时，他立即失去6点战果，然后他可以花费一枚令咒并 将所有【变节】洗回牌堆。 | 卡面机制：若他不花费，其立即【败北】并将所有【变节】弃置。
3525,02御主\01已确认御主\02FGO\小达芬奇\艺术品衍生卡\ATK\达芬奇衍生攻击卡 (12).png,analyzed,7,卡面机制：变节 2010K 被动：当你抽到此牌时，再抽一张牌。 | 卡面机制：主从争斗-唯一/被动：当罗榭的手牌中拥有3张或更多【变 节】时，他立即失去6点战果，然后他可以花费一枚令咒并 将所有【变节】洗回牌堆。 | 卡面机制：若他不花费，其立即【败北】并将所有【变节】弃置。
3526,02御主\01已确认御主\02FGO\小达芬奇\艺术品衍生卡\ATK\达芬奇衍生攻击卡 (13).png,analyzed,7,卡面机制：变节 2010K 被动：当你抽到此牌时，再抽一张牌。 | 卡面机制：主从争斗-唯一/被动：当罗榭的手牌中拥有3张或更多【变 节】时，他立即失去6点战果，然后他可以花费一枚令咒并 将所有【变节】洗回牌堆。 | 卡面机制：若他不花费，其立即【败北】并将所有【变节】弃置。
3527,02御主\01已确认御主\02FGO\小达芬奇\艺术品衍生卡\ATK\达芬奇衍生攻击卡 (14).png,analyzed,7,卡面机制：变节 2010K 被动：当你抽到此牌时，再抽一张牌。 | 卡面机制：主从争斗-唯一/被动：当罗榭的手牌中拥有3张或更多【变 节】时，他立即失去6点战果，然后他可以花费一枚令咒并 将所有【变节】洗回牌堆。 | 卡面机制：若他不花费，其立即【败北】并将所有【变节】弃置。
3528,02御主\01已确认御主\02FGO\小达芬奇\艺术品衍生卡\ATK\达芬奇衍生攻击卡 (15).png,analyzed,7,卡面机制：变节 2010K 被动：当你抽到此牌时，再抽一张牌。 | 卡面机制：主从争斗-唯一/被动：当罗榭的手牌中拥有3张或更多【变 节】时，他立即失去6点战果，然后他可以花费一枚令咒并 将所有【变节】洗回牌堆。 | 卡面机制：若他不花费，其立即【败北】并将所有【变节】弃置。
3529,02御主\01已确认御主\02FGO\小达芬奇\艺术品衍生卡\ATK\达芬奇衍生攻击卡 (16).png,analyzed,7,卡面机制：特殊 4& 特里姆玛乌 汝之骨血，化为羽翼-行动阶段：逆着箭头移动一步。 | 卡面机制：被动/战斗阶段：若此牌在你的手牌中，沿着箭头移动一步。
3530,02御主\01已确认御主\02FGO\小达芬奇\艺术品衍生卡\ATK\达芬奇衍生攻击卡 (17).png,analyzed,7,卡面机制：魔术 2& 特里姆玛乌 指令：告解-行动阶段：查看一名与你位于同一地点的对手 的技能区，若你使用此效果时其已【真名解放】，你改为 获得+4合计威力。 | 卡面机制：被动/战斗阶段：若此牌在你的手牌中，获得1点魔力。
3531,02御主\01已确认御主\02FGO\小达芬奇\艺术品衍生卡\ATK\达芬奇衍生攻击卡 (18).png,analyzed,7,卡面机制：敏捷 魔术 3& 特里姆玛乌 斩击-行动阶段：打出一张攻击。 | 卡面机制：被动/战斗阶段：若此牌在你的手牌中，获得+2合计威力。
3532,02御主\01已确认御主\02FGO\小达芬奇\艺术品衍生卡\ATK\达芬奇衍生攻击卡 (19).png,analyzed,7,卡面机制：黑羽 2K 鸦群-被动/行动阶段：将此牌加入攻击。 | 卡面机制：回合结束时，若此 牌是从弃牌堆被加入攻击的，移除此牌。 | 卡面机制：打出时：此牌获得你控制的其他攻击的所有属性。
3533,02御主\01已确认御主\02FGO\小达芬奇\艺术品衍生卡\ATK\达芬奇衍生攻击卡 (2).png,analyzed,7,卡面机制：米Strength 三 魔力猛攻 真言术：烂-战斗阶段：令你的所有交战对手计算合计威 力时改为减少其地利数而不是增加。 | 卡面机制：若你不位于战场，改为选择一名不位于魔术工房的对手 【烧毁工房】。
3534,02御主\01已确认御主\02FGO\小达芬奇\艺术品衍生卡\ATK\达芬奇衍生攻击卡 (20).png,analyzed,7,卡面机制：黑羽 2K 鸦群-被动/行动阶段：将此牌加入攻击。 | 卡面机制：回合结束时，若此 牌是从弃牌堆被加入攻击的，移除此牌。 | 卡面机制：打出时：此牌获得你控制的其他攻击的所有属性。
3535,02御主\01已确认御主\02FGO\小达芬奇\艺术品衍生卡\ATK\达芬奇衍生攻击卡 (21).png,analyzed,7,卡面机制：米 力量 迅捷 0:0 5K 蛇
3536,02御主\01已确认御主\02FGO\小达芬奇\艺术品衍生卡\ATK\达芬奇衍生攻击卡 (22).png,analyzed,7,卡面机制：米 力量 迅捷 0:0 5K 蛇
3537,02御主\01已确认御主\02FGO\小达芬奇\艺术品衍生卡\ATK\达芬奇衍生攻击卡 (23).png,analyzed,7,卡面机制：魔術 迅捷 2K 月灵髓液 O 滔滔不绝-被动/战斗阶段：可以花费2点魔力从手牌中打出 此牌。 | 卡面机制：斩击-行动阶段：此牌威力+2。
3538,02御主\01已确认御主\02FGO\小达芬奇\艺术品衍生卡\ATK\达芬奇衍生攻击卡 (24).png,analyzed,7,卡面机制：魔術 迅捷 2K 月灵髓液 O 滔滔不绝-被动/战斗阶段：可以花费2点魔力从手牌中打出 此牌。 | 卡面机制：斩击-行动阶段：此牌威力+2。
3539,02御主\01已确认御主\02FGO\小达芬奇\艺术品衍生卡\ATK\达芬奇衍生攻击卡 (25).png,analyzed,7,卡面机制：特殊 月灵髓液 O 滔滔不绝-被动/战斗阶段：可以花费2点魔力从手牌中打出 此牌。 | 卡面机制：沸腾吧，我的血液-战斗阶段：你可无视此回合的【战败】 效果。
3540,02御主\01已确认御主\02FGO\小达芬奇\艺术品衍生卡\ATK\达芬奇衍生攻击卡 (26).png,analyzed,7,卡面机制：魔術 月灵髓液 1K 滔滔不绝-被动/战斗阶段：可以花费2点魔力从手牌中打出 此牌。 | 卡面机制：追踪抹杀-战斗阶段：与你交战的对手失去所有地利。
3541,02御主\01已确认御主\02FGO\小达芬奇\艺术品衍生卡\ATK\达芬奇衍生攻击卡 (27).png,analyzed,7,卡面机制：魔術 月灵髓液 1K 滔滔不绝-被动/战斗阶段：可以花费2点魔力从手牌中打出 此牌。 | 卡面机制：追踪抹杀-战斗阶段：与你交战的对手失去所有地利。
3542,02御主\01已确认御主\02FGO\小达芬奇\艺术品衍生卡\ATK\达芬奇衍生攻击卡 (28).png,analyzed,7,卡面机制：魔術 迅捷 2K 月灵髓液 O 滔滔不绝-被动/战斗阶段：可以花费2点魔力从手牌中打出 此牌。 | 卡面机制：斩击-行动阶段：此牌威力+2。
3543,02御主\01已确认御主\02FGO\小达芬奇\艺术品衍生卡\ATK\达芬奇衍生攻击卡 (3).png,analyzed,7,卡面机制：米Strength 三 魔力猛攻 真言术：烂-战斗阶段：令你的所有交战对手计算合计威 力时改为减少其地利数而不是增加。 | 卡面机制：若你不位于战场，改为选择一名不位于魔术工房的对手 【烧毁工房】。
3544,02御主\01已确认御主\02FGO\小达芬奇\艺术品衍生卡\ATK\达芬奇衍生攻击卡 (4).png,analyzed,7,卡面机制：Agility 002K 起源弹 切断与结合-战斗阶段：令一名你的交战对手失去三分之一 的魔力（向上取整），然后此牌获得等同于其失去魔力值 二倍的威力。
3545,02御主\01已确认御主\02FGO\小达芬奇\艺术品衍生卡\ATK\达芬奇衍生攻击卡 (5).png,analyzed,7,卡面机制：变节 2010K 被动：当你抽到此牌时，再抽一张牌。 | 卡面机制：主从争斗-唯一/被动：当罗榭的手牌中拥有3张或更多【变 节】时，他立即失去6点战果，然后他可以花费一枚令咒并 将所有【变节】洗回牌堆。 | 卡面机制：若他不花费，其立即【败北】并将所有【变节】弃置。
3546,02御主\01已确认御主\02FGO\小达芬奇\艺术品衍生卡\ATK\达芬奇衍生攻击卡 (6).png,analyzed,7,卡面机制：变节 2010K 被动：当你抽到此牌时，再抽一张牌。 | 卡面机制：主从争斗-唯一/被动：当罗榭的手牌中拥有3张或更多【变 节】时，他立即失去6点战果，然后他可以花费一枚令咒并 将所有【变节】洗回牌堆。 | 卡面机制：若他不花费，其立即【败北】并将所有【变节】弃置。
3547,02御主\01已确认御主\02FGO\小达芬奇\艺术品衍生卡\ATK\达芬奇衍生攻击卡 (7).png,analyzed,7,卡面机制：变节 2010K 被动：当你抽到此牌时，再抽一张牌。 | 卡面机制：主从争斗-唯一/被动：当罗榭的手牌中拥有3张或更多【变 节】时，他立即失去6点战果，然后他可以花费一枚令咒并 将所有【变节】洗回牌堆。 | 卡面机制：若他不花费，其立即【败北】并将所有【变节】弃置。
3548,02御主\01已确认御主\02FGO\小达芬奇\艺术品衍生卡\ATK\达芬奇衍生攻击卡 (8).png,analyzed,7,卡面机制：变节 2010K 被动：当你抽到此牌时，再抽一张牌。 | 卡面机制：主从争斗-唯一/被动：当罗榭的手牌中拥有3张或更多【变 节】时，他立即失去6点战果，然后他可以花费一枚令咒并 将所有【变节】洗回牌堆。 | 卡面机制：若他不花费，其立即【败北】并将所有【变节】弃置。
3549,02御主\01已确认御主\02FGO\小达芬奇\艺术品衍生卡\ATK\达芬奇衍生攻击卡 (9).png,analyzed,7,卡面机制：变节 2010K 被动：当你抽到此牌时，再抽一张牌。 | 卡面机制：主从争斗-唯一/被动：当罗榭的手牌中拥有3张或更多【变 节】时，他立即失去6点战果，然后他可以花费一枚令咒并 将所有【变节】洗回牌堆。 | 卡面机制：若他不花费，其立即【败北】并将所有【变节】弃置。
3550,02御主\01已确认御主\02FGO\小达芬奇\艺术品衍生卡\SKILL-希耶尔-火葬式典.png,analyzed,7,卡面机制：Special 火葬式典 4& 你拥有的魔力少于8点也可以打出此牌。 | 卡面机制：驱魔-战斗阶段：若你赢得一场未进行争夺战的战斗， 获得等于你地利位置数的战果。 | 卡面机制：神职便利-战斗阶段：若你位于侦查，获得2点魔力。
3551,02御主\01已确认御主\02FGO\小达芬奇\艺术品衍生卡\SKILL-希耶尔-第七圣典.png,analyzed,7,卡面机制：Strength 7K 第七圣典 3 <每局游戏限一次> 粉碎灵魂-战斗阶段：你的交战对手若未控制【幸运】， 其下回合无法从局势牌获得魔力和威力加成。
3552,02御主\01已确认御主\02FGO\小达芬奇\艺术品衍生卡\SKILL-干将莫邪.png,analyzed,7,卡面机制：米 力量 宝具 干将·莫邪 10 15K （你的魔力需要达到8点才能打出此牌） 投影-此牌需追加打出。
3553,02御主\01已确认御主\02FGO\小达芬奇\艺术品衍生卡\httpssteamusercontentaakamaihdnetugc2491130170962018349D9EA957CB2C6B130E7549D7B95BAB1169F4A9190.png,analyzed,7,卡面机制：宝具 05K 干将·莫邪 【真名解放】 投影-此牌需追加打出。 | 卡面机制：防弹加工-打出此牌需移除你弃牌堆的两张牌，此牌获得因 此效果被移除的牌属性至回合结束。
3554,02御主\01已确认御主\02FGO\小达芬奇\艺术品衍生卡\httpssteamusercontentaakamaihdnetugc2491130170962018989C0CC18680D37858BC8885ED545B6F4DE9FFC2205.png,analyzed,7,卡面机制：特殊 5 3& 无限剑制 笑铁心-战斗阶段：选择一种属性和一名你战斗中的玩家， 令其展示其弃牌堆。 | 卡面机制：将所有具有选择的属性的牌洗回其牌库， 每以此效果洗回一张牌，便令你获得+2合计威力。 | 卡面机制：若因此效果洗回了4张以上的牌，令该玩家【败北】。
3555,02御主\01已确认御主\02FGO\小达芬奇\艺术品衍生卡\httpssteamusercontentaakamaihdnetugc24911301709625597473E5771215D22263935CA013FAE3EEAED50672525.png,analyzed,7,卡面机制：黑泥 准备阶段：花费2点魔力，若你未激活【被污染的圣杯】， 获得2点战果。
3556,02御主\01已确认御主\02FGO\小达芬奇\艺术品衍生卡\httpssteamusercontentaakamaihdnetugc35562319017100912698FA107D1F381796622470948240F2EF21E5827.png,analyzed,7,卡面机制：阿瓦隆 被动：当你首次淘汰时，失去所有魔力之后继续游戏。
3557,02御主\01已确认御主\02FGO\小达芬奇\艺术品衍生卡\httpssteamusercontentaakamaihdnetugc355628691850193947B331376C4F798E5E8AC617C7B2841CA62814F4C.png,analyzed,7,卡面机制：器录 第八回合结束时，若你的战果不是第一名，你获得【被污染 的圣杯】。
3558,02御主\01已确认御主\02FGO\小达芬奇\艺术品衍生卡\skill-神秘代码 (1).png,analyzed,7,卡面机制：Magic 神秘代码：Extella 频率对接-被动：当你移动时，将此牌移除游戏（其可以被 再度加入技能区）。 | 卡面机制：cc_回复0-战斗阶段：若你战败，获得等于你本回合打出的 一张非残留攻击的魔力消耗一半的魔力（向上取整）。
3559,02御主\01已确认御主\02FGO\小达芬奇\艺术品衍生卡\skill-神秘代码 (2).png,analyzed,7,卡面机制：迅捷 1K 神秘代码：CCC 数据泄露-被动：当你输掉一场战斗时，失去1点战果。 | 卡面机制：代码_非法侵入-行动阶段：选择一名位于当前战场的玩家， 查看其牌堆顶3张牌。 | 卡面机制：弃置其中任意数量的牌，然后将剩余 牌按任意顺序放回其牌堆顶部。
3560,02御主\01已确认御主\02FGO\小达芬奇\艺术品衍生卡\skill-神秘代码 (3).png,analyzed,7,卡面机制：米 力量 神秘代码：Link 10K O 精神同步-被动：你的令咒只可用来移动和支付它来使用某 些能力。 | 卡面机制：代码_月球驱动-行动阶段：你本回合的攻击增加其自身魔力 消耗等值的威力（最多+3）。
3561,02御主\01已确认御主\02FGO\小达芬奇\艺术品衍生卡\skill-神秘代码 (4).png,analyzed,7,卡面机制：特殊 神秘代码：Extra 1& 应急协议-被动：当你赢得一场战斗时，将此牌移除游戏。 | 卡面机制：代码_秘密通道-当一名其他玩家进入你所在的战场时，你可 移动至侦查，此时你不计入侦查的人数限制。
3562,02御主\01已确认御主\02FGO\小达芬奇\艺术品衍生卡\七重圆环.png,analyzed,7,卡面机制：特殊 2 4& 炽天覆七重圆环 战斗阶段：将同一战场所有对手的 属性威力变为0。
3563,02御主\01已确认御主\02FGO\小达芬奇\艺术品衍生卡\伪-螺旋剑.png,analyzed,7,卡面机制：迅捷 宝具 伪·螺旋剑 4K 2 【真名解放】 <每局游戏限一次> 行动阶段：将你的地利变为3倍。 | 卡面机制：战斗阶段：若赢得本场战斗，获得4战果。
3564,02御主\01已确认御主\02FGO\小达芬奇\艺术品衍生卡\克洛伊 (1).png,analyzed,7,卡面机制：投影魔术 <每局游戏限一次> 行动阶段：选择一名本局游戏外名字带有【卫宫】或 【克洛伊】的从者的一张非职阶技能，将其<每局游戏限 一次>的复制加入技能区。
3565,02御主\01已确认御主\02FGO\小达芬奇\艺术品衍生卡\分析X10 - 副本 (2) - 副本 - 副本.png,analyzed,7,卡面机制：分析 当岸波白野【挑战】你时，每持有3张【分析】将使岸波白 野获胜一局。 | 卡面机制：当你被淘汰时，将你的【分析】按回合顺序传给下一位未被 淘汰的岸波白野的对手。
3566,02御主\01已确认御主\02FGO\小达芬奇\艺术品衍生卡\分析X10 - 副本 (2) - 副本.png,analyzed,7,卡面机制：分析 当岸波白野【挑战】你时，每持有3张【分析】将使岸波白 野获胜一局。 | 卡面机制：当你被淘汰时，将你的【分析】按回合顺序传给下一位未被 淘汰的岸波白野的对手。
3567,02御主\01已确认御主\02FGO\小达芬奇\艺术品衍生卡\分析X10 - 副本 (2).png,analyzed,7,卡面机制：分析 当岸波白野【挑战】你时，每持有3张【分析】将使岸波白 野获胜一局。 | 卡面机制：当你被淘汰时，将你的【分析】按回合顺序传给下一位未被 淘汰的岸波白野的对手。
3568,02御主\01已确认御主\02FGO\小达芬奇\艺术品衍生卡\分析X10 - 副本 (3) - 副本.png,analyzed,7,卡面机制：分析 当岸波白野【挑战】你时，每持有3张【分析】将使岸波白 野获胜一局。 | 卡面机制：当你被淘汰时，将你的【分析】按回合顺序传给下一位未被 淘汰的岸波白野的对手。
3569,02御主\01已确认御主\02FGO\小达芬奇\艺术品衍生卡\分析X10 - 副本 (3).png,analyzed,7,卡面机制：分析 当岸波白野【挑战】你时，每持有3张【分析】将使岸波白 野获胜一局。 | 卡面机制：当你被淘汰时，将你的【分析】按回合顺序传给下一位未被 淘汰的岸波白野的对手。
3570,02御主\01已确认御主\02FGO\小达芬奇\艺术品衍生卡\分析X10 - 副本 - 副本 (2).png,analyzed,7,卡面机制：分析 当岸波白野【挑战】你时，每持有3张【分析】将使岸波白 野获胜一局。 | 卡面机制：当你被淘汰时，将你的【分析】按回合顺序传给下一位未被 淘汰的岸波白野的对手。
3571,02御主\01已确认御主\02FGO\小达芬奇\艺术品衍生卡\分析X10 - 副本 - 副本 - 副本.png,analyzed,7,卡面机制：分析 当岸波白野【挑战】你时，每持有3张【分析】将使岸波白 野获胜一局。 | 卡面机制：当你被淘汰时，将你的【分析】按回合顺序传给下一位未被 淘汰的岸波白野的对手。
3572,02御主\01已确认御主\02FGO\小达芬奇\艺术品衍生卡\分析X10 - 副本 - 副本.png,analyzed,7,卡面机制：分析 当岸波白野【挑战】你时，每持有3张【分析】将使岸波白 野获胜一局。 | 卡面机制：当你被淘汰时，将你的【分析】按回合顺序传给下一位未被 淘汰的岸波白野的对手。
3573,02御主\01已确认御主\02FGO\小达芬奇\艺术品衍生卡\分析X10 - 副本.png,analyzed,7,卡面机制：分析 当岸波白野【挑战】你时，每持有3张【分析】将使岸波白 野获胜一局。 | 卡面机制：当你被淘汰时，将你的【分析】按回合顺序传给下一位未被 淘汰的岸波白野的对手。
3574,02御主\01已确认御主\02FGO\小达芬奇\艺术品衍生卡\分析X10.png,analyzed,7,卡面机制：分析 当岸波白野【挑战】你时，每持有3张【分析】将使岸波白 野获胜一局。 | 卡面机制：当你被淘汰时，将你的【分析】按回合顺序传给下一位未被 淘汰的岸波白野的对手。
3575,02御主\01已确认御主\02FGO\小达芬奇\艺术品衍生卡\圣骸布 (2).png,analyzed,7,卡面机制：抹大拉的圣骸布 行动阶段：选择一名与你交战的对手，他无法于自己的回合 内移动且合计威力-1至-5（由你选择）。 | 卡面机制：若其本回合战败， 将此牌移除游戏。
3576,02御主\01已确认御主\02FGO\小达芬奇\艺术品衍生卡\宿敌与崩坏 (1).png,analyzed,7,卡面机制：崩坏 准备阶段：你必须使用此能力。 | 卡面机制：将你的技能区和手牌混在 一起随机抽取一张。 | 卡面机制：如果该牌是攻击牌，则其将作为本回 合必须使用的牌（可以打出或盖牌）。 | 卡面机制：该牌威力+3。
3577,02御主\01已确认御主\02FGO\小达芬奇\艺术品衍生卡\宿敌与崩坏 (2).png,analyzed,7,卡面机制：宿敌 你不能于自己回合从间桐雁夜所在的战场上离开。 | 卡面机制：间桐雁夜与你战斗时将威力-2。 | 卡面机制：当间桐雁夜战胜你时，其 获得3点战果。 | 卡面机制：当你在游戏中被淘汰时，间桐雁夜获得4点战果并【崩坏】。
3578,02御主\01已确认御主\02FGO\小达芬奇\艺术品衍生卡\干将·莫邪.png,analyzed,7,卡面机制：米 力量 宝具 5K 干将·莫邪 被动/行动阶段：若你激活的攻击印刷基本威力之和恰好为5， 打出一张牌。 | 卡面机制：鹤翼三连-战斗阶段：如果你本回合于一处战场打出此牌，关 闭之。 | 卡面机制：若如此，在下回合开始时将此牌加入攻击。
3579,02御主\01已确认御主\02FGO\小达芬奇\艺术品衍生卡\幻影爱丽丝.png,analyzed,7,卡面机制：幻影爱丽丝 两位爱丽丝代表同一名玩家，她们视为激活了相同的卡牌 但是需要分别计算她们的威力。 | 卡面机制：当她们分开时，你需要决定 由哪一处的爱丽丝来发动你针对地点或战斗的效果。 | 卡面机制：（你不 会因此而触发两次你的能力。 | 卡面机制：）
3580,02御主\01已确认御主\02FGO\小达芬奇\艺术品衍生卡\挑战结果.png,analyzed,7,卡面机制：挑战结果 0胜：你【败北】。 | 卡面机制：1+胜：你总威力+2。 | 卡面机制：2+胜：你总威力+3。 | 卡面机制：给挑战的对手1张【分析】。 | 卡面机制：3+胜：挑战的对手【败北】。
3581,02御主\01已确认御主\02FGO\小达芬奇\艺术品衍生卡\无限剑制.png,analyzed,7,卡面机制：特殊 201& 无限剑制 【真名解放】 残留：于你的行动阶段中关闭一张自己控制的攻击，从你的 手牌或牌库中打出至多2张基本威力与之印刷基本威力相同 的牌，若你打出的牌少于两张，关闭此【无限剑制】。
3582,02御主\01已确认御主\02FGO\小达芬奇\艺术品衍生卡\普通职介技能 (1).png,analyzed,7,卡面机制：迅捷 特殊 战斗续行 3 5& 行动阶段：移动至除魔术工房外的任意地点。
3583,02御主\01已确认御主\02FGO\小达芬奇\艺术品衍生卡\普通职介技能 (2).png,analyzed,7,卡面机制：魔術 X02& 阵地建造 X为16-（当前回合数×2） 残留：当你部署于魔术工房时，获得1点魔力和2点战果。
3584,02御主\01已确认御主\02FGO\小达芬奇\艺术品衍生卡\普通职介技能 (5).png,analyzed,7,卡面机制：Special 300K 骑乘 打出时：若此牌与一张基础攻击一同打出，抽一张牌。 | 卡面机制：坐骑召唤-行动阶段：打出至多3张基本威力为3或更低的手 牌。
3585,02御主\01已确认御主\02FGO\小达芬奇\艺术品衍生卡\普通职介技能 (6).png,analyzed,7,卡面机制：Agility 气息遮断 4K 刺杀-战斗阶段：战力结算后，如果你满足以下条件，令战 力最高的所有交战对手【败北】： 1.你的战力低于战力最高的所有交战对手。 | 卡面机制：2.没有除战力最高的交战对手外其他战力高于你的交战对手。 | 卡面机制：3.此战斗有3名及以上的参与者。
3586,02御主\01已确认御主\02FGO\小达芬奇\艺术品衍生卡\普通职介技能 (7).png,analyzed,7,卡面机制：特殊 单独行动 当你的行动顺位为当前回合前半数时（向下取整），你才能 使用此牌。 | 卡面机制：行动阶段：你获得3点战果。 | 卡面机制：如果你本回合战斗失败，失去5点战果，此效果不能被任何方 法阻止。
3587,02御主\01已确认御主\02FGO\小达芬奇\艺术品衍生卡\神秘碾断.png,analyzed,7,卡面机制：迅捷 宝具 3K 神秘碾断 【真名解放】 行动阶段：与你位于同一战场的其他玩家选择自己失去3点 战果或者于本回合中不能使用魔力。
3588,02御主\01已确认御主\02FGO\小达芬奇\艺术品衍生卡\空想具现化.png,analyzed,7,卡面机制：Noble Phantasm 空想具现化 <每局游戏限一次> 行动阶段：在你的战斗阶段时，你可以关闭一张你战斗中 的基础攻击。 | 卡面机制：若如此做，其控制者抽牌直至抽到一张基础 攻击后，将其加入攻击，然后你可以重复使用一次此效果。
3589,02御主\01已确认御主\02FGO\小达芬奇\艺术品衍生卡\绞首型之雷 (1).png,analyzed,7,卡面机制：Attack 绞首刑之雷：宝具
3590,02御主\01已确认御主\02FGO\小达芬奇\艺术品衍生卡\绞首型之雷 (2).png,analyzed,7,卡面机制：米Strength Physical Attack 5K 绞首刑之雷：力量 Basic
3591,02御主\01已确认御主\02FGO\小达芬奇\艺术品衍生卡\绞首型之雷 (3).png,analyzed,7,卡面机制：Agility Precision Strike 105k 绞首刑之雷：迅捷 Basic
3592,02御主\01已确认御主\02FGO\小达芬奇\艺术品衍生卡\绞首型之雷 (4).png,analyzed,7,"卡面机制：Special Luck 0:0 4K Close Save - Combat: You ignore the [defeat] status(you cannot play cards,if boonLdofoatodlalready) 绞首刑之雷：特殊 Basic"
3593,02御主\01已确认御主\02FGO\小达芬奇\艺术品衍生卡\绞首型之雷 (5).png,analyzed,7,卡面机制：Magic Magic Blast 105℃ 绞首刑之雷：魔术 Basic
3594,02御主\01已确认御主\02FGO\小达芬奇\艺术品衍生卡\绞首型之雷.png,analyzed,7,卡面机制：魔术 绞首刑之雷 6K 打出时：宣言一种本局游戏未宣言过的属性。 | 卡面机制：战斗阶段：将所有交战对手与本回合宣言属性相同的基础牌 威力变为0。
3595,02御主\01已确认御主\02FGO\小达芬奇\艺术品衍生卡\花开堪折直须折.png,analyzed,7,卡面机制：迅捷 宝具 5 7K 花开堪折直须折 【真名解放】 行动阶段：计算你的合计威力（不计算未触发的战斗阶段 能力加成）。 | 卡面机制：如果超过12，获得你所在战场上的一张事件 牌的战果，然后弃置该事件牌。
3596,02御主\01已确认御主\02FGO\小达芬奇\艺术品衍生卡\血之渴望.png,analyzed,7,卡面机制：血之渴望 你的基础攻击+1魔力消耗并+2威力。 | 卡面机制：你无法使用【空想具现化】，回合结束时，你失去2点战果。
3597,02御主\01已确认御主\02FGO\小达芬奇\艺术品衍生卡\补充规则 (1).png,analyzed,7,卡面机制：幻影规则补充 1、爱丽丝和幻影爱丽丝视为“1个对手”，“1名玩家”，“你”。 | 卡面机制：2、2个爱丽丝共同获得的：被动（无/XX阶段）、牌面描述、合计威力 增减，（未提及地点/战斗的）打出时，牌的威力增减。 | 卡面机制：3、战斗/地点相关：描述中提及以下词语视为地点或战斗相关-交战、 地点、战斗、战场。 | 卡面机制：4、爱丽丝/幻影跟随移动受交战状态影响。
3598,02御主\01已确认御主\02FGO\小达芬奇\艺术品衍生卡\补充规则 (2).png,analyzed,7,卡面机制：幻影规则补充 选择地点条件：发动时点（结算/触发/发动效果时），满足条件（2爱丽丝 不在一起，并且提及3中的关键词），发动结果：选择一个地点发动。 | 卡面机制：FAQ: 1.爱丽丝的牌只有一张，同时作用于爱丽丝的2个棋子。 | 卡面机制：2.对手指的是玩家或者NPC，而不是指爱丽丝的棋子，因此，2个爱丽 丝在一起视为一个爱丽丝。
3599,02御主\01已确认御主\02FGO\小达芬奇\艺术品衍生卡\被污染的圣杯 (1).png,analyzed,7,卡面机制：被污染的圣杯 你拥有无限魔力（此状态下无法获得或失去魔力）。 | 卡面机制：每回合常规攻击可以多打一张牌。
3600,02御主\01已确认御主\02FGO\小达芬奇\达芬奇.png,analyzed,7,卡面机制：莱昂纳多·达·芬奇 伪装契约-你使用令咒时无法通过其增加合计威力（不影响 通过胜利获得额外战果）。 | 卡面机制：万能之人-你拥有【艺术品】。 | 卡面机制：【艺术品】及其衍生牌提及 御主名称时，视为提到的是你。
3601,02御主\01已确认御主\02FGO\愚人节咕哒子\升华技-爆了.png,analyzed,7,卡面机制：CETRRL 爆了 你解锁此牌的回合结束时，【杀死】所有玩家的从者， 然后令所有玩家分别抽取一名新的从者。 | 卡面机制：你的所有从者技能-1魔力消耗并+1威力直至游戏结束。 | 卡面机制：（从游戏中移除被杀死的从者的所有卡牌）
3602,02御主\01已确认御主\02FGO\愚人节咕哒子\咕哒子.png,analyzed,7,卡面机制：咕哒子 拿来吧你-游戏开始时，你不抽取从者，改为查看所有玩 家的从者后，选择其中一个抢夺。 | 卡面机制：然后被抢夺从者的玩家 按规则重新抽取从者（你无法查看其新抽取的从者）。
3603,02御主\01已确认御主\02FGO\愚人节咕哒子\头像-咕哒子.png,non_rule,7,非规则素材：头像-咕哒子.png（牌背、头像、立牌、标记或纯数值指示物）
3604,02御主\01已确认御主\02FGO\愚人节咕哒子\立牌-咕哒子.png,non_rule,7,非规则素材：立牌-咕哒子.png（牌背、头像、立牌、标记或纯数值指示物）
3605,02御主\01已确认御主\02FGO\拉妮\升华技-阿特拉斯院.png,analyzed,7,卡面机制：阿特拉斯院科研 解锁此技能后立刻获得数值等同于回合数的二倍减去当前存 活玩家的战果并重新决定你的【预言】。 | 卡面机制：在高潮回合，你从剩余的事件牌堆中选择放置新的事件牌。
3606,02御主\01已确认御主\02FGO\拉妮\拉妮.png,analyzed,7,卡面机制：拉尼VII 占星术-你可以查看被弃置的局势牌。 | 卡面机制：当一张非高潮局势牌 将要生效时，将其弃置。 | 卡面机制：然后你放置一张被弃置的局势牌。 | 卡面机制：在第四回合结束后，获得两张【预言】并立即使用。
3607,02御主\01已确认御主\02FGO\拉妮\拉妮立牌.png,non_rule,7,非规则素材：拉妮立牌.png（牌背、头像、立牌、标记或纯数值指示物）
3608,02御主\01已确认御主\02FGO\拉妮\预言 (1).png,analyzed,7,卡面机制：天从人愿 选择你的一名对手。 | 卡面机制：每次该玩家从淘汰中幸存，你得到2战果。
3609,02御主\01已确认御主\02FGO\拉妮\预言 (2).png,unclear,7,OCR/转录不足，暂不能可靠判定完整机制：（未识别到文字）
3610,02御主\01已确认御主\02FGO\拉妮\预言 (3).png,analyzed,7,卡面机制：一语成 选择一位对手，如果他是第一轮被淘汰的玩家，你获得6点 战果。
3611,02御主\01已确认御主\02FGO\提马亚特\SKILL-生命之海.png,analyzed,7,卡面机制：生命之海 2& 1 你拥有的魔力少于8点也可打出此牌。 | 卡面机制：残留：你的回合中可以关闭一张【魔兽】，用以支付一枚令 咒。 | 卡面机制：前哨阶段：关闭此牌，打出游戏外的一张【魔兽】。
3612,02御主\01已确认御主\02FGO\提马亚特\atk-魔兽 (1).png,analyzed,7,卡面机制：米 力量 原始之龙 2 6K 【魔兽】 <每局游戏限一次> 残留：当你输掉一场战斗时，关闭此牌。 | 卡面机制：你无法于你的常规 出牌打出基础牌。 | 卡面机制：当你打出一张魔力消耗为3或更多的攻击 时，其+2威力直至回合结束。
3613,02御主\01已确认御主\02FGO\提马亚特\atk-魔兽 (2).png,analyzed,7,卡面机制：迅捷 4K 魔性之猪 【魔兽】 <每局游戏限一次> 残留：当你输掉战斗时，关闭此牌。 | 卡面机制：当你赢得战斗时，此战 斗的败者失去1点战果。
3614,02御主\01已确认御主\02FGO\提马亚特\atk-魔兽 (3).png,analyzed,7,卡面机制：魔術 波涛之兽 0016K 【魔兽】 <每局游戏限一次> 残留：你于攻击中少打一张牌。 | 卡面机制：行动阶段：关闭此牌，从深山町或新都移动至任意地点。
3615,02御主\01已确认御主\02FGO\提马亚特\升华技-泰坦模式.png,analyzed,7,卡面机制：泰坦模式 你不能进入魔术工房。 | 卡面机制：无视阻碍你打出牌的卡牌效果。 | 卡面机制：你的 基础攻击费用+3且威力+5。 | 卡面机制：你可以选择暗置打出2张牌作为 攻击，若如此，将【生命之海】加入你的攻击。
3616,02御主\01已确认御主\02FGO\提马亚特\头像.png,non_rule,7,非规则素材：头像.png（牌背、头像、立牌、标记或纯数值指示物）
3617,02御主\01已确认御主\02FGO\提马亚特\提妈立牌.png,non_rule,7,非规则素材：提妈立牌.png（牌背、头像、立牌、标记或纯数值指示物）
3618,02御主\01已确认御主\02FGO\提马亚特\提马亚特.png,analyzed,7,卡面机制：提亚马特 万物之母-你没有令咒。 | 卡面机制：将【生命之海】加入你的技能区。 | 卡面机制：当你获得令咒时，改为将一张【魔兽】加入攻击。 | 卡面机制：人类恶-你的魔力初始值为8点。 | 卡面机制：战胜你的玩家获得1点战果。
3619,02御主\01已确认御主\02FGO\杀生院\升华技-魔性菩萨.png,analyzed,7,卡面机制：魔性菩萨 解锁此技能后，立即移除一张【秘密花园】并获得4点战果。 | 卡面机制：当你激活【天堂之孔】时，莎士比亚的技能不计入你拥有的 技能，不占用技能位。
3620,02御主\01已确认御主\02FGO\杀生院\天堂之孔.png,analyzed,7,卡面机制：天堂之孔 移除任意数量的技能牌，然后将【胎藏界】【钻石领域】 【此世全部之欲】补充至你的技能区达到3个技能。 | 卡面机制：你在准 备阶段即进行你的前哨及行动阶段。
3621,02御主\01已确认御主\02FGO\杀生院\天堂之孔牌背.png,non_rule,7,非规则素材：天堂之孔牌背.png（牌背、头像、立牌、标记或纯数值指示物）
3622,02御主\01已确认御主\02FGO\杀生院\头像.png,non_rule,7,非规则素材：头像.png（牌背、头像、立牌、标记或纯数值指示物）
3623,02御主\01已确认御主\02FGO\杀生院\杀生院-技能 (1).png,analyzed,7,卡面机制：宝具 5K 钻石领域 7 残留：玩家们无法通过【无限的恐惧】以外的方式抽牌。 | 卡面机制：玩家们每回合可以打少于两张牌。 | 卡面机制：当你【败北】时，此牌威力-5，且你无视【败北】与相应 效果。
3624,02御主\01已确认御主\02FGO\杀生院\杀生院-技能 (2).png,analyzed,7,卡面机制：宝具 15& 此世全部之欲 当玩家部署于你所在的地点将移除游戏他们的一张【秘密 花园】，如果他们无法移除则【败北】。 | 卡面机制：当有玩家移动至 你所在的地点，将弃置他们的所有手牌，如果他们弃置的 手牌数低于3张则【败北】。
3625,02御主\01已确认御主\02FGO\杀生院\杀生院-技能 (3).png,analyzed,7,卡面机制：宝具 3& 胎藏界·理拳印 O 当你打出此牌时，下个玩家行动阶段开始时，战斗阶段开始 时，你可以弃置一张事件牌，然后抽一新事件牌代替。 | 卡面机制：获得 你因此能力弃置的所有事件牌战果数的合计威力。
3626,02御主\01已确认御主\02FGO\杀生院\杀生院祈荒.png,analyzed,7,卡面机制：杀生院祈荒 游戏开始时将6张【秘密花园】依轮次随机暗置于其他玩家 处。 | 卡面机制：他们可查看自己的【秘密花园】。 | 卡面机制：在游戏第八回合结束 后激活【天堂之孔】。 | 卡面机制：五停心观-当你输给一位拥有暗置【秘密花园】的对手时， 展示其一张【秘密花园】。
3627,02御主\01已确认御主\02FGO\杀生院\杀生院立牌.png,non_rule,7,非规则素材：杀生院立牌.png（牌背、头像、立牌、标记或纯数值指示物）
3628,02御主\01已确认御主\02FGO\杀生院\秘密花园 (1).png,analyzed,7,卡面机制：2 征服欲 当【此世全部之欲】放置入场时，展示此牌。 | 卡面机制：【此世全部之欲】的威力-6。 | 卡面机制：当此牌因【五停心观】展开时，若杀生院本回合未进行移 动，其获得2点战果。
3629,02御主\01已确认御主\02FGO\杀生院\秘密花园 (2).png,analyzed,7,卡面机制：1 逃避现实 当【胎藏界】放置入场时，展示此牌。 | 卡面机制：【胎藏界】无法在行动阶段开始时弃置事件牌。 | 卡面机制：当此牌因【五停心观】展开时，若杀生院本回合未进行移 动，其获得1点战果。
3630,02御主\01已确认御主\02FGO\杀生院\秘密花园 (3).png,analyzed,7,卡面机制：1 过往的遗憾 当【胎藏界】放置入场时，展示此牌。 | 卡面机制：【胎藏界】无法在其打出的时候弃置事件牌。 | 卡面机制：当此牌因【五停心观】展开时，若杀生院本回合未进行移 动，其获得1点战果。
3631,02御主\01已确认御主\02FGO\杀生院\秘密花园 (4).png,analyzed,7,卡面机制：1 未来的恐惧 当【胎藏界】放置入场时，展示此牌 【胎藏界】无法在战斗阶段开始时弃置事件牌 当此牌因【五停心观】展开时，若杀生院本回合未进行移 动，其获得1点战果。
3632,02御主\01已确认御主\02FGO\杀生院\秘密花园 (5).png,analyzed,7,卡面机制：2 控制欲 当【此世全部之欲】放置入场时，展示此牌。 | 卡面机制：当玩家移动至杀生院所在的地点时，【此世全部之欲】不 触发效果。 | 卡面机制：当此牌因【五停心观】展开时，若杀生院本回合未进行移 动，其获得2点战果。
3633,02御主\01已确认御主\02FGO\杀生院\秘密花园 (6).png,analyzed,7,卡面机制：3 无限的恐惧 当【钻石领域】放置入场时，展示此牌。 | 卡面机制：当【钻石领域】打出时，杀生院以外的玩家抽3张牌。 | 卡面机制：当此牌因【五停心观】展开时，若杀生院本回合未进行移 动，其获得3点战果
3634,02御主\01已确认御主\02FGO\杀生院\秘密花园牌背.png,non_rule,7,非规则素材：秘密花园牌背.png（牌背、头像、立牌、标记或纯数值指示物）
3635,02御主\01已确认御主\02FGO\沃戴姆\SKILL-人理保障天球.png,analyzed,7,卡面机制：魔术 7 21K 人理保障天球 星体回路-被动/战斗阶段：若你以天体学记录了本回合， 打出此牌（你拥有的魔力少于8点也可打出），战力结算时， 忽略你其他攻击的威力。 | 卡面机制：此牌不能通过其他任何方式入场。
3636,02御主\01已确认御主\02FGO\沃戴姆\亚特兰蒂斯\亚特兰蒂斯 (1).png,analyzed,7,卡面机制：0 赫菲斯托斯终端 【亚特兰蒂斯】 将3个【神之遗产】放置于此地点。 | 卡面机制：所有玩家获得1个【神之遗产】。
3637,02御主\01已确认御主\02FGO\沃戴姆\亚特兰蒂斯\亚特兰蒂斯 (2).png,analyzed,7,卡面机制：0 赫菲斯托斯终端 【亚特兰蒂斯】 将3个【神之遗产】放置于此地点。 | 卡面机制：所有玩家获得1个【神之遗产】。
3638,02御主\01已确认御主\02FGO\沃戴姆\亚特兰蒂斯\亚特兰蒂斯 (3).png,analyzed,7,卡面机制：0 赫菲斯托斯终端 【亚特兰蒂斯】 将3个【神之遗产】放置于此地点。 | 卡面机制：所有玩家获得1个【神之遗产】。
3639,02御主\01已确认御主\02FGO\沃戴姆\亚特兰蒂斯\亚特兰蒂斯 (4).png,analyzed,7,卡面机制：0 赫菲斯托斯终端 【亚特兰蒂斯】 将3个【神之遗产】放置于此地点。 | 卡面机制：所有玩家获得1个【神之遗产】。
3640,02御主\01已确认御主\02FGO\沃戴姆\亚特兰蒂斯\亚特兰蒂斯 (5).png,analyzed,7,卡面机制：0 赫菲斯托斯终端 【亚特兰蒂斯】 将3个【神之遗产】放置于此地点。 | 卡面机制：所有玩家获得1个【神之遗产】。
3641,02御主\01已确认御主\02FGO\沃戴姆\亚特兰蒂斯\亚特兰蒂斯 (6).png,analyzed,7,卡面机制：0 赫菲斯托斯终端 【亚特兰蒂斯】 将3个【神之遗产】放置于此地点。 | 卡面机制：所有玩家获得1个【神之遗产】。
3642,02御主\01已确认御主\02FGO\沃戴姆\亚特兰蒂斯异闻带.png,analyzed,7,卡面机制：亚特兰蒂斯异闻带 当【亚特兰蒂斯】事件牌被揭示时，如果在战场上 则结算其效果并将之移出游戏。 | 卡面机制：否则将其洗回牌库。 | 卡面机制：无论以上哪种情况，抽取一张新的事件牌置于它所 在的位置。 | 卡面机制：扩张-将所有【亚特兰蒂斯】事件牌洗入牌库。
3643,02御主\01已确认御主\02FGO\沃戴姆\升华技-冠位指定.png,analyzed,7,卡面机制：冠位指定 你每赢得一场战斗即可额外秘密写入一个回合数以 触发【人理保障天球】。
3644,02御主\01已确认御主\02FGO\沃戴姆\回合数记录\httpcloud3steamusercontentcomugc18256573909635265842F93D15CC0AA3ACAC03A3B8C6F750B7896E10F60.png,non_rule,7,非规则素材：httpcloud3steamusercontentcomugc18256573909635265842F93D15CC0AA3ACAC03A3B8C6F750B7896E10F60.png（牌背、头像、立牌、标记或纯数值指示物）
3645,02御主\01已确认御主\02FGO\沃戴姆\回合数记录\httpcloud3steamusercontentcomugc1825657390963527185CE523AD77F9921858B85054F2D62888FA4307DF8.png,non_rule,7,非规则素材：httpcloud3steamusercontentcomugc1825657390963527185CE523AD77F9921858B85054F2D62888FA4307DF8.png（牌背、头像、立牌、标记或纯数值指示物）
3646,02御主\01已确认御主\02FGO\沃戴姆\回合数记录\httpcloud3steamusercontentcomugc1825657390963531054213D3A1B17CA08E5DD5F2951680A6867A778DC7C.png,non_rule,7,非规则素材：httpcloud3steamusercontentcomugc1825657390963531054213D3A1B17CA08E5DD5F2951680A6867A778DC7C.png（牌背、头像、立牌、标记或纯数值指示物）
3647,02御主\01已确认御主\02FGO\沃戴姆\回合数记录\httpcloud3steamusercontentcomugc1825657390963531732E72B897746145EECEF305B0F1C9B9F2956471D9B.png,non_rule,7,非规则素材：httpcloud3steamusercontentcomugc1825657390963531732E72B897746145EECEF305B0F1C9B9F2956471D9B.png（牌背、头像、立牌、标记或纯数值指示物）
3648,02御主\01已确认御主\02FGO\沃戴姆\回合数记录\httpcloud3steamusercontentcomugc182565739096353263063C653EF86B2C45BCCDCF72706CCEDEA0B5E4DB2.png,non_rule,7,非规则素材：httpcloud3steamusercontentcomugc182565739096353263063C653EF86B2C45BCCDCF72706CCEDEA0B5E4DB2.png（牌背、头像、立牌、标记或纯数值指示物）
3649,02御主\01已确认御主\02FGO\沃戴姆\回合数记录\httpcloud3steamusercontentcomugc1825657390963533407420D9D850E6765AC2DFE4F7245B0708045C1273C.png,non_rule,7,非规则素材：httpcloud3steamusercontentcomugc1825657390963533407420D9D850E6765AC2DFE4F7245B0708045C1273C.png（牌背、头像、立牌、标记或纯数值指示物）
3650,02御主\01已确认御主\02FGO\沃戴姆\回合数记录\httpcloud3steamusercontentcomugc1825657390963533945C83CB35177F2AE4E03EF2EE210FA08731BF63FA2.png,non_rule,7,非规则素材：httpcloud3steamusercontentcomugc1825657390963533945C83CB35177F2AE4E03EF2EE210FA08731BF63FA2.png（牌背、头像、立牌、标记或纯数值指示物）
3651,02御主\01已确认御主\02FGO\沃戴姆\回合数记录\httpcloud3steamusercontentcomugc1825657390963535482FC941CB8F07F8AC5727262D4096DCBAB0CFA0D52.png,non_rule,7,非规则素材：httpcloud3steamusercontentcomugc1825657390963535482FC941CB8F07F8AC5727262D4096DCBAB0CFA0D52.png（牌背、头像、立牌、标记或纯数值指示物）
3652,02御主\01已确认御主\02FGO\沃戴姆\回合数记录\httpcloud3steamusercontentcomugc1825657390963536193F65AD15E006A81D8DE57D4E9370001778FC2F704.png,non_rule,7,非规则素材：httpcloud3steamusercontentcomugc1825657390963536193F65AD15E006A81D8DE57D4E9370001778FC2F704.png（牌背、头像、立牌、标记或纯数值指示物）
3653,02御主\01已确认御主\02FGO\沃戴姆\回合数记录\httpcloud3steamusercontentcomugc18256573909635367691CF97A87E0F60498F183437397021101A1640E0C.png,non_rule,7,非规则素材：httpcloud3steamusercontentcomugc18256573909635367691CF97A87E0F60498F183437397021101A1640E0C.png（牌背、头像、立牌、标记或纯数值指示物）
3654,02御主\01已确认御主\02FGO\沃戴姆\回合数记录\httpcloud3steamusercontentcomugc18256573909635374412B5DB42B237B8BD9E0F2B5C3C6D34BB07ED78E2F.png,non_rule,7,非规则素材：httpcloud3steamusercontentcomugc18256573909635374412B5DB42B237B8BD9E0F2B5C3C6D34BB07ED78E2F.png（牌背、头像、立牌、标记或纯数值指示物）
3655,02御主\01已确认御主\02FGO\沃戴姆\回合数记录\httpcloud3steamusercontentcomugc18256573909635384429EB3F704EDE1E5D027AD24D370429BAABC75995C.png,non_rule,7,非规则素材：httpcloud3steamusercontentcomugc18256573909635384429EB3F704EDE1E5D027AD24D370429BAABC75995C.png（牌背、头像、立牌、标记或纯数值指示物）
3656,02御主\01已确认御主\02FGO\沃戴姆\头像.png,non_rule,7,非规则素材：头像.png（牌背、头像、立牌、标记或纯数值指示物）
3657,02御主\01已确认御主\02FGO\沃戴姆\奥林匹斯异闻带.png,analyzed,7,卡面机制：奥林匹斯异闻带 扩张-抽取并展示2张事件牌。 | 卡面机制：你可以将其中一张替换为 游戏外的【奥林匹斯】事件牌（替换时为正面），然后 将它们洗回事件牌堆。 | 卡面机制：同时满足扩张条件的玩家需要同步执行扩张。
3658,02御主\01已确认御主\02FGO\沃戴姆\奥林匹斯异闻带\奥林匹斯异闻带 (1).png,analyzed,7,卡面机制：宙斯的雷霆 【奥林匹斯】 【沃戴姆】的对手位于此战场时不能无视【败北】效果。 | 卡面机制：计算战力后，使此处战力未达到21的所有人【败北】。
3659,02御主\01已确认御主\02FGO\沃戴姆\奥林匹斯异闻带\奥林匹斯异闻带 (2).png,analyzed,7,卡面机制：3 德墨忒尔的丰壤 【奥林匹斯】 战力计算后，于前哨阶段部署于此处的沃戴姆的对手【败 北1。
3660,02御主\01已确认御主\02FGO\沃戴姆\奥林匹斯异闻带\奥林匹斯异闻带 (3).png,analyzed,7,卡面机制：3 德墨忒尔的丰壤 【奥林匹斯】 战力计算后，于前哨阶段部署于此处的沃戴姆的对手【败 北1。
3661,02御主\01已确认御主\02FGO\沃戴姆\奥林匹斯异闻带\奥林匹斯异闻带 (4).png,analyzed,7,卡面机制：4 阿芙洛狄忒的心绪 【奥林匹斯】 战力计算后，此处本回合所有未使用令咒的沃戴姆的对手 【败北】。
3662,02御主\01已确认御主\02FGO\沃戴姆\奥林匹斯异闻带\奥林匹斯异闻带 (5).png,analyzed,7,卡面机制：4 阿芙洛狄忒的心绪 【奥林匹斯】 战力计算后，此处本回合所有未使用令咒的沃戴姆的对手 【败北】。
3663,02御主\01已确认御主\02FGO\沃戴姆\奥林匹斯异闻带\奥林匹斯异闻带 (6).png,analyzed,7,卡面机制：宙斯的雷霆 【奥林匹斯】 【沃戴姆】的对手位于此战场时不能无视【败北】效果。 | 卡面机制：计算战力后，使此处战力未达到21的所有人【败北】。
3664,02御主\01已确认御主\02FGO\沃戴姆\沃戴姆.png,analyzed,7,卡面机制：基尔什塔利亚·沃戴姆 隐匿者之首-你负责【亚特兰蒂斯】和【奥林匹斯】异闻带。 | 卡面机制：游戏开始时，扩张【亚特兰蒂斯】。 | 卡面机制：行动阶段：支付5个【神之遗产】，扩张【奥林匹斯】。 | 卡面机制：天体学-秘密记录两个回合数并将【人理保障天球】加入你 的技能区。
3665,02御主\01已确认御主\02FGO\沃戴姆\神之遗产 (1).png,analyzed,7,卡面机制：神之遗产2 拥有【神之遗产】的玩家获得： 行动阶段：支付3X个【神之遗产】，获得X点合计威力（X 最大为3）。 | 卡面机制：行动阶段：支付4X个【神之遗产】，获得X点魔力。
3666,02御主\01已确认御主\02FGO\沃戴姆\神之遗产 (2).png,analyzed,7,卡面机制：神之遗产一 【神之遗产】在【沃戴姆】被淘汰后将持续存在 当一名玩家从有【神之遗产】的地点移动时，他将 带走等同于其地利位置数的【神之遗产】。 | 卡面机制：当玩家 在有【神之遗产】的地点是唯一的获胜者时，他将 获得所有余下的【神之遗产】。
3667,02御主\01已确认御主\02FGO\沃戴姆\神之遗产.png,non_rule,7,非规则素材：神之遗产.png（牌背、头像、立牌、标记或纯数值指示物）
3668,02御主\01已确认御主\02FGO\沃戴姆\立牌.png,non_rule,7,非规则素材：立牌.png（牌背、头像、立牌、标记或纯数值指示物）
3669,02御主\01已确认御主\02FGO\皮斯曼\升华技-救世主.png,analyzed,7,卡面机制：救世主 当你在游戏中拥有最少的战果时，合计威力+12。 | 卡面机制：当你即将被淘汰时，将此牌移除游戏取代淘汰。
3670,02御主\01已确认御主\02FGO\皮斯曼\头像.png,non_rule,7,非规则素材：头像.png（牌背、头像、立牌、标记或纯数值指示物）
3671,02御主\01已确认御主\02FGO\皮斯曼\皮斯曼.png,analyzed,7,卡面机制：特维斯·H·皮斯曼 游戏胜利者-准备阶段和行动阶段：当你于第10回合前，行 动阶段时使用此能力需要支付一枚令咒。 | 卡面机制：将桌面上两张事件 牌交换位置（不将它们翻开），或将桌面上一张正面表示的 事件牌洗回事件牌库，抽一张新的事件牌代替它的位置。
3672,02御主\01已确认御主\02FGO\皮斯曼\皮斯曼立牌.png,non_rule,7,非规则素材：皮斯曼立牌.png（牌背、头像、立牌、标记或纯数值指示物）
3673,02御主\01已确认御主\02FGO\皮斯曼（原罪）\31立牌.png,non_rule,7,非规则素材：31立牌.png（牌背、头像、立牌、标记或纯数值指示物）
3674,02御主\01已确认御主\02FGO\皮斯曼（原罪）\升华技-炽天之槛.png,analyzed,7,卡面机制：FATE/EXTRA 炽天之槛 解锁此技能后，你可以立即改变场上所有的【原罪】的位置。 | 卡面机制：拯救欲-你获得【原罪】时，立即将其切换为【美德】。 | 卡面机制：另一个结局-被动/行动阶段：进行【规则操作】。
3675,02御主\01已确认御主\02FGO\皮斯曼（原罪）\原罪卡组\原罪 (1).png,analyzed,7,卡面机制：色欲 【原罪】 战斗阶段开始时，若你仅与一名其他玩家位于同一地点 且其御主与你为异性，展示此牌。
3676,02御主\01已确认御主\02FGO\皮斯曼（原罪）\原罪卡组\原罪 (2).png,analyzed,7,卡面机制：贪婪 【原罪】 战斗阶段开始时，若你是全场唯一一名战果数最高的玩家， 展示此牌。
3677,02御主\01已确认御主\02FGO\皮斯曼（原罪）\原罪卡组\原罪 (3).png,analyzed,7,卡面机制：傲慢 【原罪】 战斗阶段开始时，若你独自位于一处战场，展示此牌。
3678,02御主\01已确认御主\02FGO\皮斯曼（原罪）\原罪卡组\原罪 (4).png,analyzed,7,卡面机制：暴食 【原罪】 战斗阶段开始时，若你是全场唯一一名魔力值最高的玩家， 展示此牌。
3679,02御主\01已确认御主\02FGO\皮斯曼（原罪）\原罪卡组\原罪 (5).png,analyzed,7,卡面机制：怠惰 【原罪】 战斗阶段开始时，若你连续两回合未进行过移动，展示此 牌。
3680,02御主\01已确认御主\02FGO\皮斯曼（原罪）\原罪卡组\原罪 (6).png,analyzed,7,卡面机制：愤怒 【原罪】 战斗阶段开始时，若你的合计威力为全场最高，展示此牌。
3681,02御主\01已确认御主\02FGO\皮斯曼（原罪）\原罪卡组\原罪 (7).png,analyzed,7,卡面机制：嫉妒 【原罪】 战斗阶段开始时，若你与一名击败过你的对手位于同一处 战场，展示此牌。
3682,02御主\01已确认御主\02FGO\皮斯曼（原罪）\原罪卡组\原罪牌背.png,non_rule,7,非规则素材：原罪牌背.png（牌背、头像、立牌、标记或纯数值指示物）
3683,02御主\01已确认御主\02FGO\皮斯曼（原罪）\原罪卡组\美德 (1).png,analyzed,7,卡面机制：贞洁 【美德】 战斗阶段开始时，若你未仅与一名御主与你为异性的其他 玩家位于同一地点，你的合计威力+2。
3684,02御主\01已确认御主\02FGO\皮斯曼（原罪）\原罪卡组\美德 (2).png,analyzed,7,卡面机制：勤勉 【美德】 战斗阶段开始时，若你于两回合内进行过移动，你的合计 威力+2。
3685,02御主\01已确认御主\02FGO\皮斯曼（原罪）\原罪卡组\美德 (3).png,analyzed,7,卡面机制：忍耐 【美德】 战斗阶段开始时，若你的合计威力不为全场最高，你的合 计威力+2。
3686,02御主\01已确认御主\02FGO\皮斯曼（原罪）\原罪卡组\美德 (4).png,analyzed,7,卡面机制：谦卑 【美德】 战斗阶段开始时，若你未独自位于一处战场，你的合计 威力+2。
3687,02御主\01已确认御主\02FGO\皮斯曼（原罪）\原罪卡组\美德 (5).png,analyzed,7,卡面机制：节制 【美德】 战斗阶段开始时，若你不是全场唯一一名魔力值最高的玩 家，你的合计威力+2。
3688,02御主\01已确认御主\02FGO\皮斯曼（原罪）\原罪卡组\美德 (6).png,analyzed,7,卡面机制：慷慨 【美德】 战斗阶段开始时，若你不是全场唯一一名战果数最高的玩 家，你的合计威力+2。
3689,02御主\01已确认御主\02FGO\皮斯曼（原罪）\原罪卡组\美德 (7).png,analyzed,7,卡面机制：宽容 【美德】 战斗阶段开始时，若你未与一名击败过你的对手位于同一 处战场，你的合计威力+2。
3690,02御主\01已确认御主\02FGO\皮斯曼（原罪）\原罪卡组\美德牌背.png,non_rule,7,非规则素材：美德牌背.png（牌背、头像、立牌、标记或纯数值指示物）
3691,02御主\01已确认御主\02FGO\皮斯曼（原罪）\头像.png,non_rule,7,非规则素材：头像.png（牌背、头像、立牌、标记或纯数值指示物）
3692,02御主\01已确认御主\02FGO\皮斯曼（原罪）\救世主的欠片.png,analyzed,7,卡面机制：救世主的欠片 当一张【原罪】被展示后，此【原罪】的拥有者需选择： 1.向特维斯支付1点战果后移除此【原罪】。 | 卡面机制：2.令特维斯获得此【原罪】。 | 卡面机制：高潮阶段开始时，将特维斯拥有的【原罪】切换为【美德】。
3693,02御主\01已确认御主\02FGO\皮斯曼（原罪）\皮斯曼（原罪）.png,analyzed,7,卡面机制：特维斯·H·皮斯曼 游戏开始时，将7张【原罪】依轮次随机暗置于所有玩家处。 | 卡面机制：只有你可以查看所有【原罪】。 | 卡面机制：化作现象的亡灵-你拥有【救世主的欠片】。 | 卡面机制：月之胜利者-准备阶段：进行【规则操作】。
3694,02御主\01已确认御主\02FGO\皮斯曼（原罪）\违规操作.png,analyzed,7,卡面机制：规则操作 选择下列一项效果： 1.将两张暗置的【原罪】交换位置。 | 卡面机制：2.将桌面上两张事件牌交换位置（不将它们翻开）。 | 卡面机制：3.将桌面上一张正面表示的事件牌洗回事件牌库，抽一张新 的事件牌代替它的位置。
3695,02御主\01已确认御主\02FGO\盖提亚\升华技-时间神殿.png,analyzed,7,卡面机制：1300& 冠位时间神殿 此牌激活时，立即将此牌加入你的攻击。 | 卡面机制：残留：此牌永不关闭。 | 卡面机制：【魔神柱】获得“打出时：此牌+4 威力。 | 卡面机制：” 前哨阶段：花费1点魔力，若你的手牌中没有【魔神柱】， 弃置你的所有手牌并抽三张牌。
3696,02御主\01已确认御主\02FGO\盖提亚\头像.png,non_rule,7,非规则素材：头像.png（牌背、头像、立牌、标记或纯数值指示物）
3697,02御主\01已确认御主\02FGO\盖提亚\盖提亚.png,analyzed,7,卡面机制：盖提亚 集体意识-你没有令咒。 | 卡面机制：将7张【魔神柱】加入攻击。 | 卡面机制：回合 结束时若你该回合未获得胜利，将一张你控制的【魔神柱】 移除游戏，若无法达成，你被淘汰。
3698,02御主\01已确认御主\02FGO\盖提亚\盖提亚立牌.png,non_rule,7,非规则素材：盖提亚立牌.png（牌背、头像、立牌、标记或纯数值指示物）
3699,02御主\01已确认御主\02FGO\盖提亚\魔神柱 (1).png,analyzed,7,卡面机制：1301& 魔神柱菲尼克斯 残留：此牌的威力不可变动。 | 卡面机制：行动阶段：移除一张菲尼克斯以外的激活的魔神柱，获得6 点魔力。
3700,02御主\01已确认御主\02FGO\盖提亚\魔神柱 (2).png,analyzed,7,卡面机制：130） 魔神柱巴力 1K 残留：此卡的威力不可改变。 | 卡面机制：魔神柱只能追加打出并且它们的费用减少X（X=打出的非魔 神柱攻击的费用）。
3701,02御主\01已确认御主\02FGO\盖提亚\魔神柱 (3).png,analyzed,7,卡面机制：迅捷 魔神柱佛劳洛斯 4 残留 前哨阶段：将佛劳洛斯洗入你的牌库，直到回合结束合计威 力+5。
3702,02御主\01已确认御主\02FGO\盖提亚\魔神柱 (4).png,analyzed,7,卡面机制：米 力量 500K 魔神柱佛钮司 残留 战斗阶段：将佛钮司洗入你的牌库并关闭你控制的一张牌。 | 卡面机制：打出一张牌，支付其费用且使用该牌行动阶段能力。
3703,02御主\01已确认御主\02FGO\盖提亚\魔神柱 (5).png,analyzed,7,卡面机制：魔术 魔神柱桀派 6 残留：当你输掉战斗时，你可将桀派洗入你的牌库并获得2 点战果，如此便可无需于回合结束时将魔神柱移除游戏。
3704,02御主\01已确认御主\02FGO\盖提亚\魔神柱 (6).png,analyzed,7,卡面机制：特殊 魔神柱劳姆 2 残留：战斗阶段结束后若你位于侦察，你可将劳姆加入手牌， 如此便可无需于回合结束时将魔神柱移除游戏。 | 卡面机制：被动/行动阶段：从手牌或场上弃置劳姆，移动至任意地点。
3705,02御主\01已确认御主\02FGO\盖提亚\魔神柱 (7).png,analyzed,7,卡面机制：魔神柱巴巴妥司 残留：当你将要获得、失去或支付一枚令咒时，改为获得、 失去、支付4点魔力。 | 卡面机制：行动阶段：将巴巴妥司洗入你的牌库，直到回合结束之前， 你拥有的魔力少于8点也可打出技能、你的 宝具不会被局 势牌禁止使用。
3706,02御主\01已确认御主\02FGO\紫苑\头像.png,non_rule,7,非规则素材：头像.png（牌背、头像、立牌、标记或纯数值指示物）
3707,02御主\01已确认御主\02FGO\紫苑\新版紫苑\3.2升华技-于彷徨海.png,analyzed,7,卡面机制：于仿徨海 新迦勒底-此牌展示时，将【对魔力】，【战斗续行】， 【单独行动】，【骑乘】，【气息遮断】与【狂战士】 （米力量属性，5/9，你拥有的魔力少于8点也可以使用 此牌且为技能）分别加入你的技能区。
3708,02御主\01已确认御主\02FGO\紫苑\新版紫苑\3.2紫苑.png,analyzed,7,卡面机制：紫苑·艾尔特纳姆 实战训练-游戏开始时，以3张【迦勒底】技能分别覆盖 你的从者技能。 | 卡面机制：被覆盖的技能无法使用且失去所有卡牌 文字效果。 | 卡面机制：准备阶段：移除任意张你的【迦勒底】技能，然后激活 其训练效果。
3709,02御主\01已确认御主\02FGO\紫苑\新版紫苑\3.6图书馆.png,analyzed,7,卡面机制：迦勒底·图书馆 被动：当一名与你位于同一地点的对手首次真名解放时， 你获得1点战果并将1枚【经验】放置于此牌上。 | 卡面机制：训练：此牌上每有2枚【经验】，便永久减少此牌覆盖的 技能的1点魔力消耗。
3710,02御主\01已确认御主\02FGO\紫苑\新版紫苑\EXP指示物.png,non_rule,7,非规则素材：EXP指示物.png（牌背、头像、立牌、标记或纯数值指示物）
3711,02御主\01已确认御主\02FGO\紫苑\新版紫苑\EX技能\他人格EX.png,analyzed,7,卡面机制：3 3& 他人格EX 残留：当你将一张牌放置入场时，你可以支付3点魔力以使 其获得反转效果。 | 卡面机制：此效果每回合仅对一张牌生效。
3712,02御主\01已确认御主\02FGO\紫苑\新版紫苑\EX技能\剑EX.png,analyzed,7,卡面机制：米 力量 3 0】5K 对魔力EX 魔术免疫-战斗阶段：将同一战场所有对手的×魔术属性 攻击威力以及通过令咒获得的威力变为0。
3713,02御主\01已确认御主\02FGO\紫苑\新版紫苑\EX技能\复仇EX.png,analyzed,7,卡面机制：复仇者EX 滔天怒焰-被动/行动阶段：花费2点战果，从你的弃牌堆 打出一张牌。
3714,02御主\01已确认御主\02FGO\紫苑\新版紫苑\EX技能\守护EX.png,analyzed,7,卡面机制：力量 守护EX 米 宝具 黑 3 9K 此牌需花费1枚令咒打出。 | 卡面机制：以太湮灭-战斗阶段：关闭你战斗中所有的【幸运】。 | 卡面机制：所有 与你交战的对手抽2张牌并展示所有手牌和暗置攻击，然后 令展示了【幸运】的所有对手【败北】。
3715,02御主\01已确认御主\02FGO\紫苑\新版紫苑\EX技能\尺EX.png,analyzed,7,卡面机制：裁决者EX 神圣教条-被动/前哨阶段：令一名其他玩家获得一枚临时 的【裁决者令咒】直至回合结束。 | 卡面机制：你不能在三回合之内选择同一名玩家。
3716,02御主\01已确认御主\02FGO\紫苑\新版紫苑\EX技能\弓EX.png,analyzed,7,卡面机制：特殊 6K 单独行动EX 远隔操作-行动阶段：地利效果翻倍。 | 卡面机制：战斗阶段：若你赢得战斗，获得2点战果。 | 卡面机制：如果你本回合战斗失败，失去3点战果，此效果不能被任何 方式阻止。
3717,02御主\01已确认御主\02FGO\紫苑\新版紫苑\EX技能\旅行者EX.png,analyzed,7,卡面机制：敏捷 XO 3K 星之航海家EX 【真名解放】 X为14-（当前回合数×2） 驰骋星海-残留：旅行者的技能及其效果的魔力消耗-1。 | 卡面机制：打出时：将游戏外的【星之锚】加入你的技能区。 | 卡面机制：行动阶段：花费3点魔力，打出一张迅捷基础攻击。
3718,02御主\01已确认御主\02FGO\紫苑\新版紫苑\EX技能\月EX.png,analyzed,7,卡面机制：月之癌EX <每局游戏限一次> 当此牌因训练被展示后，改为获得被覆盖的技能而非替换。 | 卡面机制：重启-被动/战斗阶段：依轮次顺序，所有位于【月之圣杯】 的玩家重新部署，然后弃置【月之圣杯】上的所有事件牌 并将其从游戏中移除（可以再被开启）。
3719,02御主\01已确认御主\02FGO\紫苑\新版紫苑\EX技能\月之癌公主EX.png,analyzed,7,卡面机制：宝具 月之癌EX 9K 此牌为加入技能区的技能。 | 卡面机制：与此牌一同打出的另一张牌的魔力消耗-3。 | 卡面机制：行动阶段：移动至【月之圣杯】。 | 卡面机制：猩红之月－战斗阶段：令所有未与其他人交战的对手失去1点 战果，然后移动至你所在的战场。
3720,02御主\01已确认御主\02FGO\紫苑\新版紫苑\EX技能\术EX.png,analyzed,7,卡面机制：★魔术 3& 阵地作成EX 领域扩张-残留：当你部署于魔术工房时，获得X点魔力和X 点战果。 | 卡面机制：X初始为0，每当你赢得一场战斗，X永久增加1点。
3721,02御主\01已确认御主\02FGO\紫苑\新版紫苑\EX技能\杀EX.png,analyzed,7,卡面机制：敏捷 气息遮断EX 4 被动：当你输掉一场战斗后，将此牌移除游戏。 | 卡面机制：完美处决-战斗阶段：令一名与你交战的对手【败北】。
3722,02御主\01已确认御主\02FGO\紫苑\新版紫苑\EX技能\杀生院月癌EX.png,analyzed,7,卡面机制：宝具 3& 月之癌EX 此牌为加入技能区的技能。 | 卡面机制：理性吞噬-打出时：你可以移动至【月之圣杯】或弃置一张【月之圣杯】 上的事件牌并抽取一张新的事件牌。 | 卡面机制：下个玩家行动阶段开始时及你的战斗阶段开始时，你均可以花费2点魔 力重复此操作。 | 卡面机制：你获得因此能力弃置的所有事件牌战果数的合计威力。
3723,02御主\01已确认御主\02FGO\紫苑\新版紫苑\EX技能\枪EX.png,analyzed,7,卡面机制：敏捷 205& 战斗续行EX 追猎-行动阶段：重新部署至一处战场或花费1点魔力， 移动至侦查。
3724,02御主\01已确认御主\02FGO\紫苑\新版紫苑\EX技能\狂EX.png,analyzed,7,卡面机制：米 力量 狂战士EX 你拥有的魔力少于8点也可使用此牌。 | 卡面机制：狂化-行动阶段：以背面朝上抽取至多三张牌并将其移除 （以此方法被移除的牌不触发任何卡牌效果），你每以此法 抽一张牌，此牌+4威力。
3725,02御主\01已确认御主\02FGO\紫苑\新版紫苑\EX技能\领域外EX.png,analyzed,7,卡面机制：特殊 3 6& 领域外生命EX 凝视深渊-行动阶段：你所在地点的所有玩家弃置所有手牌。 | 卡面机制：你可花费2点魔力，将目标更改为“游戏内的所有玩家”。
3726,02御主\01已确认御主\02FGO\紫苑\新版紫苑\EX技能\骑EX.png,analyzed,7,卡面机制：米 力量 敏捷 5 OK 骑乘EX 延时召唤-残留。 | 卡面机制：行动阶段：从手牌中追加打出至多3张基本威力3及以下的牌， 在你使用此效果的回合结束关闭此牌。
3727,02御主\01已确认御主\02FGO\紫苑\新版紫苑\JPG\3.1.3紫苑.jpg,analyzed,7,卡面机制：紫苑·艾尔特纳姆 实战训练-游戏开始时，以3张【迦勒底】技能分别覆盖 你的从者技能。 | 卡面机制：被覆盖的技能无法使用且失去所有卡牌 文字效果。 | 卡面机制：准备阶段：移除任意张你的【迦勒底】技能，然后激活 其【训练】效果。
3728,02御主\01已确认御主\02FGO\紫苑\新版紫苑\JPG\升华技-于彷徨海.jpg,analyzed,7,卡面机制：于仿徨海 新迦勒底-此牌展示时，将【对魔力】，【战斗续行】， 【单独行动】，【骑乘】，【气息遮断】与【狂战士】 （米力量属性，5/9，你拥有的魔力少于8点也可以使用 此牌且为技能）分别加入你的技能区。
3729,02御主\01已确认御主\02FGO\紫苑\新版紫苑\JPG\迦勒底-体育馆.jpg,analyzed,7,卡面机制：迦勒底·体育馆 被动：你的基础攻击获得+1威力。 | 卡面机制：当你进行了一场争夺 战后，将1枚【经验】放置于此牌上。 | 卡面机制：训练：此牌上每有2枚经验，便永久增加此牌覆盖的技能 的1点威力或将一张基础米力量或敏捷，5威力的攻击 加入你的手牌。
3730,02御主\01已确认御主\02FGO\紫苑\新版紫苑\JPG\迦勒底-图书馆.jpg,analyzed,7,卡面机制：迦勒底·图书馆 被动：当一名与你位于同一地点的对手首次真名解放时， 你获得1点战果或将1枚【经验】放置于此牌上。 | 卡面机制：训练：此牌上每有2枚【经验】，便永久减少此牌覆盖的 技能的1点魔力消耗。
3731,02御主\01已确认御主\02FGO\紫苑\新版紫苑\JPG\迦勒底-食堂.jpg,analyzed,7,卡面机制：迦勒底·食堂 被动/战斗阶段：令所有与你位于同一地点的玩家获得1点 魔力。 | 卡面机制：若有对手获得，将1枚【经验】放置于此牌上。 | 卡面机制：训练：若此牌上有2枚及以上的【经验】，你可以将覆盖 的技能替换为游戏外的暗置的，你从者职阶的【EX技能】
3732,02御主\01已确认御主\02FGO\紫苑\新版紫苑\体育馆.png,analyzed,7,卡面机制：迦勒底·体育馆 被动：你的基础攻击获得+1威力。 | 卡面机制：当你进行了一场争夺 战后，将1枚【经验】放置于此牌上。 | 卡面机制：训练：此牌上每有2枚经验，便永久增加此牌覆盖的技能 的1点威力或将一张基础米力量或&敏捷，5威力的攻击 加入你的手牌。
3733,02御主\01已确认御主\02FGO\紫苑\新版紫苑\图书馆.png,analyzed,7,卡面机制：迦勒底·图书馆 被动：当一名与你位于同一地点的对手首次真名解放时， 你获得1点战果或将1枚【经验】放置于此牌上。 | 卡面机制：训练：此牌上每有2枚【经验】，便永久减少此牌覆盖的 技能的1点魔力消耗。
3734,02御主\01已确认御主\02FGO\紫苑\新版紫苑\食堂.png,analyzed,7,卡面机制：迦勒底·食堂 被动/战斗阶段：令所有与你位于同一地点的玩家获得1点 魔力。 | 卡面机制：若有对手获得，将1枚【经验】放置于此牌上。 | 卡面机制：训练：若此牌上有2枚及以上的【经验】，你可以将覆盖 的技能替换为游戏外的暗置的，你从者职阶的【EX技能】 【EX技能】在卡名上同时视为原技能。
3735,02御主\01已确认御主\02FGO\紫苑\旧版紫苑\升华技-于彷徨海.png,analyzed,7,卡面机制：于仿徨海 新迦勒底-此牌展示时，将【对魔力】，【战斗续行】， 【单独行动】，【骑乘】，【气息遮断】与【狂战士】 （米力量属性，5/9）分别加入你的技能区或牌库。 | 卡面机制：以此效果加入的技能获得“<每局游戏限一次>”且不可 被替换为【EX卡】。
3736,02御主\01已确认御主\02FGO\紫苑\旧版紫苑\紫苑.png,analyzed,7,卡面机制：紫苑·艾尔特纳姆·索卡莉丝 以太线-行动阶段：<每局游戏限一次>将一张你手牌或技能区的职阶技能 或职阶牌替换为相应的【EX卡】，【EX卡】视为同名职阶技能或职阶牌。 | 卡面机制：若你的从者于游戏开始时没有相应职阶技能或职阶牌（以卡盒印刷为准）： ·若为职阶技能，支付相应技能当前的魔力消耗并将其从游戏外加入你的 技能区。 | 卡面机制：·若为职阶牌，将两张相应牌从游戏外加入你的手牌（有不同牌时任选）。
3737,02御主\01已确认御主\02FGO\紫苑\旧版紫苑\职介技能\仇EX.png,analyzed,7,卡面机制：复仇者EX 此牌为加入技能区的技能。 | 卡面机制：滔天怒焰-被动/行动阶段：将你弃牌堆的2张牌移除游戏， 然后从弃牌堆打出一张牌。
3738,02御主\01已确认御主\02FGO\紫苑\旧版紫苑\职介技能\他人格EX.png,analyzed,7,卡面机制：3 3& 他人格EX 残留：当你将一张牌放置入场时，你可以支付3点魔力以使 其获得反转效果。 | 卡面机制：此效果每回合仅对一张牌生效。
3739,02御主\01已确认御主\02FGO\紫苑\旧版紫苑\职介技能\剑EX.png,analyzed,7,卡面机制：米 力量 3 0】5K 对魔力EX 魔术免疫-战斗阶段：将同一战场所有对手的×魔术属性 攻击威力以及通过令咒获得的威力变为0。
3740,02御主\01已确认御主\02FGO\紫苑\旧版紫苑\职介技能\尺EX.png,analyzed,7,卡面机制：裁决者EX 神圣教条-被动/前哨阶段：令一名其他玩家获得一枚临时 的【裁决者令咒】直至回合结束。 | 卡面机制：你不能在三回合之内选择同一名玩家。
3741,02御主\01已确认御主\02FGO\紫苑\旧版紫苑\职介技能\弓EX.png,analyzed,7,卡面机制：特殊 6K 单独行动EX 远隔操作-行动阶段：地利效果翻倍。 | 卡面机制：战斗阶段：若你赢得战斗，获得2点战果。 | 卡面机制：如果你本回合战斗失败，失去3点战果，此效果不能被任何 方式阻止。
3742,02御主\01已确认御主\02FGO\紫苑\旧版紫苑\职介技能\旅行者EX.png,analyzed,7,卡面机制：敏捷 XO 3K 星之航海家EX 【真名解放】 X为14-（当前回合数×2） 驰骋星海-残留：旅行者的技能及其效果的魔力消耗-1。 | 卡面机制：打出时：将游戏外的【星之锚】加入你的技能区。 | 卡面机制：行动阶段：花费3点魔力，打出一张迅捷基础攻击。
3743,02御主\01已确认御主\02FGO\紫苑\旧版紫苑\职介技能\月之癌公主EX.png,analyzed,7,卡面机制：宝具 月之癌EX 9K 此牌为加入技能区的技能。 | 卡面机制：与此牌一同打出的另一张牌的魔力消耗-3。 | 卡面机制：行动阶段：移动至【月之圣杯】。 | 卡面机制：猩红之月－战斗阶段：令所有未与其他人交战的对手失去1点 战果，然后移动至你所在的战场。
3744,02御主\01已确认御主\02FGO\紫苑\旧版紫苑\职介技能\术EX.png,analyzed,7,卡面机制：★魔术 2K 阵地作成EX 领域扩张-残留：当你部署于魔术工房时，获得X点魔力和X 点战果。 | 卡面机制：X初始为0，每当你赢得一场战斗，X永久增加1点。
3745,02御主\01已确认御主\02FGO\紫苑\旧版紫苑\职介技能\杀EX.png,analyzed,7,卡面机制：敏捷 气息遮断EX 4 被动：当你输掉一场战斗后，将此牌移除游戏。 | 卡面机制：完美处决-战斗阶段：令一名与你交战的对手【败北】。
3746,02御主\01已确认御主\02FGO\紫苑\旧版紫苑\职介技能\杀生院月癌EX.png,analyzed,7,卡面机制：宝具 3& 月之癌EX 此牌为加入技能区的技能。 | 卡面机制：理性吞噬-打出时：你可以移动至【月之圣杯】或弃置一张【月之圣杯】 上的事件牌并抽取一张新的事件牌。 | 卡面机制：下个玩家行动阶段开始时及你的战斗阶段开始时，你均可以花费2点魔 力重复此操作。 | 卡面机制：你获得因此能力弃置的所有事件牌战果数的合计威力。
3747,02御主\01已确认御主\02FGO\紫苑\旧版紫苑\职介技能\枪EX.png,analyzed,7,卡面机制：敏捷 5K 战斗续行EX 追猎-行动阶段：移动至除魔术工房外的任意地点。
3748,02御主\01已确认御主\02FGO\紫苑\旧版紫苑\职介技能\骑EX.png,analyzed,7,卡面机制：米 力量 敏捷 5 OK 骑乘EX 延时召唤-残留。 | 卡面机制：行动阶段：从手牌中追加打出至多3张基本威力3及以下的牌， 在你使用此效果的回合结束关闭此牌。
3749,02御主\01已确认御主\02FGO\紫苑\旧版紫苑\职介牌\月之癌EX.png,analyzed,7,卡面机制：★魔术 月之癌EX 3 6K 重启-行动阶段：依轮次顺序，所有位于【月之圣杯】的玩家 重新部署。 | 卡面机制：然后弃置【月之圣杯】上的所有事件牌或将其移 动至另一处战场。 | 卡面机制：将【月之圣杯】从游戏中移除，其无法返 回游戏直到此回合结束。
3750,02御主\01已确认御主\02FGO\紫苑\旧版紫苑\职介牌\狂EX.png,analyzed,7,卡面机制：米 力量 狂战士EX 狂化-行动阶段：以背面朝上抽取至多三张牌并将其从游戏中 移除（以此方法被移除的牌不触发任何卡牌效果）。 | 卡面机制：你每以 此法抽一张牌，此牌威力+4。
3751,02御主\01已确认御主\02FGO\紫苑\旧版紫苑\职介牌\领域外EX.png,analyzed,7,卡面机制：特殊 6& 领域外生命EX 仅当你的从者为降临者时，你才可获得此牌。 | 卡面机制：凝视深渊-行动阶段：你所在地点的所有玩家弃置所有手牌。 | 卡面机制：你可花费2点魔力，将目标更改为“游戏内的所有玩家”。
3752,02御主\01已确认御主\02FGO\紫苑\旧版紫苑\职介牌\黑铳.png,analyzed,7,卡面机制：力量 守护EX 米 宝具 黑 5 9K 此牌的名称不为【守护EX】且只可在你没有令咒时使用。 | 卡面机制：以太湮灭-战斗阶段：关闭你战斗中所有的【幸运】。 | 卡面机制：所有与 你交战的对手抽2张牌并展示所有手牌，令展示了【幸运】的 所有对手【败北】。
3753,02御主\01已确认御主\02FGO\紫苑\普通牌\Atk-月之癌x2 - 副本.png,analyzed,7,卡面机制：魔术 月之癌 206K 被动/行动阶段：弃置此牌，月之圣杯的事件牌效果只影响你 所在的地点。 | 卡面机制：战斗阶段结束后弃置月之圣杯事件牌。 | 卡面机制：行动阶段：将你所在地点的一张事件牌与月之圣杯的事件牌 互换。
3754,02御主\01已确认御主\02FGO\紫苑\普通牌\Atk-月之癌x2.png,analyzed,7,卡面机制：魔术 月之癌 206K 被动/行动阶段：弃置此牌，月之圣杯的事件牌效果只影响你 所在的地点。 | 卡面机制：战斗阶段结束后弃置月之圣杯事件牌。 | 卡面机制：行动阶段：将你所在地点的一张事件牌与月之圣杯的事件牌 互换。
3755,02御主\01已确认御主\02FGO\紫苑\普通牌\agi 7.png,analyzed,7,卡面机制：Agility 30 7K Berserker Class
3756,02御主\01已确认御主\02FGO\紫苑\普通牌\agi 9.png,analyzed,7,卡面机制：Agility 509K Berserker Class
3757,02御主\01已确认御主\02FGO\紫苑\普通牌\httpcloud3steamusercontentcomugc1343712149898535914054E36482CFF3B64F6AE0CB68DFFDA7CAA47633B - 副本.png,analyzed,7,卡面机制：特殊 100& 复仇者 战斗阶段：你的其余攻击威力+1. 无声业火一残留：此牌残留至你在一场战斗中战胜了 一名对手为止。
3758,02御主\01已确认御主\02FGO\紫苑\普通牌\httpcloud3steamusercontentcomugc1343712149898535914054E36482CFF3B64F6AE0CB68DFFDA7CAA47633B.png,analyzed,7,卡面机制：特殊 100& 复仇者 战斗阶段：你的其余攻击威力+1. 无声业火一残留：此牌残留至你在一场战斗中战胜了 一名对手为止。
3759,02御主\01已确认御主\02FGO\紫苑\普通牌\mag 7.png,analyzed,7,卡面机制：Magic 30 7K Berserker Class
3760,02御主\01已确认御主\02FGO\紫苑\普通牌\mag 9.png,analyzed,7,卡面机制：Magic 509K Berserker Class
3761,02御主\01已确认御主\02FGO\紫苑\普通牌\str 7.png,analyzed,7,卡面机制：米Strength 30 7K Berserker Class
3762,02御主\01已确认御主\02FGO\紫苑\普通牌\str 9.png,analyzed,7,卡面机制：米Strength 509K Berserker Class
3763,02御主\01已确认御主\02FGO\紫苑\普通牌\领域外生命x3 - 副本.png,analyzed,7,卡面机制：特殊 领域外生命 100& 【真名解放】 你和降临者各获得合计威力+6。 | 卡面机制：将此牌加入降临者的弃牌堆。
3764,02御主\01已确认御主\02FGO\紫苑\普通牌\领域外生命x3.png,analyzed,7,卡面机制：特殊 领域外生命 100& 【真名解放】 你和降临者各获得合计威力+6。 | 卡面机制：将此牌加入降临者的弃牌堆。
3765,02御主\01已确认御主\02FGO\紫苑\普通职介技能\普通职介技能 (1).png,analyzed,7,卡面机制：迅捷 特殊 战斗续行 3 5& 行动阶段：移动至除魔术工房外的任意地点。
3766,02御主\01已确认御主\02FGO\紫苑\普通职介技能\普通职介技能 (2).png,analyzed,7,卡面机制：魔術 X02& 阵地建造 X为16-（当前回合数×2） 残留：当你部署于魔术工房时，获得1点魔力和2点战果。
3767,02御主\01已确认御主\02FGO\紫苑\普通职介技能\普通职介技能 (3).png,analyzed,7,卡面机制：裁决者 4 <每局游戏限一次> 此牌及其效果不可被复制或盗用。 | 卡面机制：神明裁决-行动阶段：依轮次顺序，令一名拥有【裁决者令咒】 数量最少的其他玩家获得一枚【裁决者令咒】，总共执行6次。 | 卡面机制：【裁决者令咒】仅有【裁决者】可以对其使用。
3768,02御主\01已确认御主\02FGO\紫苑\普通职介技能\普通职介技能 (4).png,analyzed,7,卡面机制：他人格 203& 残留：当你将一张牌放置入场时，你可以关闭【他人格】以 使其获得其反转效果。 | 卡面机制：若其不含有反转效果，你可以任意令 其在打出后获得或失去力量/迅捷/魔术属性来达成任意组合。
3769,02御主\01已确认御主\02FGO\紫苑\普通职介技能\普通职介技能 (5).png,analyzed,7,卡面机制：Special 300K 骑乘 打出时：若此牌与一张基础攻击一同打出，抽一张牌。 | 卡面机制：坐骑召唤-行动阶段：打出至多3张基本威力为3或更低的手 牌。
3770,02御主\01已确认御主\02FGO\紫苑\普通职介技能\普通职介技能 (6).png,analyzed,7,卡面机制：Agility 气息遮断 4K 刺杀-战斗阶段：战力结算后，如果你满足以下条件，令战 力最高的所有交战对手【败北】： 1.你的战力低于战力最高的所有交战对手。 | 卡面机制：2.没有除战力最高的交战对手外其他战力高于你的交战对手。 | 卡面机制：3.此战斗有3名及以上的参与者。
3771,02御主\01已确认御主\02FGO\紫苑\普通职介技能\普通职介技能 (7).png,analyzed,7,卡面机制：特殊 单独行动 当你的行动顺位为当前回合前半数时（向下取整），你才能 使用此牌。 | 卡面机制：行动阶段：你获得3点战果。 | 卡面机制：如果你本回合战斗失败，失去5点战果，此效果不能被任何方 法阻止。
3772,02御主\01已确认御主\02FGO\紫苑\普通职介技能\普通职介技能 (8).png,analyzed,7,卡面机制：特殊 对魔力 3 3& 战斗阶段：将同一战场所有对手的×属性威力变为0。
3773,02御主\01已确认御主\02FGO\紫苑\立牌.png,non_rule,7,非规则素材：立牌.png（牌背、头像、立牌、标记或纯数值指示物）
3774,02御主\01已确认御主\02FGO\罗马尼\45立牌.png,non_rule,7,非规则素材：45立牌.png（牌背、头像、立牌、标记或纯数值指示物）
3775,02御主\01已确认御主\02FGO\罗马尼\ATK-御主45 (2).png,analyzed,7,卡面机制：米 力量 守护 5K 3 若玛修战败，将【守护】返还于玛修的手牌。 | 卡面机制：若玛修未参与 此战斗，则将此牌【关闭】。 | 卡面机制：你和玛修无视【败北】效果， 你们二人各自的合计威力变为你和玛修中合计威力最高的数 值。 | 卡面机制：行动阶段：玛修将【守护】借给一位对手直到战斗阶段结束。
3776,02御主\01已确认御主\02FGO\罗马尼\ATK-蛋糕 (1).png,analyzed,7,卡面机制：魔术 X Mashy ? 4K 蛋糕 享用浪漫-打出时：获得1点魔力。
3777,02御主\01已确认御主\02FGO\罗马尼\ATK-蛋糕 (2).png,analyzed,7,卡面机制：魔术 X Mashy ? 4K 蛋糕 享用浪漫-打出时：获得1点魔力。
3778,02御主\01已确认御主\02FGO\罗马尼\SKILL-御主45 (1).png,analyzed,7,卡面机制：特殊 00 2K 天赋的睿智 你拥有的魔力少于8点也可打出此牌。 | 卡面机制：加班-当此牌关闭时，你失去6点魔力。 | 卡面机制：残留：此牌持续激活至下回合结束。 | 卡面机制：此牌从【提升等级】获 得的效果翻倍。 | 卡面机制：行动阶段：获得2点魔力或合计威力+2。
3779,02御主\01已确认御主\02FGO\罗马尼\SKILL-权限访问.png,analyzed,7,卡面机制：权限访问 被动/行动阶段：花费3点魔力。 | 卡面机制：移动至【月之圣杯】或你于 月之圣杯没有处于交战状态时，移动至一处战场并且保留你 的地利。
3780,02御主\01已确认御主\02FGO\罗马尼\升华技-诀别之时.png,analyzed,7,卡面机制：诀别之时已至 以此舍弃世界 若你的从者是玛修，你可以移除一张手牌的【守护】来解锁此牌。 | 卡面机制：战斗阶段：战力结算时，你无视其他胜者，赢得你所在的战斗， 此效果不能被任何方式阻止。 | 卡面机制：若如此做，回合结束时，罗曼 【死亡】并移除其御主牌。 | 卡面机制：魔力，令咒，战果和记忆保持不变。
3781,02御主\01已确认御主\02FGO\罗马尼\头像.png,analyzed,7,卡面机制：Fate PPIOPN 戴级口二
3782,02御主\01已确认御主\02FGO\罗马尼\旧\升华技-诀别.png,analyzed,7,卡面机制：诀别之时已至 其名为放手世界之人 <每局游戏限一次> 你只能在战斗阶段将技能区的【魔力附加】或手牌1张【守护】从游戏中移除 解锁此升华技。 | 卡面机制：终点-被动：该升华技解锁后，若你参与战斗，你立即赢得当前战斗，且无视 【败北】效果。 | 卡面机制：然后弃置此处事件牌并将其他参与者移除版图。 | 卡面机制：回合结束时， 罗曼【死亡】并将其替换为一个随机的，未被使用的御主。 | 卡面机制：魔力、战果、【 记忆】，拟似令咒保持不变。
3783,02御主\01已确认御主\02FGO\罗马尼\旧\拟似令咒.png,analyzed,7,卡面机制：拟似令咒 行动阶段：获得3魔力 行动阶段：总威力+2，如果你本回合每赢得一场战斗，获得 1战果 行动阶段：从新都或深山町移动至除魔术工房外的任意位置， 无视交战状态
3784,02御主\01已确认御主\02FGO\罗马尼\旧\罗马尼.png,analyzed,7,"卡面机制：罗玛尼·阿其曼 应为神的桔-游戏开始时，你额外获得一枚令咒（不会增加你 的令咒上限）。 | 卡面机制：你的令咒为【拟似令咒】。 | 卡面机制：成为人的自由-第一/四/七回合开始时、抽牌前，你可以花费一枚 令咒从【记忆】中抽取三张，选择一张获得并弃置其余的两张。 | 卡面机制：身为王的决意-你于第九回合获得【 Farewell, Dr.Romantic】"
3785,02御主\01已确认御主\02FGO\罗马尼\旧\罗马尼技能.png,analyzed,7,"卡面机制：Farewell, Dr.Romantic 第九回合开始时，根据【记忆】数，罗曼获得以下效果直至游戏 结束: 0-1：罗曼失去所有【记忆】及与其相关的能力。 | 卡面机制：2+：罗曼的合计威力+X，X为【记忆】数。 | 卡面机制：3：第十一回合开始时，罗曼从剩余的【记忆】中选择一张获得。"
3786,02御主\01已确认御主\02FGO\罗马尼\旧\记忆牌库\记忆 (1).png,analyzed,7,卡面机制：已然遥远之日 【记忆】 创造并激活一张临时的【天赋的睿智】。
3787,02御主\01已确认御主\02FGO\罗马尼\旧\记忆牌库\记忆 (10).png,analyzed,7,卡面机制：伯爵的款待 【记忆 】 你的【远隔操作】魔力消耗-1。 | 卡面机制：获得此牌的回合，将一张游戏外的【远隔操作】加入手牌。
3788,02御主\01已确认御主\02FGO\罗马尼\旧\记忆牌库\记忆 (11).png,analyzed,7,卡面机制：火焰之花 【记忆 】 准备阶段你的手牌数上限更改为4而不是3。 | 卡面机制：前哨阶段：弃置所有手牌，将手牌补至上限。
3789,02御主\01已确认御主\02FGO\罗马尼\旧\记忆牌库\记忆 (12).png,analyzed,7,卡面机制：迦勒底的学者 【记忆 】 当你部署于魔术工房或于回合结束时位于侦查，获得1点魔 力，此效果一回合只能触发一次。
3790,02御主\01已确认御主\02FGO\罗马尼\旧\记忆牌库\记忆 (13).png,analyzed,7,卡面机制：小小希望 [记忆 ] 行动阶段：花费4点魔力，将一张临时的，游戏外的【守护】 加入攻击。 | 卡面机制：该【守护】视为属于你且不可出借。
3791,02御主\01已确认御主\02FGO\罗马尼\旧\记忆牌库\记忆 (14).png,analyzed,7,卡面机制：2016年的平稳 [记忆 】 回合结束时，选择一张你的从者技能。 | 卡面机制：余下的游戏里，该 技能的威力+1，费用-1。 | 卡面机制：其费用不能低于印刷的费用的一 半。 | 卡面机制：你下一次使用或花费令咒时，可重复一次此操作。
3792,02御主\01已确认御主\02FGO\罗马尼\旧\记忆牌库\记忆 (15).png,analyzed,7,卡面机制：星的一瞬 【记忆 】 获得此牌时，你的魔力恢复至满。 | 卡面机制：下个回合开始时，将你 的魔力设为0，此效果不能被任何方式阻止。
3793,02御主\01已确认御主\02FGO\罗马尼\旧\记忆牌库\记忆 (2).png,analyzed,7,卡面机制：夏日重现 【记忆 】 从被弃置的【记忆】中选择一张并获得，之后移除本牌。
3794,02御主\01已确认御主\02FGO\罗马尼\旧\记忆牌库\记忆 (3).png,analyzed,7,卡面机制：至高之荣耀， 至深之悲剧 【记忆 】 于获得此牌的回合，若你赢得一场战斗，则恢复所有令咒。 | 卡面机制：若你没有赢得战斗，则失去所有令咒。
3795,02御主\01已确认御主\02FGO\罗马尼\旧\记忆牌库\记忆 (4).png,analyzed,7,卡面机制：午后之梦 【记忆】 将两张【蛋糕】洗入牌堆。
3796,02御主\01已确认御主\02FGO\罗马尼\旧\记忆牌库\记忆 (5).png,analyzed,7,卡面机制：启明 【记忆 】 你获得一枚令咒且下次抽取【记忆】时，你改为选择一张 未被弃置的【记忆】并获得。
3797,02御主\01已确认御主\02FGO\罗马尼\旧\记忆牌库\记忆 (6).png,analyzed,7,卡面机制：遗留给未来的遥远赠礼 [记忆 】 回合结束时，你可将你手牌或弃牌堆的一张牌移除游戏。 | 卡面机制：第十一回合前哨阶段开始时，将所有因此被移除的牌加入 你的手牌。
3798,02御主\01已确认御主\02FGO\罗马尼\旧\记忆牌库\记忆 (7).png,analyzed,7,卡面机制：于此回望过去 [记忆 】 获得此牌时，此牌增加X点计数，X为当前回合数。 | 卡面机制：行动阶段：你获得X/2点战果（向上取整）。 | 卡面机制：使用后清空本牌计数。 | 卡面机制：若你同时拥有【若能迈向未来】，当你首次被淘汰时，你继续游戏。
3799,02御主\01已确认御主\02FGO\罗马尼\旧\记忆牌库\记忆 (8).png,analyzed,7,卡面机制：月之可能性 【记忆 ] 你视为 【 MoonCancer 】。 | 卡面机制：行动阶段：花费3点魔力，移动至月之圣杯或增加X点合计威力 ，X为月之圣杯上事件牌的战果点数。
3800,02御主\01已确认御主\02FGO\罗马尼\旧\记忆牌库\记忆 (9).png,analyzed,7,卡面机制：若能迈向未来 [ 记忆 ] 每个回合结束此牌+1计数，初始为0。 | 卡面机制：行动阶段：你获得X点合计威力，X为此牌计数。 | 卡面机制：使用后清空本牌 计数。 | 卡面机制：若你同时拥有【于此回望过去】，当你首次被淘汰时，你继续游戏。
3801,02御主\01已确认御主\02FGO\罗马尼\标记.png,non_rule,7,非规则素材：标记.png（牌背、头像、立牌、标记或纯数值指示物）
3802,02御主\01已确认御主\02FGO\罗马尼\罗马尼.png,analyzed,7,卡面机制：罗玛尼·阿其曼 神的-游戏开始时，你拥有【记忆】牌堆并进行一次回忆。 | 卡面机制：（回忆-抽三张记忆并选择其中一张，将剩余的弃置。 | 卡面机制：） 王的决意-第三和六回合结束时，你可以花费一枚令咒进行回忆。 | 卡面机制：人的自由-每局游戏限一次，进行回忆时，你可以弃置一张本次 抽取的记忆再抽一张。
3803,02御主\01已确认御主\02FGO\罗马尼\记忆\记忆卡  (1).png,analyzed,7,卡面机制：十戒之王 【记忆】 你获得一枚【印戒】（印戒视为令咒）。 | 卡面机制：若你无法获得 【印戒】，改为将你的所有令咒替换为【印戒】。
3804,02御主\01已确认御主\02FGO\罗马尼\记忆\记忆卡  (10).png,analyzed,7,卡面机制：启明 【记忆】 你获得一枚令咒。 | 卡面机制：若你无法获得令咒，则改为立即进行一 次回忆后移除此牌。 | 卡面机制：下次回忆时，你改为选择一张未被弃置的记忆获得。
3805,02御主\01已确认御主\02FGO\罗马尼\记忆\记忆卡  (11).png,analyzed,7,卡面机制：2016年的平稳 【记忆】 获得此牌以及每当你使用或花费令咒的回合结束时， 你均可选择一个你从者的技能，令其获得+1威力或-1魔 力消耗直至游戏结束，降低过的消耗不能低于其印刷魔力 消耗的一半。
3806,02御主\01已确认御主\02FGO\罗马尼\记忆\记忆卡  (12).png,analyzed,7,卡面机制：伯爵的款待 【记忆】 获得此牌时，你立即将两张游戏外的【远隔操作】加入 手牌。 | 卡面机制：你的【远隔操作】-1魔力消耗。
3807,02御主\01已确认御主\02FGO\罗马尼\记忆\记忆卡  (13).png,analyzed,7,卡面机制：回响 【记忆】 获得此牌时，激活一张你于本回合打出的，非<每局游 戏限一次>的攻击并令其获得“残留：此牌持续激活至 下回合结束时。 | 卡面机制：”
3808,02御主\01已确认御主\02FGO\罗马尼\记忆\记忆卡  (14).png,analyzed,7,卡面机制：火焰之花 【记忆】 准备阶段抽牌时，你抽至4张牌而不是3张。 | 卡面机制：你可于回合结束时弃置任意张手牌。
3809,02御主\01已确认御主\02FGO\罗马尼\记忆\记忆卡  (15).png,analyzed,7,卡面机制：追悔莫及 【记忆】 获得此牌时，令一张游戏外的，你的攻击或技能牌返回 手牌或技能区。
3810,02御主\01已确认御主\02FGO\罗马尼\记忆\记忆卡  (16).png,analyzed,7,卡面机制：终局 【记忆】 获得此牌后的每回合开始时，将你的回合顺位调至最后 一位（不会影响其他玩家的顺位），当你战败后失去此 效果。
3811,02御主\01已确认御主\02FGO\罗马尼\记忆\记忆卡  (17).png,analyzed,7,卡面机制：至高之荣耀， 至深之悲剧 【记忆】 获得此牌的下个回合结束时，若你于该回合赢得战斗， 恢复所有令咒。 | 卡面机制：否则，移除所有已获得的记忆。
3812,02御主\01已确认御主\02FGO\罗马尼\记忆\记忆卡  (18).png,analyzed,7,卡面机制：予星以梦 【记忆】 行动阶段：该效果每局游戏限一次，将你从桌面上移除 游戏，重新部署于任意位置并令与其冲突的规则或效果 无效化（包括被占领的地利、侦查、禁止进入的地点等）。
3813,02御主\01已确认御主\02FGO\罗马尼\记忆\记忆卡  (19).png,analyzed,7,卡面机制：于此回望过去 【记忆】 若你拥有【若能迈向未来】，当你首次被淘汰时，移除 这两张牌并继续进行游戏。 | 卡面机制：获得此牌的回合，你立即获得X点战果。 | 卡面机制：X为当前回合数 的一半（向上取整）。
3814,02御主\01已确认御主\02FGO\罗马尼\记忆\记忆卡  (2).png,analyzed,7,卡面机制：Nalisicthemconl 月光下的华尔兹 【记忆】 局势牌不会禁止你 宝具的使用，当一张魔力值为0的 局势牌被激活时，你获得2点魔力。
3815,02御主\01已确认御主\02FGO\罗马尼\记忆\记忆卡  (20).png,analyzed,7,卡面机制：遗留给未来的遥远赠礼 【记忆】 每回合开始时，你可以移除一张弃牌堆中的牌，每以此 法移除一张于你已移除牌属性不同的牌，你获得1点魔力。 | 卡面机制：第十一回合开始时抽牌后，你可以移除此牌，然后将所 有因此牌的效果被移除的牌从游戏外加入你的手牌。
3816,02御主\01已确认御主\02FGO\罗马尼\记忆\记忆卡  (21).png,analyzed,7,卡面机制：星的一瞬 【记忆】 获得此牌的下个回合开始时，立即恢复你的所有魔力且 于该回合结束时将你的魔力设置为0，此效果不能被任 何方式阻止。
3817,02御主\01已确认御主\02FGO\罗马尼\记忆\记忆卡  (22).png,analyzed,7,卡面机制：小小希望 【记忆】 行动阶段：该效果每局游戏限一次，创造并激活一张 临时的【守护】。 | 卡面机制：该【守护】视为属于你且不可出借。
3818,02御主\01已确认御主\02FGO\罗马尼\记忆\记忆卡  (23).png,analyzed,7,卡面机制：夏日重现 【记忆】 获得此牌时，立即从被弃置的记忆中选择一张获得。 | 卡面机制：若没有被弃置的记忆，则你下次回忆时，更改为选择 两张记忆获得。 | 卡面机制：当你因此牌的效果获得记忆后，移除此牌。
3819,02御主\01已确认御主\02FGO\罗马尼\记忆\记忆卡  (24).png,analyzed,7,卡面机制：午后之梦 【记忆】 获得此牌时，将两张游戏外的【蛋糕】洗入你的牌库。
3820,02御主\01已确认御主\02FGO\罗马尼\记忆\记忆卡  (3).png,analyzed,7,卡面机制：迦勒底的学者 【记忆】 当你部署于魔术工房时，获得1点魔力。 | 卡面机制：若你部署的是 +2位置，再获得1点战果。
3821,02御主\01已确认御主\02FGO\罗马尼\记忆\记忆卡  (4).png,analyzed,7,卡面机制：模拟练习 【记忆】 获得此牌时选择一种属性，战力结算时，若你控制于当 回合打出的该属性的攻击，你获得4点合计威力。
3822,02御主\01已确认御主\02FGO\罗马尼\记忆\记忆卡  (5).png,analyzed,7,卡面机制：百折不挠 【记忆】 行动阶段：若你上回合战败，获得2点合计威力且你获 胜时获得2点战果。
3823,02御主\01已确认御主\02FGO\罗马尼\记忆\记忆卡  (6).png,analyzed,7,卡面机制：已然遥远之日 【记忆】 获得此牌的下个回合开始时，创造并激活一张临时的 【天赋的睿智】，你不会因该【天赋的睿智】失去魔力。
3824,02御主\01已确认御主\02FGO\罗马尼\记忆\记忆卡  (7).png,analyzed,7,卡面机制：月之可能性 【记忆】 获得此牌时立即，开启月之圣杯且令你的职阶同时视为 【MoonCaner】直至游戏结束，然后将游戏外的【权 限访问】加入你的技能区。
3825,02御主\01已确认御主\02FGO\罗马尼\记忆\记忆卡  (8).png,analyzed,7,卡面机制：纪行 【记忆】 行动阶段：该效果每局游戏限一次，沿箭头移动任意步。 | 卡面机制：战斗阶段：该效果每局游戏限一次。 | 卡面机制：逆箭头移动任意步。
3826,02御主\01已确认御主\02FGO\罗马尼\记忆\记忆卡  (9).png,analyzed,7,卡面机制：若能迈向未来 【记忆】 若你拥有【于此回望过去】，当你首次被淘汰时，移除 这两张牌并继续进行游戏。 | 卡面机制：每回合开始时，你获得1枚【憧憬】标记，战力结算时， 若你进行战斗，移除所有【憧憬】并获得等量的合计威力。
3827,02御主\01已确认御主\02FGO\罗马尼\记忆\记忆牌背.png,non_rule,7,非规则素材：记忆牌背.png（牌背、头像、立牌、标记或纯数值指示物）
3828,02御主\01已确认御主\02FGO\胖所长\升华技-别掉队了.png,analyzed,7,卡面机制：别掉队了！ 【戈夫铁拳】获得+6威力。 | 卡面机制：当你使用了愚者的决意并赢得了战斗，此战斗的所有败者 失去2点战果。
3829,02御主\01已确认御主\02FGO\胖所长\头像.png,non_rule,7,非规则素材：头像.png（牌背、头像、立牌、标记或纯数值指示物）
3830,02御主\01已确认御主\02FGO\胖所长\立牌.png,non_rule,7,非规则素材：立牌.png（牌背、头像、立牌、标记或纯数值指示物）
3831,02御主\01已确认御主\02FGO\胖所长\胖所长.png,analyzed,7,卡面机制：戈尔德鲁夫·穆吉克 铁腕绅士-游戏开始时，将你牌库中威力最高的2张基础攻 击替换为【戈夫铁拳】。 | 卡面机制：愚者的决意-前哨阶段：+2合计威力。 | 卡面机制：你本回合必须部署 于一处战场且你不能于你的回合移动，若你本回合战败， 失去2点战果。
3832,02御主\01已确认御主\02FGO\胖所长\铁拳 (1).png,analyzed,7,卡面机制：米 力量 0 2K 戈夫铁拳 裸拳警告！-唯一/战斗阶段：若你赢得战斗，获得4点战果。 | 卡面机制：双拳出击！-战斗阶段：弃置一张【戈夫铁拳】，此牌威力 翻倍。
3833,02御主\01已确认御主\02FGO\胖所长\铁拳 (2).png,analyzed,7,卡面机制：米 力量 0 2K 戈夫铁拳 裸拳警告！-唯一/战斗阶段：若你赢得战斗，获得4点战果。 | 卡面机制：双拳出击！-战斗阶段：弃置一张【戈夫铁拳】，此牌威力 翻倍。
3834,02御主\01已确认御主\02FGO\芙芙\升华技-苍天之力.png,analyzed,7,卡面机制：苍天之力 复活吧，我的爱人-每局游戏限一次，当一名玩家即将被 淘汰时，防止其淘汰。 | 卡面机制：本次淘汰结算后，若该玩家为你的 对手，交换你们的战果。 | 卡面机制：你们其中一人获得游戏胜利时， 另一人也获胜（即使另一人被淘汰）。
3835,02御主\01已确认御主\02FGO\芙芙\头像.png,non_rule,7,非规则素材：头像.png（牌背、头像、立牌、标记或纯数值指示物）
3836,02御主\01已确认御主\02FGO\芙芙\标记.png,non_rule,7,非规则素材：标记.png（牌背、头像、立牌、标记或纯数值指示物）
3837,02御主\01已确认御主\02FGO\芙芙\芙芙.png,analyzed,7,卡面机制：芙芙 兽之印记-在你花费了1枚或以上的令咒的回合结束时： 选择一个本回合回到你技能区的技能，其获得+1威力和 -1魔力消耗直至游戏结束。 | 卡面机制：降低过的消耗不能低于其印 刷魔力消耗的一半。
3838,02御主\01已确认御主\02FGO\芙芙\芙芙立牌.png,non_rule,7,非规则素材：芙芙立牌.png（牌背、头像、立牌、标记或纯数值指示物）
3839,02御主\01已确认御主\02FGO\芥雏子\SKILL-咒血.png,analyzed,7,卡面机制：魔術 宝具 3K 咒血尸解叹歌 4 <每局游戏限一次> 此牌可以追加打出。 | 卡面机制：战斗阶段：与你交战的对手的每张攻击威力-2。
3840,02御主\01已确认御主\02FGO\芥雏子\中国异闻带\3.2更新水上行.jpg,analyzed,7,卡面机制：2 水上行 【中国】 始皇帝于此战斗威力+3 若此战场的玩家控制的所有攻击印刷威力均为偶数，则他的 合计威力+5。
3841,02御主\01已确认御主\02FGO\芥雏子\中国异闻带\中国异闻带 (1).png,analyzed,7,卡面机制：中国异闻带 扩张-从游戏外的【中国】事件牌中随机抽取一张，展示并 将其洗入事件牌堆。 | 卡面机制：同时满足【扩张】条件的玩家需要同步 执行【扩张】。
3842,02御主\01已确认御主\02FGO\芥雏子\中国异闻带\中国异闻带 (10).png,analyzed,7,卡面机制：3 完美的追求 【中国】 始皇帝于此战斗威力+2 此战场上，攻击因局势牌和事件牌提升的威力翻倍。
3843,02御主\01已确认御主\02FGO\芥雏子\中国异闻带\中国异闻带 (2).png,analyzed,7,卡面机制：7 风暴帝都 【中国】 始皇帝于此战斗威力+7 战斗结束后将此牌移除游戏，此牌不会因【扩张】再次回到 游戏。
3844,02御主\01已确认御主\02FGO\芥雏子\中国异闻带\中国异闻带 (3).png,analyzed,7,卡面机制：1 宁静 【中国】 始皇帝于此战斗威力-3 米力量攻击于此战场禁止打出。
3845,02御主\01已确认御主\02FGO\芥雏子\中国异闻带\中国异闻带 (4).png,analyzed,7,卡面机制：1 博学 【中国】 始皇帝于此战斗威力-3 ×魔术攻击于此战场禁止打出。
3846,02御主\01已确认御主\02FGO\芥雏子\中国异闻带\中国异闻带 (5).png,analyzed,7,卡面机制：1 深潜 【中国】 始皇帝于此战斗威力-3 迅捷攻击于此战场禁止打出。
3847,02御主\01已确认御主\02FGO\芥雏子\中国异闻带\中国异闻带 (6).png,analyzed,7,卡面机制：2 水上行 【中国】 始皇帝于此战斗威力+3 若此战场的玩家打出的所有攻击其基本威力之和为偶数，则 他的合计威力+5。
3848,02御主\01已确认御主\02FGO\芥雏子\中国异闻带\中国异闻带 (7).png,analyzed,7,卡面机制：2 日下行 【中国】 始皇帝于此战斗威力+3 若此战场的玩家于本回合进行了【真名解放】，则他的合计 威力+5。
3849,02御主\01已确认御主\02FGO\芥雏子\中国异闻带\中国异闻带 (8).png,analyzed,7,卡面机制：2 云中行 【中国】 始皇帝于此战斗威力+3 若此战场的玩家本回合只打出了一张正面攻击牌，则他的合 计威力+5。
3850,02御主\01已确认御主\02FGO\芥雏子\中国异闻带\中国异闻带 (9).png,analyzed,7,卡面机制：3 长生的追求 【中国】 始皇帝于此战斗威力+2 任何人于此战斗皆无视【战败】效果。
3851,02御主\01已确认御主\02FGO\芥雏子\升华技-真祖.png,analyzed,7,卡面机制：真祖 将莎士比亚的所有技能牌移除游戏，不再拥有从者牌。 | 卡面机制：再次 获得【咒血尸解叹歌】，该牌获得： “行动阶段：花费4X点魔力，你的X张基础牌变为【咒血尸 解叹歌】的复制，直至战斗阶段结束并且失去<每局游戏限 一次>。 | 卡面机制：”
3852,02御主\01已确认御主\02FGO\芥雏子\头像.png,non_rule,7,非规则素材：头像.png（牌背、头像、立牌、标记或纯数值指示物）
3853,02御主\01已确认御主\02FGO\芥雏子\始皇帝.png,analyzed,7,卡面机制：始皇帝 当你赢得一场战斗时，进行【扩张】，且芥子获得3点战果。 | 卡面机制：游戏开始时进行4次【扩张】。 | 卡面机制：你的合计威力为14（可以被改动）。 | 卡面机制：你只存在于【中国】战场。 | 卡面机制：若你于战斗阶段时不处于任意战场， 则获得2点战果。
3854,02御主\01已确认御主\02FGO\芥雏子\始皇帝TOKEN\httpcloud3steamusercontentcomugc1770453485891676839B03311710E6B647E2F9332B605F8779F12EB5753.png,non_rule,7,非规则素材：httpcloud3steamusercontentcomugc1770453485891676839B03311710E6B647E2F9332B605F8779F12EB5753.png（牌背、头像、立牌、标记或纯数值指示物）
3855,02御主\01已确认御主\02FGO\芥雏子\始皇帝TOKEN\httpcloud3steamusercontentcomugc177045348589168210581FED0BCE0DC0D321AA4EE73DA42BF3CE879376A.png,non_rule,7,非规则素材：httpcloud3steamusercontentcomugc177045348589168210581FED0BCE0DC0D321AA4EE73DA42BF3CE879376A.png（牌背、头像、立牌、标记或纯数值指示物）
3856,02御主\01已确认御主\02FGO\芥雏子\始皇帝TOKEN\httpcloud3steamusercontentcomugc17704534858916848985F7163B03F1B70ED76C0E4FB590F18DDF433FFBD.png,non_rule,7,非规则素材：httpcloud3steamusercontentcomugc17704534858916848985F7163B03F1B70ED76C0E4FB590F18DDF433FFBD.png（牌背、头像、立牌、标记或纯数值指示物）
3857,02御主\01已确认御主\02FGO\芥雏子\始皇帝TOKEN\httpcloud3steamusercontentcomugc177045348589168670059A006A8750F16C2C99AB6AEDB45D4441C663491.png,non_rule,7,非规则素材：httpcloud3steamusercontentcomugc177045348589168670059A006A8750F16C2C99AB6AEDB45D4441C663491.png（牌背、头像、立牌、标记或纯数值指示物）
3858,02御主\01已确认御主\02FGO\芥雏子\始皇帝TOKEN\httpcloud3steamusercontentcomugc17704534858916877892EE8CE8CF589B2C3F3C3BBBCBFB46A1E9F7E16F5.png,non_rule,7,非规则素材：httpcloud3steamusercontentcomugc17704534858916877892EE8CE8CF589B2C3F3C3BBBCBFB46A1E9F7E16F5.png（牌背、头像、立牌、标记或纯数值指示物）
3859,02御主\01已确认御主\02FGO\芥雏子\始皇帝TOKEN\httpcloud3steamusercontentcomugc17704534858916909528B55237690203B287725255BCF9FC4232D37700F.png,non_rule,7,非规则素材：httpcloud3steamusercontentcomugc17704534858916909528B55237690203B287725255BCF9FC4232D37700F.png（牌背、头像、立牌、标记或纯数值指示物）
3860,02御主\01已确认御主\02FGO\芥雏子\始皇帝TOKEN\httpcloud3steamusercontentcomugc1770453485891691887A64903F368A57A3FF03D5F73A3AFE90C3CD17FFE.png,non_rule,7,非规则素材：httpcloud3steamusercontentcomugc1770453485891691887A64903F368A57A3FF03D5F73A3AFE90C3CD17FFE.png（牌背、头像、立牌、标记或纯数值指示物）
3861,02御主\01已确认御主\02FGO\芥雏子\始皇帝TOKEN\httpcloud3steamusercontentcomugc1770453485891693401BEA8CF15C91B2E314F2FA08D1C33FEF443983128.png,non_rule,7,非规则素材：httpcloud3steamusercontentcomugc1770453485891693401BEA8CF15C91B2E314F2FA08D1C33FEF443983128.png（牌背、头像、立牌、标记或纯数值指示物）
3862,02御主\01已确认御主\02FGO\芥雏子\始皇帝TOKEN\httpcloud3steamusercontentcomugc177045348589170017071FDFE5E6922B347995D5C5524E5C50469CF4540.png,non_rule,7,非规则素材：httpcloud3steamusercontentcomugc177045348589170017071FDFE5E6922B347995D5C5524E5C50469CF4540.png（牌背、头像、立牌、标记或纯数值指示物）
3863,02御主\01已确认御主\02FGO\芥雏子\始皇帝TOKEN\httpcloud3steamusercontentcomugc1770453485891701552B5103A9C3F584F7A9AB138F1F98C9FB3DF879540.png,non_rule,7,非规则素材：httpcloud3steamusercontentcomugc1770453485891701552B5103A9C3F584F7A9AB138F1F98C9FB3DF879540.png（牌背、头像、立牌、标记或纯数值指示物）
3864,02御主\01已确认御主\02FGO\芥雏子\始皇帝TOKEN\httpcloud3steamusercontentcomugc17704534858917043643B7F88A7851C2798C36BA27957328563FD8ACC09.png,non_rule,7,非规则素材：httpcloud3steamusercontentcomugc17704534858917043643B7F88A7851C2798C36BA27957328563FD8ACC09.png（牌背、头像、立牌、标记或纯数值指示物）
3865,02御主\01已确认御主\02FGO\芥雏子\始皇帝TOKEN\httpcloud3steamusercontentcomugc177045348589170539388E682266A45385BB228096777DE12126AAB3788.png,non_rule,7,非规则素材：httpcloud3steamusercontentcomugc177045348589170539388E682266A45385BB228096777DE12126AAB3788.png（牌背、头像、立牌、标记或纯数值指示物）
3866,02御主\01已确认御主\02FGO\芥雏子\始皇帝TOKEN\httpcloud3steamusercontentcomugc17704534858917073109596074E6EE0EAF5D31C117613B16717C8FA6A5F.png,non_rule,7,非规则素材：httpcloud3steamusercontentcomugc17704534858917073109596074E6EE0EAF5D31C117613B16717C8FA6A5F.png（牌背、头像、立牌、标记或纯数值指示物）
3867,02御主\01已确认御主\02FGO\芥雏子\始皇帝TOKEN\httpcloud3steamusercontentcomugc17704534858917086553A12EAB227C4D9696A990CC16125F8AA9039EA2A.png,non_rule,7,非规则素材：httpcloud3steamusercontentcomugc17704534858917086553A12EAB227C4D9696A990CC16125F8AA9039EA2A.png（牌背、头像、立牌、标记或纯数值指示物）
3868,02御主\01已确认御主\02FGO\芥雏子\始皇帝TOKEN\httpcloud3steamusercontentcomugc17704534858917095359A9DDF8F76C3E9BBA3B0C4D5873E954945A8CE7E.png,non_rule,7,非规则素材：httpcloud3steamusercontentcomugc17704534858917095359A9DDF8F76C3E9BBA3B0C4D5873E954945A8CE7E.png（牌背、头像、立牌、标记或纯数值指示物）
3869,02御主\01已确认御主\02FGO\芥雏子\始皇帝TOKEN\httpcloud3steamusercontentcomugc17704534858917106348DF85E3A23E40FC97DA74FD194C843821A8E355F.png,non_rule,7,非规则素材：httpcloud3steamusercontentcomugc17704534858917106348DF85E3A23E40FC97DA74FD194C843821A8E355F.png（牌背、头像、立牌、标记或纯数值指示物）
3870,02御主\01已确认御主\02FGO\芥雏子\始皇帝TOKEN\httpcloud3steamusercontentcomugc1770453485891712141A652BED5F45A908D677F015A716F2FCAEE1D08BF.png,non_rule,7,非规则素材：httpcloud3steamusercontentcomugc1770453485891712141A652BED5F45A908D677F015A716F2FCAEE1D08BF.png（牌背、头像、立牌、标记或纯数值指示物）
3871,02御主\01已确认御主\02FGO\芥雏子\始皇帝TOKEN\httpcloud3steamusercontentcomugc1770453485891713087370175B04BA63B68A2A11742240222F645953D66.png,non_rule,7,非规则素材：httpcloud3steamusercontentcomugc1770453485891713087370175B04BA63B68A2A11742240222F645953D66.png（牌背、头像、立牌、标记或纯数值指示物）
3872,02御主\01已确认御主\02FGO\芥雏子\始皇帝TOKEN\httpcloud3steamusercontentcomugc1770453485891714111594257C669C27DDFB189FB2D728AA74978171FE2.png,non_rule,7,非规则素材：httpcloud3steamusercontentcomugc1770453485891714111594257C669C27DDFB189FB2D728AA74978171FE2.png（牌背、头像、立牌、标记或纯数值指示物）
3873,02御主\01已确认御主\02FGO\芥雏子\始皇帝TOKEN\httpcloud3steamusercontentcomugc1770453485891715180E5EF4CD066A55A7290BE3FCAB06E242EEAA52713.png,non_rule,7,非规则素材：httpcloud3steamusercontentcomugc1770453485891715180E5EF4CD066A55A7290BE3FCAB06E242EEAA52713.png（牌背、头像、立牌、标记或纯数值指示物）
3874,02御主\01已确认御主\02FGO\芥雏子\始皇帝TOKEN\httpcloud3steamusercontentcomugc1770453485891719339A867AA7BC3B1780400413CD4116C3E946F324A34.png,non_rule,7,非规则素材：httpcloud3steamusercontentcomugc1770453485891719339A867AA7BC3B1780400413CD4116C3E946F324A34.png（牌背、头像、立牌、标记或纯数值指示物）
3875,02御主\01已确认御主\02FGO\芥雏子\始皇帝TOKEN\httpcloud3steamusercontentcomugc177045348589172030353D1F35F77751B6896E60A089591205C4BE871A5.png,non_rule,7,非规则素材：httpcloud3steamusercontentcomugc177045348589172030353D1F35F77751B6896E60A089591205C4BE871A5.png（牌背、头像、立牌、标记或纯数值指示物）
3876,02御主\01已确认御主\02FGO\芥雏子\始皇帝TOKEN\httpcloud3steamusercontentcomugc1770453485891722443E065DF39480003B9B79C78C8DA71751311182A47.png,non_rule,7,非规则素材：httpcloud3steamusercontentcomugc1770453485891722443E065DF39480003B9B79C78C8DA71751311182A47.png（牌背、头像、立牌、标记或纯数值指示物）
3877,02御主\01已确认御主\02FGO\芥雏子\始皇帝TOKEN\httpcloud3steamusercontentcomugc17704534858917241992DAF186AB71F478C761E07D66391EE1076338B27.png,non_rule,7,非规则素材：httpcloud3steamusercontentcomugc17704534858917241992DAF186AB71F478C761E07D66391EE1076338B27.png（牌背、头像、立牌、标记或纯数值指示物）
3878,02御主\01已确认御主\02FGO\芥雏子\始皇帝TOKEN\httpcloud3steamusercontentcomugc177045348589172543033559973820C40BDB71021380659213299E12939.png,non_rule,7,非规则素材：httpcloud3steamusercontentcomugc177045348589172543033559973820C40BDB71021380659213299E12939.png（牌背、头像、立牌、标记或纯数值指示物）
3879,02御主\01已确认御主\02FGO\芥雏子\始皇帝TOKEN\httpcloud3steamusercontentcomugc1770453485891726709DE72E989C5549E3D65E9677B45FC82C2FD8DC5C0.png,non_rule,7,非规则素材：httpcloud3steamusercontentcomugc1770453485891726709DE72E989C5549E3D65E9677B45FC82C2FD8DC5C0.png（牌背、头像、立牌、标记或纯数值指示物）
3880,02御主\01已确认御主\02FGO\芥雏子\始皇帝TOKEN\httpcloud3steamusercontentcomugc1770453485891728722187D7279BA41E76434F414F5FEEE2380524330EF.png,non_rule,7,非规则素材：httpcloud3steamusercontentcomugc1770453485891728722187D7279BA41E76434F414F5FEEE2380524330EF.png（牌背、头像、立牌、标记或纯数值指示物）
3881,02御主\01已确认御主\02FGO\芥雏子\始皇帝TOKEN\httpcloud3steamusercontentcomugc1770453485891730049BCCA9D2103A2E6A296AB241F221C3BC96E3D9925.png,non_rule,7,非规则素材：httpcloud3steamusercontentcomugc1770453485891730049BCCA9D2103A2E6A296AB241F221C3BC96E3D9925.png（牌背、头像、立牌、标记或纯数值指示物）
3882,02御主\01已确认御主\02FGO\芥雏子\始皇帝TOKEN\httpcloud3steamusercontentcomugc17704534858917313809B6E5DC63250279F9EBBFDF72E78623927B9F78E.png,non_rule,7,非规则素材：httpcloud3steamusercontentcomugc17704534858917313809B6E5DC63250279F9EBBFDF72E78623927B9F78E.png（牌背、头像、立牌、标记或纯数值指示物）
3883,02御主\01已确认御主\02FGO\芥雏子\始皇帝TOKEN\httpcloud3steamusercontentcomugc1770453485891732843BE100F5FE61CE2CC55B417E4495041899D4AAA57.png,non_rule,7,非规则素材：httpcloud3steamusercontentcomugc1770453485891732843BE100F5FE61CE2CC55B417E4495041899D4AAA57.png（牌背、头像、立牌、标记或纯数值指示物）
3884,02御主\01已确认御主\02FGO\芥雏子\始皇帝plus.png,analyzed,7,卡面机制：始皇帝 当你赢得一场战斗时，进行【扩张】，且芥子获得3点战果。 | 卡面机制：游戏开始时进行4次【扩张】。 | 卡面机制：你的合计威力为18（可以被改动）。 | 卡面机制：你只存在于【中国】战场。 | 卡面机制：若你于战斗阶段时不处于任意战场， 则获得2点战果。
3885,02御主\01已确认御主\02FGO\芥雏子\始皇帝头像.png,non_rule,7,非规则素材：始皇帝头像.png（牌背、头像、立牌、标记或纯数值指示物）
3886,02御主\01已确认御主\02FGO\芥雏子\始皇帝立牌.png,non_rule,7,非规则素材：始皇帝立牌.png（牌背、头像、立牌、标记或纯数值指示物）
3887,02御主\01已确认御主\02FGO\芥雏子\芥雏子.png,analyzed,7,卡面机制：芥雏子 隐匿者-将NPC【始皇帝】加入游戏。 | 卡面机制：他负责【中国异闻带】。 | 卡面机制：死之愿望-将【咒血尸解叹歌】加入你的技能区。 | 卡面机制：当你战败时， 将游戏外的【咒血尸解叹歌】加入技能区。
3888,02御主\01已确认御主\02FGO\芥雏子\芥雏子立牌.png,non_rule,7,非规则素材：芥雏子立牌.png（牌背、头像、立牌、标记或纯数值指示物）
3889,02御主\01已确认御主\02FGO\贝利尔\3.6更新贝利尔.png,analyzed,7,卡面机制：贝利尔·伽特 隐匿者-将NPC【摩根】加入游戏，她负责【不列颠异闻带】。 | 卡面机制：狼男-游戏开始时，你是新郎且你拥有【敏锐嗅觉】。 | 卡面机制：魔女咒术-战斗阶段：使用一张你攻击牌的行动阶段能力。 | 卡面机制：（遵循每回合限一次的规则且非“被动/”需激活才可使用。
3890,02御主\01已确认御主\02FGO\贝利尔\3.8更新升华技-直到地狱尽头.png,analyzed,7,卡面机制：直到地狱的尽头 当你获胜时，可以选择一张败者展示的从者技能，以其 复制替换莎士比亚的一张从者技能。 | 卡面机制：妖精骑士获胜时， 若你参与其所在的战斗，你视为一同获胜。 | 卡面机制：（均分战果） 禁断之咒-行动或战斗阶段：将一名妖精骑士从游戏移除， 若你不是新郎，你成为新郎。 | 卡面机制：否则你获得5点合计威力。
3891,02御主\01已确认御主\02FGO\贝利尔\3.8更新敏锐嗅觉 (1).png,analyzed,7,卡面机制：敏锐噢觉 （游戏开始时，此牌位于此面） 行动阶段：花费1点魔力，移动至一名【猎物】所在的战 场并获得2点合计威力。 | 卡面机制：若你获胜将此牌翻面； | 卡面机制：否则， 失去1点战果。 | 卡面机制：（猎物：御主或已真名解放的从者为女性 的其他玩家及女性NPC。 | 卡面机制：）
3892,02御主\01已确认御主\02FGO\贝利尔\3.8更新敏锐嗅觉 (2).png,analyzed,7,卡面机制：自我欺骗 行动阶段：获得4点合计威力。 | 卡面机制：回合结束时，若你战胜了 至少一名【猎物】，获得1点战果； | 卡面机制：否则将此牌翻面。
3893,02御主\01已确认御主\02FGO\贝利尔\不列颠异闻带.png,analyzed,7,卡面机制：不列颠异闻带 扩张-从游戏外的【不列颠】事件牌中随机抽取一张，展示 并将其洗入事件牌堆。 | 卡面机制：同时满足【扩张】条件的玩家需同步 执行【扩张】。
3894,02御主\01已确认御主\02FGO\贝利尔\不列颠异闻带\不列颠战场 (1).png,analyzed,7,卡面机制：2 11118 格洛斯特 【不列颠】 <妖精骑士崔斯坦> 新郎于此战场时，获得2点地利。
3895,02御主\01已确认御主\02FGO\贝利尔\不列颠异闻带\不列颠战场 (10).png,analyzed,7,卡面机制：4 卡美洛城 【不列颠】 <妖精骑士兰斯洛特> 新郎于此战场时，魔力少于8点也可以打出技能牌且可以于 常规攻击多打一张牌。
3896,02御主\01已确认御主\02FGO\贝利尔\不列颠异闻带\不列颠战场 (11).png,analyzed,7,卡面机制：一 无名之森 【不列颠】 此牌出场时，抽取另一张事件牌放置于此战场。 | 卡面机制：所有攻击于此战场失去 宝具外的所有属性，新郎不受此 事件牌影响。
3897,02御主\01已确认御主\02FGO\贝利尔\不列颠异闻带\不列颠战场 (2).png,analyzed,7,卡面机制：O 冬之女王的玉座 【不列颠】 <妖精骑士崔斯坦> 此牌出场时，抽取另一张事件牌放置于此战场。 | 卡面机制：新郎于此战场且发生战斗时，于战斗结束时获得2点战果。
3898,02御主\01已确认御主\02FGO\贝利尔\不列颠异闻带\不列颠战场 (3).png,analyzed,7,卡面机制：一 冬之女王的玉座 【不列颠】 <妖精骑士高文> 此牌出场时，抽取另一张事件牌放置于此战场。 | 卡面机制：新郎于此战场且发生战斗时，于战斗结束时获得2点战果。
3899,02御主\01已确认御主\02FGO\贝利尔\不列颠异闻带\不列颠战场 (4).png,analyzed,7,卡面机制：2 冬之女王的玉座 【不列颠】 <妖精骑士兰斯洛特> 此牌出场时，抽取另一张事件牌放置于此战场。 | 卡面机制：新郎于此战场且发生战斗时，于战斗结束时获得2点战果。
3900,02御主\01已确认御主\02FGO\贝利尔\不列颠异闻带\不列颠战场 (5).png,analyzed,7,卡面机制：O 奥伯龙·伏提庚 【不列颠】 <奥伯龙·伏提庚> 此牌出场时，所有人类死亡。 | 卡面机制：NPC奥伯龙位于此战场。 | 卡面机制：此牌出场时，抽取另一张事件牌放置于此战场。 | 卡面机制：战斗结束后将此牌 移除游戏。 | 卡面机制：若奥伯龙赢得本场战斗，其获得游戏胜利。 | 卡面机制：奥伯龙于此获得13点合计威力并免疫【败北】。
3901,02御主\01已确认御主\02FGO\贝利尔\不列颠异闻带\不列颠战场 (6).png,analyzed,7,卡面机制：O 奥伯龙·伏提庚 【不列颠】 <奥伯龙·伏提庚> 此牌出场时，本局游戏由我获得胜利。 | 卡面机制：NPC奥伯龙位于此战场。 | 卡面机制：此牌出场时，抽取另一张事件牌放置于此战场。 | 卡面机制：战斗结束后将此牌 移除游戏。 | 卡面机制：若奥伯龙赢得本场战斗，其获得游戏胜利。 | 卡面机制：奥伯龙于此分别激活一张基本威力不可变动且为2的米×&区 攻击。
3902,02御主\01已确认御主\02FGO\贝利尔\不列颠异闻带\不列颠战场 (7).png,analyzed,7,卡面机制：2 秋之森 【不列颠】 <妖精王奥伯龙> 右上角只是不小心多打了几个字。 | 卡面机制：新郎的 宝具攻击于此战场获得威力+4。 | 卡面机制：新郎的基础攻击于此战场获得威力-2。 | 卡面机制：若【威尔士】与此牌位于同一战场，永久切换此牌。
3903,02御主\01已确认御主\02FGO\贝利尔\不列颠异闻带\不列颠战场 (8).png,analyzed,7,卡面机制：2 威尔士 【不列颠】 <妖精王奥伯龙> 妖精王奥伯龙是什么？不用在意。 | 卡面机制：新郎部署于此战场或进入此战场时，立即获得2点魔力。 | 卡面机制：新郎离开此战场时，失去2点魔力。 | 卡面机制：若【秋之森】与此牌位于同一战场，永久切换此牌。
3904,02御主\01已确认御主\02FGO\贝利尔\不列颠异闻带\不列颠战场 (9).png,analyzed,7,卡面机制：3 谢菲尔德 【不列颠】 <妖精骑士高文> 新郎于此战场时，总威力+3且于战斗结束时恢复3点魔力。
3905,02御主\01已确认御主\02FGO\贝利尔\头像.png,non_rule,7,非规则素材：头像.png（牌背、头像、立牌、标记或纯数值指示物）
3906,02御主\01已确认御主\02FGO\贝利尔\妖精骑士.png,analyzed,7,卡面机制：妖精骑士 妖精骑士-摩根拥有三名妖精骑士，其仅出现于提到其的 【不列颠】战场； | 卡面机制：摩根淘汰时，妖精骑士不再出现。 | 卡面机制：妖精骑士崔斯坦（芭万·希）的合计威力为14。 | 卡面机制：妖精骑士高文（巴格斯特）的合计威力为16。 | 卡面机制：妖精骑士兰斯洛特（梅柳齐娜）的合计威力为18。
3907,02御主\01已确认御主\02FGO\贝利尔\妖精骑士头像 (1).png,non_rule,7,非规则素材：妖精骑士头像 (1).png（牌背、头像、立牌、标记或纯数值指示物）
3908,02御主\01已确认御主\02FGO\贝利尔\妖精骑士头像 (2).png,non_rule,7,非规则素材：妖精骑士头像 (2).png（牌背、头像、立牌、标记或纯数值指示物）
3909,02御主\01已确认御主\02FGO\贝利尔\妖精骑士头像 (3).png,non_rule,7,非规则素材：妖精骑士头像 (3).png（牌背、头像、立牌、标记或纯数值指示物）
3910,02御主\01已确认御主\02FGO\贝利尔\妖精骑士立牌 (1).png,non_rule,7,非规则素材：妖精骑士立牌 (1).png（牌背、头像、立牌、标记或纯数值指示物）
3911,02御主\01已确认御主\02FGO\贝利尔\妖精骑士立牌 (2).png,non_rule,7,非规则素材：妖精骑士立牌 (2).png（牌背、头像、立牌、标记或纯数值指示物）
3912,02御主\01已确认御主\02FGO\贝利尔\妖精骑士立牌 (3).png,non_rule,7,非规则素材：妖精骑士立牌 (3).png（牌背、头像、立牌、标记或纯数值指示物）
3913,02御主\01已确认御主\02FGO\贝利尔\摩根.png,analyzed,7,卡面机制：摩根 异闻带之主-当新郎或妖精骑士赢得一场战斗时，进行【扩张】且 摩根获得3点战果。 | 卡面机制：来自止境-游戏开始时，将【无名之森】【格洛斯特】【谢菲尔德】 【卡美洛城】洗入事件牌堆。 | 卡面机制：当一张【不列颠】事件牌出场时，你 与新郎获得1点战果。 | 卡面机制：薇薇安-你拥有渴望的魅力。
3914,02御主\01已确认御主\02FGO\贝利尔\摩根头像.png,non_rule,7,非规则素材：摩根头像.png（牌背、头像、立牌、标记或纯数值指示物）
3915,02御主\01已确认御主\02FGO\贝利尔\新郎头像.png,non_rule,7,非规则素材：新郎头像.png（牌背、头像、立牌、标记或纯数值指示物）
3916,02御主\01已确认御主\02FGO\贝利尔\旧\3.2更新贝利尔.png,analyzed,7,卡面机制：贝利尔·伽特 隐匿者-将NPC【摩根】加入游戏，她负责【不列颠异闻带】。 | 卡面机制：狼男-游戏开始时，你是新郎且你拥有【敏锐嗅觉】。 | 卡面机制：魔女咒术-战斗阶段：使用一张你非令咒牌的行动阶段能力。 | 卡面机制：（仍遵循每回合限一次的规则）
3917,02御主\01已确认御主\02FGO\贝利尔\旧\升华技-直到地狱尽头.png,analyzed,7,卡面机制：直到地狱的尽头 若你与妖精骑士位于同一战场，当妖精骑士获得胜利时，视为你也 获得胜利（获得均分的战果）。 | 卡面机制：禁断之咒-行动阶段：将一名妖精骑士从游戏中移除，你成为新郎。 | 卡面机制：若你已是新郎，增加5点合计威力。 | 卡面机制：灵基融合-当你战胜一名对手后，你可以花费一枚令咒，将其一张 技能复制加入你的技能区井令其获得<每局游戏限一次>。
3918,02御主\01已确认御主\02FGO\贝利尔\旧\敏锐嗅觉.png,analyzed,7,卡面机制：敏锐噢觉 前哨阶段：你的行动阶段开始时，你可以移动至有猎物所 在的地点。 | 卡面机制：回合结束时，若你本回合战胜任意猎物，将此 牌转变为【自我欺骗】； | 卡面机制：否则，失去1点战果。 | 卡面机制：（猎物：御主或已真名解放的从者为女性的其他玩家及女 性对手。 | 卡面机制：)
3919,02御主\01已确认御主\02FGO\贝利尔\旧\明锐嗅觉背面.png,analyzed,7,卡面机制：自我欺骗 前哨阶段：本回合内，战力结算时，若你与任意猎物交战 你的合计威力+4。 | 卡面机制：回合结束时，若你本回合战胜任意猎物， 获得1点战果； | 卡面机制：否则，将此牌转变为【敏锐嗅觉】。
3920,02御主\01已确认御主\02FGO\贝利尔\旧\贝利尔.png,analyzed,7,卡面机制：贝利尔·伽特 隐匿者-将NPC【摩根】加入游戏，她负责【不列颠异闻带】。 | 卡面机制：游戏开始时，你是新郎。 | 卡面机制：狼男-你拥有【敏锐噢觉】。 | 卡面机制：魔女咒术-战斗阶段：使用你一张牌的行动阶段能力。 | 卡面机制：（仍遵循每回合限一次的规则）
3921,02御主\01已确认御主\02FGO\贝利尔\渴望的魅力.png,analyzed,7,卡面机制：渴望的魅力 冬之女王-当新郎被玩家击败时，其于下个回合开始时不再 为新郎； | 卡面机制：击败其的顺位最前的胜利者成为新郎。 | 卡面机制：妖精眼-回合结束时，若新郎未取得胜利，摩根获得1点战果 ，新郎失去1点战果。
3922,02御主\01已确认御主\02FGO\贝利尔\立牌.png,non_rule,7,非规则素材：立牌.png（牌背、头像、立牌、标记或纯数值指示物）
3923,02御主\01已确认御主\02FGO\达尼克\升华技-老相识.png,analyzed,7,卡面机制：米 力量 老相识 9K X （将此牌加入你的技能区） 焦土作战-被动：与你位于同一战场的对手的行动阶段开始 时必须花费2点战果维持地利，否则其失去地利。 | 卡面机制：空中支援-行动阶段：将你的地利翻倍。
3924,02御主\01已确认御主\02FGO\达尼克\头像.png,non_rule,7,非规则素材：头像.png（牌背、头像、立牌、标记或纯数值指示物）
3925,02御主\01已确认御主\02FGO\达尼克\达尼克.png,analyzed,7,卡面机制：达尼克·普雷斯通 领地-你战场上未被占领的地利将属于你。 | 卡面机制：噬魂者-当你赢得一场战斗后，你可以将你的魔力设为4点。 | 卡面机制：回合结束时，若你的魔力小于等于2，失去2点战果。
3926,02御主\01已确认御主\02FGO\齐格\3.3更新齐格.png,analyzed,7,卡面机制：齐格 过载炉心-若你拥有11点及以上的魔力，你可以于常规出 牌时追加打出一张牌。 | 卡面机制：龙告令咒-行动阶段：花费1枚令咒，然后你获得2点魔力 并将【幻想大剑·天魔失坠】从游戏外加入你的技能区直 至回合结束。 | 卡面机制：你拥有的魔力少于8点也可以打出此牌。
3927,02御主\01已确认御主\02FGO\齐格\3.4.1更新幻想大剑.png,analyzed,7,卡面机制：Strength Noble Phantasm 8K 幻想大剑·天魔失坠 4 菩提之叶-你可以免费打出此牌。 | 卡面机制：若如此做，与你位于同一 战场的对手获得：“行动阶段：关闭一张你控制的，基本威 力大于等于5的&敏捷攻击，然后令齐格【败北】。 | 卡面机制：”
3928,02御主\01已确认御主\02FGO\齐格\升华技-第二类永动机.png,analyzed,7,卡面机制：第二类永动机碎片 当位于你所在地点的一名对手花费了4点或更多的魔力时， 你恢复一枚令咒。 | 卡面机制：【同调】状态时，你的米力量基础攻击 获得威力+3。
3929,02御主\01已确认御主\02FGO\齐格\头像.png,non_rule,7,非规则素材：头像.png（牌背、头像、立牌、标记或纯数值指示物）
3930,02御主\01已确认御主\02FGO\齐格\旧\3.3更新幻想大剑.png,analyzed,7,卡面机制：Strength Noble Phantasm 8K 幻想大剑·天魔失坠 此牌需追加打出。 | 卡面机制：菩提之叶-你可以免费打出此牌。 | 卡面机制：若如此做，与你位于同一 战场的对手获得：“行动阶段：关闭一张你控制的，基本威 力大于等于5的敏捷攻击，然后令齐格【败北】。 | 卡面机制：”
3931,02御主\01已确认御主\02FGO\齐格\旧\SKILL-幻想大剑.png,analyzed,7,卡面机制：米 力量 宝具 8K 幻想大剑·天魔失坠
3932,02御主\01已确认御主\02FGO\齐格\旧\SKILL-恶龙之血铠.png,analyzed,7,卡面机制：宝具 恶龙之血铠 战斗阶段：将与你交战对手的基本威力4或更低的攻击威 力变为0。
3933,02御主\01已确认御主\02FGO\齐格\旧\菩提之叶.png,analyzed,7,"卡面机制：000K 菩提之叶 重整旗鼓-若你将齐格的一张技能牌与此牌一同打出，该技能 牌不需要消耗魔力。 | 卡面机制：弱点暴露-与你同一战场的对手获得“行动阶段：关闭自己打 出的一张基本威力5或以上的 属性卡牌使齐格【败北】。 | 卡面机制："""
3934,02御主\01已确认御主\02FGO\齐格\旧\齐格.png,analyzed,7,卡面机制：齐格 同调-行动阶段：花费一枚令咒，直到回合结束从游戏外将 【幻想大剑·天魔失坠】【恶龙之血铠】【菩提之叶】从游 戏外加入你的技能区。 | 卡面机制：你拥有的魔力少于8点也可使用它们， 并且可以追加打出。
3935,02御主\01已确认御主\02FGO\齐格\齐格立牌.png,non_rule,7,非规则素材：齐格立牌.png（牌背、头像、立牌、标记或纯数值指示物）
3936,02御主\01已确认御主\03FSR\土御门泰广\httpssteamusercontentaakamaihdnetugc250127849024265371156EA96BC0992C8DB2D7896870499D71EF03D28CF.png,unclear,7,OCR/转录不足，暂不能可靠判定完整机制：（未识别到文字）
3937,02御主\01已确认御主\03FSR\土御门泰广\httpssteamusercontentaakamaihdnetugc250127849024286982114C65BA66ABCC1C7364FCE548B30F93BFDA14C7F.png,analyzed,7,卡面机制：令咒 行动阶段：获得4点魔力。 | 卡面机制：行动阶段：获得2点合计威力，若你本回合获胜，获得2点 战果。 | 卡面机制：行动阶段：从新都或深山町移动至任意地点，无视交战状态。
3938,02御主\01已确认御主\03FSR\土御门泰广\升华技-盈月之主.png,analyzed,7,卡面机制：盈月之主 只有当你激活【阵地作成】时，你才可以解锁此牌。 | 卡面机制：准备阶段，你需花费2点魔力，否则将此牌移除游戏。 | 卡面机制：盈月的锁-你的【峦】无法被移除，战力结算时，其他 玩家激活的从者技能攻击改为令其降低等量的合计威力而 不是增加。
3939,02御主\01已确认御主\03FSR\土御门泰广\土御门泰广 (1).png,analyzed,7,卡面机制：土遁 当你于前哨阶段进行部署时，可以花费X点魔力，在你所 在地点X+1处未放置【峦】的工房或地利位置放置【峦】 标记。 | 卡面机制：当其他玩家部署于有【峦】的位置时，可以不获得该位置 的部署收益，改为移除此位置的【峦】。
3940,02御主\01已确认御主\03FSR\土御门泰广\土御门泰广 (2).png,analyzed,7,卡面机制：土御门泰广 宗家当家-你拥有【土遁】。 | 卡面机制：蛰伏-你通过非高潮局势牌获得的魔力减半（向上取整）。 | 卡面机制：阴阳术-游戏开始时，选择下列一项： 阳-你前4回合无视蛰伏且通过局势牌获得的魔力翻倍。 | 卡面机制：阴-你第5~8回合无视蛰伏且通过局势牌获得的魔力翻倍。
3941,02御主\01已确认御主\03FSR\土御门泰广\土御门泰广 (3).png,analyzed,7,卡面机制：土遁 行动阶段：花费1点魔力，选择下列一项： 升峦-若你所在的位置具有【峦】，重新部署于另一处 地点具有【峦】的位置。 | 卡面机制：击峦-获得X点合计威力，X为你使用击峦时所在地点的 【峦】数量。
3942,02御主\01已确认御主\03FSR\土御门泰广\头像-土御门泰广.png,non_rule,7,非规则素材：头像-土御门泰广.png（牌背、头像、立牌、标记或纯数值指示物）
3943,02御主\01已确认御主\03FSR\土御门泰广\立牌-土御门泰广.png,non_rule,7,非规则素材：立牌-土御门泰广.png（牌背、头像、立牌、标记或纯数值指示物）
3944,02御主\01已确认御主\03FSR\地右卫门\ATK-狱炎.png,analyzed,7,卡面机制：米 力量 狱炎 5& 复仇之鬼-打出时：所有对手失去1点战果。
3945,02御主\01已确认御主\03FSR\地右卫门\httpssteamusercontentaakamaihdnetugc2521534717693915716292435B5A9A272CD92721295D69C0D5E3AB10CC1.png,analyzed,7,卡面机制：令咒 行动阶段：获得4点魔力。 | 卡面机制：行动阶段：获得2点合计威力，若你本回合获胜，获得2点 战果。 | 卡面机制：行动阶段：从新都或深山町移动至任意地点，无视交战状态。
3946,02御主\01已确认御主\03FSR\地右卫门\升华技-盈月的怪物.png,analyzed,7,卡面机制：米 力量 12 12K 盈月的怪物 （此牌解锁时加入你的技能区并将你手牌、牌库和弃牌堆中 的所有米基础攻击替换为【狱炎】） 修罗炼狱-被动：你无法再使用你的从者技能。 | 卡面机制：战斗阶段：若你获胜，你战斗的败者失去当前回合数的战果。
3947,02御主\01已确认御主\03FSR\地右卫门\地右卫门.png,analyzed,7,卡面机制：地右卫门 地狱之门-游戏开始时，以【地狱技】秘密替换你从者的一张 职阶技能（视为属于该从者的原职阶技能），若没有职阶技能， 改为以2张【狱炎】替换你从者牌库威力最高的2张基础攻击。 | 卡面机制：罪孽-对手因你的能力失去或扣减战果时，可以被扣减至负数。 | 卡面机制：复仇之鬼-战胜过你的玩家无法以移动离开你所在的战场。
3948,02御主\01已确认御主\03FSR\地右卫门\头像-地右卫门.png,non_rule,7,非规则素材：头像-地右卫门.png（牌背、头像、立牌、标记或纯数值指示物）
3949,02御主\01已确认御主\03FSR\地右卫门\替换职介技能 (1).png,analyzed,7,卡面机制：米 力量 (3K 地狱的对魔力 3 苍炎绽放-被动/战斗阶段：若你于本回合打出了你战斗中 魔力消耗最高的 宝具攻击，令所有对手失去1点战果。 | 卡面机制：若其消耗≥4，所有对手额外失去1点战果。 | 卡面机制：魔术抗性-战斗阶段：将与你位于同一战场的交战对手控制 的×魔术属性攻击威力设置为0。
3950,02御主\01已确认御主\03FSR\地右卫门\替换职介技能 (2).png,analyzed,7,卡面机制：米 力量 305& 地狱的战斗续行 行动阶段：移动至一处非魔术工房地点，然后令与你位于同 一地点的对手各失去1点战果。
3951,02御主\01已确认御主\03FSR\地右卫门\替换职介技能 (3).png,analyzed,7,卡面机制：米 力量 地狱的骑乘 3 010K 桀刑-若你获胜，令所有对手失去1点战果。 | 卡面机制：打出时：若此牌与一张基础攻击一同打出，抽一张牌。 | 卡面机制：坐骑召唤-行动阶段：打出至多3张基本威力为3或更低的手 牌。
3952,02御主\01已确认御主\03FSR\地右卫门\替换职介技能 (4).png,analyzed,7,卡面机制：米 力量 XO3& 地狱的阵地作成 X为16－（当前回合数×2） 领域建造-残留：当你部署于魔术工房时，获得1点魔力并 令所有对手失去2点战果。
3953,02御主\01已确认御主\03FSR\地右卫门\替换职介技能 (5).png,analyzed,7,卡面机制：米 力量 3 4K 地狱的气息遮断 偿还-所有战败的对手失去1点战果。 | 卡面机制：刺杀-战斗阶段：战力结算后，如果你满足以下条件，令战力最高的所 有交战对手【败北】： 1.你的战力低于战力最高的所有交战对手 2.没有除战力最高的交战对手外其他战力高于你的交战对手。 | 卡面机制：3.此战斗有3名及以上的参与者。
3954,02御主\01已确认御主\03FSR\地右卫门\替换职介技能 (6).png,analyzed,7,卡面机制：米 力量 O 6K 地狱的单独行动 若你的回合顺位为前半数（向下取整）或以常规出牌外的方 式激活此牌时，你使用此牌的行动阶段能力后若战败，令所 有对手获得5点战果，该效果不能被任何方式阻止。 | 卡面机制：行动阶段：当你的回合顺位为前半数（向下取整）时才能使 用此效果。 | 卡面机制：令所有对手失去3点战果。
3955,02御主\01已确认御主\03FSR\地右卫门\立牌-地右卫门.png,non_rule,7,非规则素材：立牌-地右卫门.png（牌背、头像、立牌、标记或纯数值指示物）
3956,02御主\01已确认御主\03FSR\多罗蒂亚\httpssteamusercontentaakamaihdnetugc251928427490977992289C9A6BF03FB1470412591DDC08BAA62A9C27F6F.png,analyzed,7,卡面机制：令咒 行动阶段：获得4点魔力。 | 卡面机制：行动阶段：获得2点合计威力，若你本回合获胜，获得2点 战果。 | 卡面机制：行动阶段：从新都或深山町移动至任意地点，无视交战状态。
3957,02御主\01已确认御主\03FSR\多罗蒂亚\升华技-科耶特.png,analyzed,7,卡面机制：米 力量 敏捷 魔术 500K 科耶特繁荣永存 （将此牌加入你的技能区） 大航海时代-被动：所有属性均视为【徽】。 | 卡面机制：行动阶段：将你本回合以【家族秘术】弃置的牌加入攻击。
3958,02御主\01已确认御主\03FSR\多罗蒂亚\多罗蒂亚 (1).png,analyzed,7,卡面机制：家族秘术 游戏开始时，选择一种非 宝具属性作为【徽】。 | 卡面机制：行动阶段：从手牌中弃置和关闭你激活的共计至多3张 具有【徽】属性的牌，根据数量，你获得： 1+：1点魔力。 | 卡面机制：2+：3点合计威力。 | 卡面机制：3+：1点战果。
3959,02御主\01已确认御主\03FSR\多罗蒂亚\多罗蒂亚 (2).png,analyzed,7,卡面机制：多罗蒂娅·科耶特 时钟塔与传承-你拥有【家族秘术】。 | 卡面机制：盖伦号的公主-当你于每回合首次部署于一处地点数字最 高的位置时，抽一张牌。 | 卡面机制：当你移动至一处地点时，你可以 花费1点战果，部署于该地点未被占据的数字最高的位置。
3960,02御主\01已确认御主\03FSR\多罗蒂亚\头像-多罗蒂亚.png,non_rule,7,非规则素材：头像-多罗蒂亚.png（牌背、头像、立牌、标记或纯数值指示物）
3961,02御主\01已确认御主\03FSR\多罗蒂亚\立牌-多罗蒂亚.png,non_rule,7,非规则素材：立牌-多罗蒂亚.png（牌背、头像、立牌、标记或纯数值指示物）
3962,02御主\01已确认御主\03FSR\宫本伊织\3.8更新宫本伊织.png,analyzed,7,卡面机制：宫本伊织 稚涩-你无法于首次进行战斗的回合结束之前使用令咒。 | 卡面机制：师承-游戏开始时，将【红玉之书】放置于你的牌库底。 | 卡面机制：免许皆传-你拥有【五轮之刃】，游戏开始时，你处于 【地之型】。 | 卡面机制：当你获胜时，获得一枚【境界】标记。 | 卡面机制：你至多同时拥有一枚【境界】。
3963,02御主\01已确认御主\03FSR\宫本伊织\ATK-炎弹X3.png,analyzed,7,卡面机制：炎弹 1 & O <每局游戏限一次> 此牌获得你因【风之型】或破邪获得的属性。
3964,02御主\01已确认御主\03FSR\宫本伊织\ATK-红玉之书.png,analyzed,7,卡面机制：红玉之书 被动/前哨阶段：若此牌在你的手牌中，抽一张牌或打出此牌。 | 卡面机制：行动阶段：选择下列一项：1.获得2点魔力。 | 卡面机制：2.获得1点地利直至 游戏结束。 | 卡面机制：3.选择一个印刷威力数值，若可能，将你手牌，牌库 和弃牌堆中该威力的非区特殊基础牌移除游戏，然后将其对应属 性并+1威力的基础牌从游戏外加入相应位置。
3965,02御主\01已确认御主\03FSR\宫本伊织\httpcloud3steamusercontentcomugc252153471769959416359E88FF86DD4F4CC723F38A116BFB1CBCC712B69.png,analyzed,7,卡面机制：令咒 行动阶段：获得4点魔力。 | 卡面机制：行动阶段：获得2点合计威力，若你本回合获胜，获得2点 战果。 | 卡面机制：行动阶段：从新都或深山町移动至任意地点，无视交战状态。
3966,02御主\01已确认御主\03FSR\宫本伊织\五型 (1).png,analyzed,7,卡面机制：风之型 破邪-当你切换至此战型时，选择一种属性，创造并激活 1枚相应属性的，临时的【炎弹】。 | 卡面机制：行动阶段：花费一枚【境界】，创造并激活2枚×魔术 属性的，临时的【炎弹】直至你切换战型。
3967,02御主\01已确认御主\03FSR\宫本伊织\五型 (2).png,analyzed,7,卡面机制：空之型 万理-你获得你魔力值的一半（向上取整）点的合计威力。 | 卡面机制：行动阶段：花费一枚【境界】，与你位于同一战场的其他 玩家控制的区特殊基础攻击失去所有卡牌文字效果。
3968,02御主\01已确认御主\03FSR\宫本伊织\五型 (3).png,analyzed,7,卡面机制：水之型 波荡-你常规移动时每一步的移动成本-1。 | 卡面机制：行动阶段：花费一枚【境界】，立即或于战斗阶段进行 一次沿或逆箭头的常规移动。 | 卡面机制：（无视交战状态，逆箭头时移动成本与进入地点相同）。
3969,02御主\01已确认御主\03FSR\宫本伊织\五型 (4).png,analyzed,7,卡面机制：m/JUEEAKI 火之型 灼灼-你于常规出牌打出的攻击获得+X威力，X为你本回 合花费的魔力数的三分之一（向上取整且至少为1）。 | 卡面机制：行动阶段：花费一枚【境界】，打出一张技能攻击。 | 卡面机制：（你拥有的魔力少于8点也可以打出）
3970,02御主\01已确认御主\03FSR\宫本伊织\五型 (5).png,analyzed,7,卡面机制：地之型 巍然-你无法被移动或因其他玩家的能力失去地利。 | 卡面机制：行动阶段：花费一枚【境界】，战力结算时，你交战对手 控制的攻击-1威力。
3971,02御主\01已确认御主\03FSR\宫本伊织\五轮之刃 (1).png,analyzed,7,卡面机制：五轮之刃 行动阶段：你进行常规出牌后，根据你常规出牌具有的属 性选择切换至一种【战型】（无法切换为同一种）。 | 卡面机制：①两张不包含相同属性－【地之型】两张均包含： ②力量米-【火之型】③敏捷－【水之型】 ④魔术×-【风之型】 5特殊β-【空之型】
3972,02御主\01已确认御主\03FSR\宫本伊织\升华技-比翼闪耀.png,analyzed,7,卡面机制：2 5K 秘剑·比翼闪耀 （将此牌加入你的技能区） 你拥有的魔力少于8点也可以使用此牌。 | 卡面机制：打出时：花费X点魔力，选择X种非 宝具属性令此牌获得。 | 卡面机制：战斗阶段：若你于常规出牌打出的攻击具有相同的属性， 你获得+4合计威力。
3973,02御主\01已确认御主\03FSR\宫本伊织\头像-宫本伊织.png,non_rule,7,非规则素材：头像-宫本伊织.png（牌背、头像、立牌、标记或纯数值指示物）
3974,02御主\01已确认御主\03FSR\宫本伊织\宫本武藏-境界x12.png,non_rule,7,非规则素材：宫本武藏-境界x12.png（牌背、头像、立牌、标记或纯数值指示物）
3975,02御主\01已确认御主\03FSR\宫本伊织\旧\五轮之刃 (2).png,analyzed,7,卡面机制：地之型 若你于上次获胜后首次切换至此【战型】，本回合战力结 算时，你交战对手控制的攻击-1威力。 | 卡面机制：巍然-行动阶段：你无法移动，被移动或因其他玩家的能 力失去地利。
3976,02御主\01已确认御主\03FSR\宫本伊织\旧\五轮之刃 (3).png,analyzed,7,卡面机制：风之型 若你于上次获胜后首次切换至此【战型】，立即创造并 激活2枚临时的×魔术属性【炎弹】。 | 卡面机制：破邪-行动阶段：选择一种属性，创造并激活1枚相应属 性的，临时的【炎弹】直至你切换【战型】。
3977,02御主\01已确认御主\03FSR\宫本伊织\旧\五轮之刃 (4).png,analyzed,7,卡面机制：水之型 若你于上次获胜后首次切换至此【战型】，你可以于行 动阶段或战斗阶段立即进行一次沿或逆箭头的常规移动 （无视交战状态，逆箭头时移动成本与进入地点相同）。 | 卡面机制：波荡-行动阶段：你常规移动时每一步的移动成本-1。
3978,02御主\01已确认御主\03FSR\宫本伊织\旧\五轮之刃 (5).png,analyzed,7,卡面机制：m/JUEEAKI 火之型 若你于上次获胜后首次切换至此【战型】，你可以立即 打出一张技能攻击（你拥有的魔力少于8点也可以打出）。 | 卡面机制：灼灼-行动阶段：你于常规出牌打出的攻击获得+X威力， X为你本回合花费的魔力数的三分之一（向上取整且至少 为1)。
3979,02御主\01已确认御主\03FSR\宫本伊织\旧\五轮之刃 (6).png,analyzed,7,卡面机制：空之型 若你于上次获胜后首次切换至此【战型】，本回合， 与你位于同一战场的其他玩家控制的区特殊基础攻击 失去所有卡牌文字效果。 | 卡面机制：万理-行动阶段：你获得X点合计威力，X为你魔力值的 一半（向上取整）。
3980,02御主\01已确认御主\03FSR\宫本伊织\旧\宫本伊织.png,analyzed,7,卡面机制：宫本伊织 稚涩-你无法于首次进行战斗的回合结束之前使用令咒。 | 卡面机制：师承-游戏开始时，将【红玉之书】放置于你的牌库底。 | 卡面机制：免许皆传-你拥有【五轮之刃】，游戏开始时，你处于 【地之型】。
3981,02御主\01已确认御主\03FSR\宫本伊织\立牌-宫本伊织.png,non_rule,7,非规则素材：立牌-宫本伊织.png（牌背、头像、立牌、标记或纯数值指示物）
3982,02御主\01已确认御主\03FSR\由井正雪\httpssteamusercontentaakamaihdnetugc24911371477258348880E32601FD95DE5899FFE8CCBA2FEE81FEDF34046.png,analyzed,7,卡面机制：令咒 行动阶段：获得4点魔力。 | 卡面机制：行动阶段：获得2点合计威力，若你本回合获胜，获得2点 战果。 | 卡面机制：行动阶段：从新都或深山町移动至任意地点，无视交战状态。
3983,02御主\01已确认御主\03FSR\由井正雪\升华技-烈士徇名.png,analyzed,7,卡面机制：米 力量 敏捷 魔术 4 4K 烈士徇名·不惜身命 （将此牌加入你的技能区） 此牌需追加打出且你拥有的魔力少于8点也可以使用此牌。 | 卡面机制：峻烈之意-行动阶段：令莎士比亚的所有技能攻击获得一种 非 宝具属性直至游戏结束。 | 卡面机制：若它们已具有所有非 宝具 属性，【烈士名】威力翻倍并于回合结束时将其移除游戏。
3984,02御主\01已确认御主\03FSR\由井正雪\头像-由井正雪.png,non_rule,7,非规则素材：头像-由井正雪.png（牌背、头像、立牌、标记或纯数值指示物）
3985,02御主\01已确认御主\03FSR\由井正雪\由井正雪.png,analyzed,7,卡面机制：由井正雪 造生命-同效果每回合限一次，当你的非临时攻击牌移 除游戏时（包括因<每局游戏限一次>），你获得2点魔力。 | 卡面机制：烈士的军略-行动阶段：花费4点魔力，抽一张牌后将一张 手牌置于御主牌上并选择其一种属性，你该属性的激活攻 击获得+2威力。 | 卡面机制：回合结束时，移除你御主牌上的牌。
3986,02御主\01已确认御主\03FSR\由井正雪\立牌-由井正雪.png,non_rule,7,非规则素材：立牌-由井正雪.png（牌背、头像、立牌、标记或纯数值指示物）
3987,02御主\01已确认御主\03FSR\郑成功\httpssteamusercontentaakamaihdnetugc2486634182022566029AFF585D9FF97125E3BC3126B3CD017EF53E2596B.png,analyzed,7,卡面机制：令咒 行动阶段：获得4点魔力。 | 卡面机制：行动阶段：获得2点合计威力，若你本回合获胜，获得2点 战果。 | 卡面机制：行动阶段：从新都或深山町移动至任意地点，无视交战状态。
3988,02御主\01已确认御主\03FSR\郑成功\升华技-赤坂之梦.png,analyzed,7,卡面机制：赤坂之梦 隐-此牌解锁后，每当你从侦查获得战果或获胜时， 你额外获得1点战果并令相应地点的战果或竞争战果-1直 至游戏结束。 | 卡面机制：行动阶段：花费6点魔力，在一处地点设置 【宅邸】。 | 卡面机制：你于【宅邸】处的地利和因事件牌增加的攻击 威力和合计威力翻倍。
3989,02御主\01已确认御主\03FSR\郑成功\头像-郑成功.png,non_rule,7,非规则素材：头像-郑成功.png（牌背、头像、立牌、标记或纯数值指示物）
3990,02御主\01已确认御主\03FSR\郑成功\立牌-郑成功.png,non_rule,7,非规则素材：立牌-郑成功.png（牌背、头像、立牌、标记或纯数值指示物）
3991,02御主\01已确认御主\03FSR\郑成功\郑成功.png,analyzed,7,卡面机制：郑成功 异邦人-你部署于魔术工房获得的魔力改为其双倍的， 直至回合结束的基础地利。 | 卡面机制：部署于地利位置获得的基础 地利改为其等量的魔力（至多为3）。 | 卡面机制：避世-行动阶段：花费1点魔力，你不参与战力结算且不 受其他玩家能力影响。
3992,02御主\01已确认御主\03FSR\高尾太夫\httpssteamusercontentaakamaihdnetugc2519284274909810923F93F8E8ADDA7CAA11529CC1031ADDACB59DA6429.png,analyzed,7,卡面机制：令咒 行动阶段：获得4点魔力。 | 卡面机制：行动阶段：获得2点合计威力，若你本回合获胜，获得2点 战果。 | 卡面机制：行动阶段：从新都或深山町移动至任意地点，无视交战状态。
3993,02御主\01已确认御主\03FSR\高尾太夫\事件从者 (1).png,analyzed,7,卡面机制：阿周那 方正严谨-行动阶段：获得2点基础地利。
3994,02御主\01已确认御主\03FSR\高尾太夫\事件从者 (2).png,analyzed,7,卡面机制：喀耳刻 毒之食-当你部署于魔术工房时，令所有位于魔术工房 的玩家获得1点魔力。 | 卡面机制：回合结束时，你可以花费1点魔力， 偷取一名本回合因毒之食获得过魔力且未获胜的玩家 1点战果。
3995,02御主\01已确认御主\03FSR\高尾太夫\事件从者 (3).png,analyzed,7,卡面机制：参孙 至死不渝-若你未进行移动，获得4点合计威力。
3996,02御主\01已确认御主\03FSR\高尾太夫\事件从者 (4).png,analyzed,7,卡面机制：李书文 无二打-战斗阶段：选择一种你本回合激活的攻击具有的 属性，然后令一名激活的攻击具有该属性的交战对手选择： 1.关闭所有具有该属性的攻击。 | 卡面机制：2.【败北】。 | 卡面机制：使用无二打的回合结束时，令该无主从者返回原事件牌。
3997,02御主\01已确认御主\03FSR\高尾太夫\事件从者 (5).png,analyzed,7,卡面机制：木曾义仲 热诚无限-行动阶段：弃置一张手牌，然后创造并激活一 张临时，具有被弃置牌属性的威力3的攻击直至回合结束。
3998,02御主\01已确认御主\03FSR\高尾太夫\事件从者 (7).png,analyzed,7,卡面机制：库·丘林 血气方刚-你进行常规移动时每一步的移动成本-1。
3999,02御主\01已确认御主\03FSR\高尾太夫\事件从者 (8).png,analyzed,7,卡面机制：玉藻艾莉亚 美丽之物-当你获胜时，获得1点战果。 | 卡面机制：若该战斗中存在计 算战斗战果前战果低于你的战败者，你额外获得1点战果。
4000,02御主\01已确认御主\03FSR\高尾太夫\升华技-太平之愿.png,analyzed,7,卡面机制：太平之愿 此牌解锁时，抽取你因吉原之花获得的无主从者的从者牌。 | 卡面机制：（若该从者已在场，改为选择一名不在场的无主从者的 从者牌抽取）其与莎士比亚的牌库、弃牌堆和技能区相互 独立，被切换的从者的相应区域视为在游戏外保持不变。 | 卡面机制：被动/行动阶段：弃置所有手牌，切换从者并抽3张牌。
4001,02御主\01已确认御主\03FSR\高尾太夫\头像-高尾太夫.png,non_rule,7,非规则素材：头像-高尾太夫.png（牌背、头像、立牌、标记或纯数值指示物）
4002,02御主\01已确认御主\03FSR\高尾太夫\立牌-高尾太夫.png,non_rule,7,非规则素材：立牌-高尾太夫.png（牌背、头像、立牌、标记或纯数值指示物）
4003,02御主\01已确认御主\03FSR\高尾太夫\高尾太夫.png,analyzed,7,卡面机制：高尾太夫 吉原之花-游戏开始时，你选择一名常规职阶的无主从者 获得。 | 卡面机制：(不影响你因事件牌再获得一名无主从者) 温柔乡-战斗阶段结束后，若你所在的地点仅有你与另一 名玩家，你与其各恢复1点魔力。
4004,02御主\01已确认御主\04月姬\七夜志贵\3.2更新七夜志贵.png,analyzed,7,卡面机制：七夜志贵 净眼-你可以查看暗置的攻击牌。 | 卡面机制：七夜流体术-行动阶段：若可能，弃置X张牌并选择一项: 闪走-沿箭头移动一步，X为此地点的移动成本。 | 卡面机制：闪鞘-打出一张魔力消耗低于X的攻击并令其基本威力减半 （向上取整）。
4005,02御主\01已确认御主\04月姬\七夜志贵\3.2更新升华技-天狼星.jpg,analyzed,7,卡面机制：特殊 宝具 守护雪原的天狼星 0 （将此牌加入你的技能区） 战斗阶段开始时，若你控制【开演之时已至，此处应有雷鸣 般的喝彩】，失去4点魔力。 | 卡面机制：战斗阶段：花费其魔力消耗，关闭一张你战斗中的区特殊牌。
4006,02御主\01已确认御主\04月姬\七夜志贵\七夜志贵.png,analyzed,7,卡面机制：七夜志贵 净眼-你可以观看其他玩家打出的暗置攻击牌。 | 卡面机制：蜘蛛步-行动阶段：你可以丢弃X张手牌，沿着箭头移动 一步。 | 卡面机制：X为该空间的移动成本。
4007,02御主\01已确认御主\04月姬\七夜志贵\头像.png,non_rule,7,非规则素材：头像.png（牌背、头像、立牌、标记或纯数值指示物）
4008,02御主\01已确认御主\04月姬\七夜志贵\守护雪原的天狼星.png,analyzed,7,卡面机制：特殊 2 5& 守护雪原的天狼星 此牌可以追加打出。 | 卡面机制：打出时：若你打出的攻击中包含【开演之时已至，此处应有 雷鸣般的喝彩】，则你打出此牌时不需要消耗魔力。 | 卡面机制：行动阶段：除你以外与你位于同一地点的玩家不能使用区牌。
4009,02御主\01已确认御主\04月姬\七夜志贵\立牌.png,non_rule,7,非规则素材：立牌.png（牌背、头像、立牌、标记或纯数值指示物）
4010,02御主\01已确认御主\04月姬\两仪式\3.6更新-SKILL-生切断.png,analyzed,7,卡面机制：敏捷 2& 生·切断 2 此牌需追加打出。 | 卡面机制：若此牌与【死·紧握】一同打出，其+2 魔力消耗。 | 卡面机制：战斗阶段：选择一张你战斗中的非技能攻击，若其印刷威力 与其所有者牌库底部的牌相同，弃置这两张牌。
4011,02御主\01已确认御主\04月姬\两仪式\39立牌.png,non_rule,7,非规则素材：39立牌.png（牌背、头像、立牌、标记或纯数值指示物）
4012,02御主\01已确认御主\04月姬\两仪式\SKILL-死紧握.png,analyzed,7,卡面机制：魔术 X 死·紧握 此牌需追加打出。 | 卡面机制：行动阶段：查看一名与你位于同一战场的玩家的手牌，你可 将其中一张牌洗回其所有者的牌库。
4013,02御主\01已确认御主\04月姬\两仪式\SKILL-生切断.png,analyzed,7,卡面机制：敏捷 2& 生·切断 2 此牌需追加打出。 | 卡面机制：若此牌与【死·紧握】一同打出，魔力消 耗+2。 | 卡面机制：战斗阶段：选择一张你战斗中的非技能攻击，若其印刷威力 与其所有者牌库底部的牌相同，将这两张牌一同移除游戏。
4014,02御主\01已确认御主\04月姬\两仪式\两仪式.png,analyzed,7,卡面机制：两仪式 死线-游戏开始时，将【生·切断】加入你的技能区。 | 卡面机制：欠损-游戏开始时，将【死·紧握】加入你的技能区。 | 卡面机制：虚无-你可以查看所有玩家牌库底部的牌。 | 卡面机制：战力结算时， 你所在的战斗中所有牌库没有牌的玩家【败北】。
4015,02御主\01已确认御主\04月姬\两仪式\升华技-空之境界.png,analyzed,7,卡面机制：空之境界 你的敏捷攻击获得威力+2和“战斗阶段：弃置一张你 战斗中的一名玩家牌堆底的牌。 | 卡面机制：”
4016,02御主\01已确认御主\04月姬\两仪式\头像.png,non_rule,7,非规则素材：头像.png（牌背、头像、立牌、标记或纯数值指示物）
4017,02御主\01已确认御主\04月姬\两仪式（境界）\3.3更新两仪式.png,analyzed,7,卡面机制：两仪式 阴阳螺旋-游戏开始时，你拥有【阴阳鱼】。 | 卡面机制：杀人考查-当你首次战败后，失去【阴阳鱼·阳】并获得 【直死之魔眼】。
4018,02御主\01已确认御主\04月姬\两仪式（境界）\3.3更新升华技-空之境界.png,analyzed,7,卡面机制：空之境界 此牌解锁时，两仪式获得【阴阳鱼·阳】和【直死之魔 眼】并失去杀人考查。 | 卡面机制：你每于本局游戏使用或花费一枚令咒，【直死之魔眼】 便获得+4威力至游戏结束。
4019,02御主\01已确认御主\04月姬\两仪式（境界）\3.8更新升华技-空之境界.png,analyzed,7,卡面机制：空之境界 此牌解锁时，两仪式获得【阴阳鱼·阳】和【直死之魔 眼】并失去杀人考查。 | 卡面机制：你每于本局游戏使用或花费一枚令咒，【直死之魔眼】 便获得+2威力至游戏结束。
4020,02御主\01已确认御主\04月姬\两仪式（境界）\40立牌.png,non_rule,7,非规则素材：40立牌.png（牌背、头像、立牌、标记或纯数值指示物）
4021,02御主\01已确认御主\04月姬\两仪式（境界）\SKILL-直死之魔眼.png,analyzed,7,卡面机制：魔术 直死之魔眼 4 因果切断-战斗阶段：选择一张你控制的攻击，将你战斗中 所有威力低于此牌的攻击威力设为0，然后令你战斗中控制 的所有攻击威力均为0的玩家【败北】。
4022,02御主\01已确认御主\04月姬\两仪式（境界）\两仪式token.png,non_rule,7,非规则素材：两仪式token.png（牌背、头像、立牌、标记或纯数值指示物）
4023,02御主\01已确认御主\04月姬\两仪式（境界）\旧\两仪式.png,analyzed,7,卡面机制：两仪式 伽蓝之洞-游戏开始时，你是“式”。 | 卡面机制：准备阶段，若“织”未 被移除，花费1点魔力。 | 卡面机制：否则，你成为“织” 矛盾螺旋-你拥有【阴阳鱼·阴】。 | 卡面机制：痛觉残留－“织”被移除后，你获得【直死之魔眼】。
4024,02御主\01已确认御主\04月姬\两仪式（境界）\旧\两仪织.png,analyzed,7,卡面机制：两仪织 伽蓝之洞-你是“织”，回合结束时，你成为“式”。 | 卡面机制：当你 战败时，你从游戏中移除并成为“式”。 | 卡面机制：矛盾螺旋-你拥有【阴阳鱼·阳】。 | 卡面机制：杀人考察-前哨阶段，若有玩家位于战场，你必须部署于人 数最多的战场。
4025,02御主\01已确认御主\04月姬\两仪式（境界）\旧\升华技两仪式.png,analyzed,7,卡面机制：你只能在游戏的第一回合或第十一回合解锁此牌。 | 卡面机制：空之境界-解锁此技能后，立即移除“织”， “式”。 | 卡面机制：由“” 成为你新的御主并立即获得【直死之魔眼】。 | 卡面机制：“”同时拥有【阴阳鱼·阴】，【阴阳鱼·阳】。 | 卡面机制：前哨阶段：花费一枚令咒，你获得游戏外的【直死之魔眼】。
4026,02御主\01已确认御主\04月姬\两仪式（境界）\旧\直死之魔眼正面.png,analyzed,7,卡面机制：直死之魔眼 <每局游戏限一次> 战斗阶段：选择一名与你位于同一战场的玩家，若你与其的 合计威力在不计算局势牌，事件牌和其他玩家的能力影响后， 你高于他，则你可以对其切断。
4027,02御主\01已确认御主\04月姬\两仪式（境界）\旧\直死之魔眼背面.png,analyzed,7,卡面机制：直死之魔眼 <每局游戏限一次> 切断-选择下列一项执行： 【直死】：令其【败北】 【死点】：令其的一张牌或技能于本回合失去所有卡牌文字效果。 | 卡面机制：若该牌或技能有威力，可将其威力设为0。 | 卡面机制：【死线】：令其于本回合不受局势牌或事件牌影响。
4028,02御主\01已确认御主\04月姬\两仪式（境界）\旧\阴阳鱼·阳.png,analyzed,7,卡面机制：阴阳鱼·阳 行动阶段：花费1点魔力，你的常规攻击可以多打一张牌。
4029,02御主\01已确认御主\04月姬\两仪式（境界）\旧\阴阳鱼·阴.png,analyzed,7,卡面机制：阴阳鱼·阴 行动阶段：你的常规攻击可以少打一张牌，若如此做，你 获得1点魔力。
4030,02御主\01已确认御主\04月姬\两仪式（境界）\阴阳鱼 (1).png,analyzed,7,卡面机制：阴阳鱼·阴 战斗阶段：获得1点魔力，关闭一张你本回合打出的攻击。
4031,02御主\01已确认御主\04月姬\两仪式（境界）\阴阳鱼 (2).png,analyzed,7,卡面机制：阴阳鱼·阳 行动阶段：花费1点魔力，打出一张攻击。
4032,02御主\01已确认御主\04月姬\尼禄卡欧斯\争夺令咒X3.png,analyzed,7,卡面机制：争夺令咒 选择下列一项： <每局游戏限一次> 行动阶段：再使用一次兽王之巢的前哨阶段效果。 | 卡面机制：行动阶段：获得2点魔力（并抽一张【兽】）。 | 卡面机制：行动阶段：若你获胜，获得2点战果。 | 卡面机制：行动阶段：移动至一处相邻的地点。
4033,02御主\01已确认御主\04月姬\尼禄卡欧斯\兽\兽 (1).png,analyzed,7,卡面机制：Magic 恐惧 2K 【兽】 支配-战斗阶段：将与你位于同一战场的所有【幸运】的 威力变为0。
4034,02御主\01已确认御主\04月姬\尼禄卡欧斯\兽\兽 (10).png,analyzed,7,卡面机制：Special 原始 3 4K 【兽】 野性-战斗阶段：与你位于同一战场且于本回合未花费或使 用令咒的交战对手-3合计威力。
4035,02御主\01已确认御主\04月姬\尼禄卡欧斯\兽\兽 (11).png,analyzed,7,卡面机制：Strength 猎手 【兽】 追猎-战斗阶段：你战斗中每有一名对手，此牌便+1威力。
4036,02御主\01已确认御主\04月姬\尼禄卡欧斯\兽\兽 (12).png,analyzed,7,卡面机制：h 米 Strength 203K 亵渎 【兽】 献祭-战斗阶段：若你获胜，你获得2点战果且你战斗中的 败者失去2点战果。
4037,02御主\01已确认御主\04月姬\尼禄卡欧斯\兽\兽 (13).png,analyzed,7,卡面机制：皇帝 1V 【兽】 臣服-残留：【争夺令咒】更改为令咒。 | 卡面机制：当你使用令咒后， 关闭此牌。
4038,02御主\01已确认御主\04月姬\尼禄卡欧斯\兽\兽 (14).png,analyzed,7,卡面机制：Special 潜影 【兽】 诱捕-进入你所在地点的对手-5合计威力直至回合结束。
4039,02御主\01已确认御主\04月姬\尼禄卡欧斯\兽\兽 (15).png,analyzed,7,卡面机制：Agility 吞噬 2K 【兽】 献身-行动阶段：弃置至多3张【兽】并获得其数量两倍的 魔力。 | 卡面机制：你无法因此效果抽取【兽】。
4040,02御主\01已确认御主\04月姬\尼禄卡欧斯\兽\兽 (2).png,analyzed,7,卡面机制：X& 999之兽 【兽】 绝望-打出时：弃置你的所有【兽】手牌，X变为你以绝望 弃置的牌数量的2倍（最大为10）。
4041,02御主\01已确认御主\04月姬\尼禄卡欧斯\兽\兽 (3).png,analyzed,7,卡面机制：Special 哨兵 1K 【兽】 守望-行动阶段：翻倍你的地利。
4042,02御主\01已确认御主\04月姬\尼禄卡欧斯\兽\兽 (4).png,analyzed,7,卡面机制：Agility 天灾 XO0K 【兽】 自由选择X。 | 卡面机制：过境-行动阶段：弃置一张你所在战场战果点数为X+2的事 件牌。
4043,02御主\01已确认御主\04月姬\尼禄卡欧斯\兽\兽 (5).png,analyzed,7,卡面机制：Magic 监视 【兽】 无惧-打出时：你于你下个回合的准备阶段抽3张【兽】， 然后弃置2张【兽】。
4044,02御主\01已确认御主\04月姬\尼禄卡欧斯\兽\兽 (6).png,analyzed,7,卡面机制：Agility 巨鲨 10 2K 【兽】 摧坚-战斗阶段：令一名控制【远隔操作】的你的交战对手 【败北】。
4045,02御主\01已确认御主\04月姬\尼禄卡欧斯\兽\兽 (7).png,analyzed,7,卡面机制：Strength 破浪 0% Xo 【兽】 在1~3内自由选择X。 | 卡面机制：突进-行动阶段：沿着箭头移动至多X步。 | 卡面机制：此牌获得1+X 威力。
4046,02御主\01已确认御主\04月姬\尼禄卡欧斯\兽\兽 (8).png,analyzed,7,卡面机制：巨物 3& 【兽】 闭耳-战斗阶段：若你战败，抽2张【兽】。
4047,02御主\01已确认御主\04月姬\尼禄卡欧斯\兽\兽 (9).png,analyzed,7,卡面机制：Magic 幻影 3K 3 【兽】 归尘-战斗阶段：你的 宝具攻击获得+2威力。
4048,02御主\01已确认御主\04月姬\尼禄卡欧斯\兽卡背.png,non_rule,7,非规则素材：兽卡背.png（牌背、头像、立牌、标记或纯数值指示物）
4049,02御主\01已确认御主\04月姬\尼禄卡欧斯\升华技-一人成军.png,analyzed,7,卡面机制：一人成军 每回合你都可以于前哨阶段使用任意次兽王之巢。 | 卡面机制：行动阶段：花费4点魔力，抽一张【兽】。
4050,02御主\01已确认御主\04月姬\尼禄卡欧斯\头像-卡欧斯.png,non_rule,7,非规则素材：头像-卡欧斯.png（牌背、头像、立牌、标记或纯数值指示物）
4051,02御主\01已确认御主\04月姬\尼禄卡欧斯\尼禄卡欧斯.png,analyzed,7,卡面机制：尼禄·卡欧斯 兽王之巢-当你获得魔力时，抽取其数值一半数量的【兽】 （向下取整）。 | 卡面机制：【兽】置于独立的手牌区和弃牌堆。 | 卡面机制：你拥有【争夺令咒】，【争夺令咒】不是令咒。 | 卡面机制：前哨阶段：打出一张【兽】。 | 卡面机制：【兽】的消耗以弃置相应数 量的【兽】来支付，【兽】仅可以此方式被打出。
4052,02御主\01已确认御主\04月姬\尼禄卡欧斯\立牌 卡欧斯.png,non_rule,7,非规则素材：立牌 卡欧斯.png（牌背、头像、立牌、标记或纯数值指示物）
4053,02御主\01已确认御主\04月姬\巫条雾绘\3.6更新七人御佐姬.png,analyzed,7,卡面机制：七人御佐姬 游戏开始时，将7张【御佐姬】从游戏外加入攻击。 | 卡面机制：当你 获得令咒时，改为选择游戏外的2张【御佐姬】加入攻击。 | 卡面机制：当你因其他能力需要花费令咒时，改为关闭2张未被使用 的【御佐姬】。 | 卡面机制：孤寂-回合结束时，若你独自位于一处 地点，关闭1张【御佐姬】。
4054,02御主\01已确认御主\04月姬\巫条雾绘\3.8更新ATK (1).png,analyzed,7,卡面机制：米 力量 御佐姬 O <每局游戏限一次> 蜻蜓之梦-残留：此牌不受局势牌以外的其他牌和能力影响。 | 卡面机制：若你使用了此牌，于回合结束时关闭此牌。 | 卡面机制：行动阶段：获得+1合计威力，若你获胜，获得1点战果。
4055,02御主\01已确认御主\04月姬\巫条雾绘\3.8更新ATK (2).png,analyzed,7,卡面机制：敏捷 御佐姬 O <每局游戏限一次> 蜻蜓之梦-残留：此牌不受局势牌以外的其他牌和能力影响。 | 卡面机制：若你使用了此牌，于回合结束时关闭此牌。 | 卡面机制：行动阶段：从深山町或新都移动至一处相邻的地点。
4056,02御主\01已确认御主\04月姬\巫条雾绘\3.8更新ATK (3).png,analyzed,7,卡面机制：魔术 ? 御佐姬 0 <每局游戏限一次> 蜻蜓之梦-残留：此牌不受局势牌以外的其他牌和能力影响。 | 卡面机制：若你使用了此牌，于回合结束时关闭此牌。 | 卡面机制：行动阶段：获得2点魔力。
4057,02御主\01已确认御主\04月姬\巫条雾绘\3.8更新ATK (4).png,analyzed,7,卡面机制：米 力量 御佐姬 O <每局游戏限一次> 蜻蜓之梦-残留：此牌不受局势牌以外的其他牌和能力影响。 | 卡面机制：若你使用了此牌，于回合结束时关闭此牌。 | 卡面机制：行动阶段：获得+1合计威力，若你获胜，获得1点战果。
4058,02御主\01已确认御主\04月姬\巫条雾绘\3.8更新ATK (5).png,analyzed,7,卡面机制：敏捷 御佐姬 O <每局游戏限一次> 蜻蜓之梦-残留：此牌不受局势牌以外的其他牌和能力影响。 | 卡面机制：若你使用了此牌，于回合结束时关闭此牌。 | 卡面机制：行动阶段：从深山町或新都移动至一处相邻的地点。
4059,02御主\01已确认御主\04月姬\巫条雾绘\3.8更新ATK (6).png,analyzed,7,卡面机制：魔术 ? 御佐姬 0 <每局游戏限一次> 蜻蜓之梦-残留：此牌不受局势牌以外的其他牌和能力影响。 | 卡面机制：若你使用了此牌，于回合结束时关闭此牌。 | 卡面机制：行动阶段：获得2点魔力。
4060,02御主\01已确认御主\04月姬\巫条雾绘\3.8更新ATK (7).png,analyzed,7,卡面机制：特殊 御佐姬 1& O <每局游戏限一次> 蜻蜓之梦-残留：此牌不受局势牌以外的其他牌和能力影响。 | 卡面机制：若你使用了此牌，于回合结束时关闭此牌。
4061,02御主\01已确认御主\04月姬\巫条雾绘\二重存在.png,analyzed,8,卡面机制：二重存在 你的攻击威力与合计威力不受与你位于同一地点且未使 用令咒的其他玩家能力影响。 | 卡面机制：其他玩家的攻击威力与合计威力不受未使用【御佐姬】 的你的能力影响。
4062,02御主\01已确认御主\04月姬\巫条雾绘\升华技-俯瞰风景.png,analyzed,8,卡面机制：俯瞰风景 回合结束时，你所在的战斗中每有一名其他败者，你便可 以选择一张游戏外的【御佐姬】加入攻击。 | 卡面机制：飞翔暗示-战斗阶段：令一名位于你相邻地点，未于本回 合使用或花费令咒且未进行争夺战的其他玩家移动至你 所在的战场。
4063,02御主\01已确认御主\04月姬\巫条雾绘\头像-巫条雾绘.png,non_rule,8,非规则素材：头像-巫条雾绘.png（牌背、头像、立牌、标记或纯数值指示物）
4064,02御主\01已确认御主\04月姬\巫条雾绘\头像-笼中鸟.png,non_rule,8,非规则素材：头像-笼中鸟.png（牌背、头像、立牌、标记或纯数值指示物）
4065,02御主\01已确认御主\04月姬\巫条雾绘\巫条雾绘.png,analyzed,8,卡面机制：巫条雾绘 七人御佐姬-你没有令咒，改为拥有【御佐姬】。 | 卡面机制：笼中之鸟-游戏开始时，关闭魔术工房的一处+1位置。 | 卡面机制：每回合开始时，你视为于该位置进行了一次部署。 | 卡面机制：二重存在-你无法部署于魔术工房，若你必须部署于魔术 工坊，则不进行部署。 | 卡面机制：你是【二重存在】。
4066,02御主\01已确认御主\04月姬\巫条雾绘\旧\3.5更新御佐姬.png,analyzed,8,卡面机制：七人御佐姬 游戏开始时，将7张【御佐姬】从游戏外加入攻击。 | 卡面机制：当你获得令 咒时，改为选择游戏外的2张【御佐姬】加入攻击。 | 卡面机制：当你因其他 能力需要花费令咒时，改为关闭2张未被使用的【御佐姬】。 | 卡面机制：孤寂-回合结束时，若你独自位于一处地点或未获胜，关闭1张 【御佐姬】。
4067,02御主\01已确认御主\04月姬\巫条雾绘\旧\ATK-御佐姬力量X2.png,analyzed,8,卡面机制：米 力量 御佐姬 <每局游戏限一次> 蜻蜓之梦-残留：此牌不受其他能力影响。 | 卡面机制：若你使用了此牌， 于回合结束时关闭此牌。 | 卡面机制：行动阶段：弃置一张米力量或特殊牌，获得+1合计威力， 若你获胜，获得1点战果。
4068,02御主\01已确认御主\04月姬\巫条雾绘\旧\ATK-御佐姬敏捷X2.png,analyzed,8,卡面机制：敏捷 御佐姬 O <每局游戏限一次> 蜻蜓之梦-残留：此牌不受其他能力影响。 | 卡面机制：若你使用了此牌， 于回合结束时关闭此牌。 | 卡面机制：行动阶段：弃置一张敏捷或区特殊牌，从深山町或新都 移动至一处相邻的地点。
4069,02御主\01已确认御主\04月姬\巫条雾绘\旧\ATK-御佐姬特殊.png,analyzed,8,卡面机制：特殊 御佐姬 1K O <每局游戏限一次> 蜻蜓之梦-残留：此牌不受其他能力影响。 | 卡面机制：若你使用了此牌， 于回合结束时关闭此牌。
4070,02御主\01已确认御主\04月姬\巫条雾绘\旧\ATK-御佐姬魔术X2.png,analyzed,8,卡面机制：魔术 X 御佐姬 <每局游戏限一次> 蜻蜓之梦-残留：此牌不受其他能力影响。 | 卡面机制：若你使用了此牌， 于回合结束时关闭此牌。 | 卡面机制：行动阶段：弃置一张×魔术或区特殊牌，获得2点魔力。
4071,02御主\01已确认御主\04月姬\巫条雾绘\旧\七人御佐姬.png,analyzed,8,卡面机制：七人御佐姬 游戏开始时，将7张固定的【御佐姬】从游戏外加入你的攻击。 | 卡面机制：当你获得令咒时，改为选择游戏外的2张【御佐姬】加入攻击。 | 卡面机制：当你因其他能力需要花费令咒时，改为关闭2张未被使用的 【御佐姬】。 | 卡面机制：【御佐姬】至多为7张。 | 卡面机制：孤寂-回合结束时，若你独自位于一处地点，关闭1张【御佐姬】。
4072,02御主\01已确认御主\04月姬\巫条雾绘\立牌-巫条雾绘.png,non_rule,8,非规则素材：立牌-巫条雾绘.png（牌背、头像、立牌、标记或纯数值指示物）
4073,02御主\01已确认御主\04月姬\希耶尔\3.8更新.png,analyzed,8,卡面机制：希耶尔 秘密的代行者-你进行常规移动时无视交战状态，其他玩 家进行常规移动时无视与你的交战状态。 | 卡面机制：埋葬机关的修女-将【火葬式典】加入你的技能区。 | 卡面机制：外典-当一名对手于一回合内获得7点及以上的战果时， 令【第七圣典】加入或返回你的技能区。
4074,02御主\01已确认御主\04月姬\希耶尔\SKILL-希耶尔-火葬式典.png,analyzed,8,卡面机制：Special 火葬式典 4& 你拥有的魔力少于8点也可以打出此牌。 | 卡面机制：驱魔-战斗阶段：若你赢得一场未进行争夺战的战斗， 获得等于你地利位置数的战果。 | 卡面机制：神职便利-战斗阶段：若你位于侦查，获得2点魔力。
4075,02御主\01已确认御主\04月姬\希耶尔\SKILL-希耶尔-第七圣典.png,analyzed,8,卡面机制：Strength 7K 第七圣典 3 <每局游戏限一次> 粉碎灵魂-战斗阶段：你的交战对手若未控制【幸运】， 其下回合无法从局势牌获得魔力和威力加成。
4076,02御主\01已确认御主\04月姬\希耶尔\token-粉碎灵魂.png,non_rule,8,非规则素材：token-粉碎灵魂.png（牌背、头像、立牌、标记或纯数值指示物）
4077,02御主\01已确认御主\04月姬\希耶尔\升华技-第七圣典.png,analyzed,8,卡面机制：第七圣典·形态展开 你的米力量攻击获得+4威力和粉碎灵魂。 | 卡面机制：（战斗阶段： 你的交战对手若未控制【幸运】，其下回合无法从局势牌 获得魔力和威力加成。 | 卡面机制：） 若你拥有8点及以上的魔力，你可以令【火葬世典】+2魔 力消耗将其追加打出。
4078,02御主\01已确认御主\04月姬\希耶尔\头像-希耶尔.png,non_rule,8,非规则素材：头像-希耶尔.png（牌背、头像、立牌、标记或纯数值指示物）
4079,02御主\01已确认御主\04月姬\希耶尔\希耶尔.png,analyzed,8,卡面机制：希耶尔 秘密的代行者-你无视交战状态，且其他玩家无视与你的 交战状态。 | 卡面机制：埋葬机关的修女-将【火葬式典】加入你的技能区。 | 卡面机制：外典-当一名对手于一回合内获得7点及以上的战果时， 令【第七圣典】加入或返回你的技能区。
4080,02御主\01已确认御主\04月姬\希耶尔\立牌-希耶尔.png,non_rule,8,非规则素材：立牌-希耶尔.png（牌背、头像、立牌、标记或纯数值指示物）
4081,02御主\01已确认御主\04月姬\有间都古\3.3更新ATK-千秋落.png,analyzed,8,卡面机制：敏捷 4& 千秋落 跃击-行动阶段：放弃你的地利位置，打出一张攻击。
4082,02御主\01已确认御主\04月姬\有间都古\ATK-八极拳 (1).png,analyzed,8,卡面机制：米 力量 4& 八极崩 蓄势-行动阶段：花费4点魔力，此牌的基本威力翻倍。
4083,02御主\01已确认御主\04月姬\有间都古\ATK-八极拳 (2).png,analyzed,8,卡面机制：特殊 4& 游身步 划云-行动阶段：此牌获得一张区特殊基础攻击的名称和 卡牌文字效果。
4084,02御主\01已确认御主\04月姬\有间都古\ATK-八极拳 (3).png,analyzed,8,卡面机制：魔术 4& 铁山靠 冲顶-行动阶段：令一名交战对手失去所有地利。
4085,02御主\01已确认御主\04月姬\有间都古\升华技.png,analyzed,8,卡面机制：魔术 宝具 4 雷极·安崩拳 （此牌加入你的技能区） 活力暴走-行动阶段：抽三张牌，然后你可以以【八极崩】一 【千秋落】→【铁山靠】一【游身步】的顺序来打出你的手 牌并弃置任意张手牌（从任一张开始打出，遵循该顺序）。
4086,02御主\01已确认御主\04月姬\有间都古\头像.png,non_rule,8,非规则素材：头像.png（牌背、头像、立牌、标记或纯数值指示物）
4087,02御主\01已确认御主\04月姬\有间都古\旧\ATK-八极拳 (4).png,analyzed,8,卡面机制：敏捷 4& 千秋落 跃击-行动阶段：放弃你的地利位置，战力结算时，令所有 交战对手的基本威力低于或等于你放弃地理位置地利数的基 础攻击威力变为0。
4088,02御主\01已确认御主\04月姬\有间都古\有间都古.png,analyzed,8,卡面机制：有间都古 我流熊猫式八极拳-游戏开始时，在你从者牌库的每种属 性的基础牌中分别选择一张以下列牌进行替换（没有相 应基础牌则不替换，有则必须替换）： 米力量－【八极崩】 敏捷－【千秋落】 ×魔术－【铁山靠】 β 特殊-【游身步】
4089,02御主\01已确认御主\04月姬\有间都古\立牌.png,non_rule,8,非规则素材：立牌.png（牌背、头像、立牌、标记或纯数值指示物）
4090,02御主\01已确认御主\04月姬\梅尔文威因兹\3.6更新梅尔文.png,analyzed,8,卡面机制：梅尔文·威因兹 贫血症-你花费魔力时无法将魔力降至【贫血】数以下。 | 卡面机制：你的【贫血】数无法超过魔力上限。 | 卡面机制：游戏开始时，以及 你位于魔术工房的回合结束时，你获得一份【补血剂】。 | 卡面机制：调律-行动阶段：获得1至3点【贫血】然后降低等量的攻 击魔力消耗。
4091,02御主\01已确认御主\04月姬\梅尔文威因兹\httpcloud3steamusercontentcomugc2176987608733709687B167EDC86D8CFE00B03AC2C43F4E7FE1437011E0.png,analyzed,8,卡面机制：令咒 行动阶段：获得4点魔力。 | 卡面机制：行动阶段：获得2点合计威力，若你本回合获胜，获得2点 战果。 | 卡面机制：行动阶段：从新都或深山町移动至任意地点，无视交战状态。
4092,02御主\01已确认御主\04月姬\梅尔文威因兹\httpcloud3steamusercontentcomugc2199506244748191367D5D92FAD3E1D5EE53B861058103315430822C0D0.png,non_rule,8,非规则素材：httpcloud3steamusercontentcomugc2199506244748191367D5D92FAD3E1D5EE53B861058103315430822C0D0.png（牌背、头像、立牌、标记或纯数值指示物）
4093,02御主\01已确认御主\04月姬\梅尔文威因兹\升华技-血色和音色 .png,analyzed,8,卡面机制：血和音色 【贫血】不会再使你无法使用相应的魔力且你的【贫血】 可以超过魔力上限。 | 卡面机制：行动阶段开始时，若【贫血】数多于 你的魔力值，你失去等量的战果。 | 卡面机制：你的合计威力+X，X为你的【贫血】数。
4094,02御主\01已确认御主\04月姬\梅尔文威因兹\头像-梅尔文威因兹.png,non_rule,8,非规则素材：头像-梅尔文威因兹.png（牌背、头像、立牌、标记或纯数值指示物）
4095,02御主\01已确认御主\04月姬\梅尔文威因兹\梅尔文威因兹 .png,analyzed,8,卡面机制：梅尔文·威因兹 贫血症-你花费魔力时无法将魔力降至【贫血】数以下。 | 卡面机制：你的【贫血】数无法超过魔力上限。 | 卡面机制：游戏开始时，以及 你位于魔术工房的回合结束时，你获得一份【补血剂】。 | 卡面机制：调律-行动阶段：获得1至3点【贫血】然后降低等量的攻 击魔力消耗，且你拥有的魔力少于8点也可以使用技能牌。
4096,02御主\01已确认御主\04月姬\梅尔文威因兹\立牌-梅尔文威因兹.png,non_rule,8,非规则素材：立牌-梅尔文威因兹.png（牌背、头像、立牌、标记或纯数值指示物）
4097,02御主\01已确认御主\04月姬\梅尔文威因兹\补血剂 .png,analyzed,8,卡面机制：补血剂 <每局游戏限一次> 行动阶段：无视贫血症限制花费任意点魔力，然后移除 等量的【贫血】。
4098,02御主\01已确认御主\04月姬\梅尔文威因兹\补血剂背面.png,non_rule,8,非规则素材：补血剂背面.png（牌背、头像、立牌、标记或纯数值指示物）
4099,02御主\01已确认御主\04月姬\浅上藤乃\28立牌.png,non_rule,8,非规则素材：28立牌.png（牌背、头像、立牌、标记或纯数值指示物）
4100,02御主\01已确认御主\04月姬\浅上藤乃\SKILL-歪曲之魔眼 (1).png,analyzed,8,卡面机制：魔术 3 4& 歪曲之魔眼 此牌需追加打出。 | 卡面机制：歪曲吧！-行动阶段：激活【翘曲空间】
4101,02御主\01已确认御主\04月姬\浅上藤乃\SKILL-歪曲之魔眼 (2).png,analyzed,8,卡面机制：魔术 3 4& 歪曲之魔眼 此牌需追加打出。 | 卡面机制：歪曲吧！-行动阶段：激活【翘曲空间】
4102,02御主\01已确认御主\04月姬\浅上藤乃\创伤卡堆\创伤 (1).png,analyzed,8,卡面机制：创伤〔头部】 获得此牌时，立即随机弃置一张手牌。 | 卡面机制：行动阶段开始时，随机弃置一张手牌。
4103,02御主\01已确认御主\04月姬\浅上藤乃\创伤卡堆\创伤 (2).png,analyzed,8,卡面机制：创伤〔腿部] 当你于你的回合移动后，失去1点魔力。
4104,02御主\01已确认御主\04月姬\浅上藤乃\创伤卡堆\创伤 (3).png,analyzed,8,卡面机制：创伤〔胃部】 +2的魔术工房与+3的地利位置对你视为已被占领，无法 部署。
4105,02御主\01已确认御主\04月姬\浅上藤乃\创伤卡堆\创伤 (4).png,analyzed,8,卡面机制：创伤〔腕部] 当你使用令咒时，失去1点战果。
4106,02御主\01已确认御主\04月姬\浅上藤乃\创伤卡堆\创伤 (5).png,analyzed,8,卡面机制：创伤〔脊椎】 将【歪曲之魔眼】加入你的攻击， 然后将牌堆中剩余的【创伤】移除游戏并将所有已有的 【创伤】切换为【痛觉】。
4107,02御主\01已确认御主\04月姬\浅上藤乃\创伤卡堆\创伤 (6).png,analyzed,8,卡面机制：创伤〔肩部] 你的基础攻击威力-1。
4108,02御主\01已确认御主\04月姬\浅上藤乃\创伤卡堆\创伤牌背.png,non_rule,8,非规则素材：创伤牌背.png（牌背、头像、立牌、标记或纯数值指示物）
4109,02御主\01已确认御主\04月姬\浅上藤乃\创伤卡堆\痛觉 (1).png,analyzed,8,卡面机制：痛觉 唯一：战斗结束后，弃置一张【痛觉】。 | 卡面机制：失控-你的技能魔力消耗-1。
4110,02御主\01已确认御主\04月姬\浅上藤乃\创伤卡堆\痛觉 (2).png,analyzed,8,卡面机制：痛觉 唯一：战斗结束后，弃置一张【痛觉】。 | 卡面机制：失控-你的技能魔力消耗-1。
4111,02御主\01已确认御主\04月姬\浅上藤乃\创伤卡堆\痛觉 (3).png,analyzed,8,卡面机制：痛觉 唯一：战斗结束后，弃置一张【痛觉】。 | 卡面机制：失控-你的技能魔力消耗-1。
4112,02御主\01已确认御主\04月姬\浅上藤乃\创伤卡堆\痛觉 (4).png,analyzed,8,卡面机制：痛觉 唯一：战斗结束后，弃置一张【痛觉】。 | 卡面机制：失控-你的技能魔力消耗-1。
4113,02御主\01已确认御主\04月姬\浅上藤乃\创伤卡堆\痛觉 (5).png,analyzed,8,卡面机制：痛觉 唯一：战斗结束后，弃置一张【痛觉】。 | 卡面机制：失控-你的技能魔力消耗-1。
4114,02御主\01已确认御主\04月姬\浅上藤乃\创伤卡堆\痛觉 (6).png,analyzed,8,卡面机制：痛觉 唯一：战斗结束后，弃置一张【痛觉】。 | 卡面机制：失控-你的技能魔力消耗-1。
4115,02御主\01已确认御主\04月姬\浅上藤乃\升华技-痛觉残留.png,analyzed,8,卡面机制：痛觉残留 解锁此技能时，将一张【歪曲之魔眼】的复制加入你的技 能区。 | 卡面机制：当你因获得【创伤〔脊椎〕】切换【痛觉】且所有【痛觉】 被弃置之后，获得4点战果。
4116,02御主\01已确认御主\04月姬\浅上藤乃\头像.png,non_rule,8,非规则素材：头像.png（牌背、头像、立牌、标记或纯数值指示物）
4117,02御主\01已确认御主\04月姬\浅上藤乃\浅上藤乃.png,analyzed,8,卡面机制：浅上藤乃 浅神之嗣-将一张【歪曲之魔眼】加入你的技能区。 | 卡面机制：“无痛症”-战斗阶段，若你位于战场，随机抽取2张 【创伤】，获得其中一张并将另一张洗回【创伤】牌堆。
4118,02御主\01已确认御主\04月姬\浅上藤乃\翘曲空间.png,analyzed,8,卡面机制：翘曲空间 从魔术工房指向深山町的移动箭头改为指向新都， 从新都的改为指向深山町，从深山町的改为指向侦查。 | 卡面机制：（同时更改相邻地点关系） 循复-任何阶段：关闭【翘曲空间】。
4119,02御主\01已确认御主\04月姬\浅上藤乃\翘曲空间背面.png,non_rule,8,非规则素材：翘曲空间背面.png（牌背、头像、立牌、标记或纯数值指示物）
4120,02御主\01已确认御主\04月姬\爱尔奎特\升华技-千年城.png,analyzed,8,卡面机制：Special 509K 千年城 （将此牌加入你的技能区） 只有在你本回合使用了【空想具现化】时，才可打出此牌。 | 卡面机制：月之真祖-被动：你的基础攻击受到【血之渴望】效果的 双倍影响。
4121,02御主\01已确认御主\04月姬\爱尔奎特\头像-爱尔奎特.png,non_rule,8,非规则素材：头像-爱尔奎特.png（牌背、头像、立牌、标记或纯数值指示物）
4122,02御主\01已确认御主\04月姬\爱尔奎特\旧\爱尔奎特.png,analyzed,8,卡面机制：爱尔奎特·布伦史塔德 真祖-游戏开始时你拥有【空想具现化】，每当你使用月姬 后，重新获得它。 | 卡面机制：月姬-前哨阶段：获得【血之渴望】直至你赢得一场争夺战 且当你赢得时，偷取该战斗中一名对手的至多2点魔力。
4123,02御主\01已确认御主\04月姬\爱尔奎特\旧\空想具现化.png,analyzed,8,卡面机制：Noble Phantasm 空想具现化 <每局游戏限一次> 行动阶段：花费X点魔力，在你的战斗阶段时，关闭至多 X张你战斗中的基础攻击，每被关闭一张基础攻击，其控 制者便抽牌直至他们抽到一张基础攻击后，将其加入攻击。
4124,02御主\01已确认御主\04月姬\爱尔奎特\爱尔奎特.png,analyzed,8,卡面机制：爱尔奎特·布伦史塔德 真祖-游戏开始时你拥有【空想具现化】，每当你使用月姬 后，重新获得它。 | 卡面机制：月姬-前哨阶段：获得【血之渴望】直至你赢得一场战斗且 当你赢得时，偷取该战斗中一名对手的至多2点魔力。
4125,02御主\01已确认御主\04月姬\爱尔奎特\空想具现化.png,analyzed,8,卡面机制：Noble Phantasm 空想具现化 <每局游戏限一次> 行动阶段：在你的战斗阶段时，你可以关闭一张你战斗中 的基础攻击。 | 卡面机制：若如此做，其控制者抽牌直至抽到一张基础 攻击后，将其加入攻击，然后你可以重复使用一次此效果。
4126,02御主\01已确认御主\04月姬\爱尔奎特\空想具现化背面.png,non_rule,8,非规则素材：空想具现化背面.png（牌背、头像、立牌、标记或纯数值指示物）
4127,02御主\01已确认御主\04月姬\爱尔奎特\立牌-爱尔奎特.png,non_rule,8,非规则素材：立牌-爱尔奎特.png（牌背、头像、立牌、标记或纯数值指示物）
4128,02御主\01已确认御主\04月姬\爱尔奎特\血之渴望.png,analyzed,8,卡面机制：血之渴望 你的基础攻击+1魔力消耗并+2威力。 | 卡面机制：你无法使用【空想具现化】，回合结束时，你失去2点战果。
4129,02御主\01已确认御主\04月姬\爱尔奎特\血之渴望背面.png,non_rule,8,非规则素材：血之渴望背面.png（牌背、头像、立牌、标记或纯数值指示物）
4130,02御主\01已确认御主\04月姬\琥珀\3.4更新 ATK-魔力猛攻 - 副本.png,analyzed,8,卡面机制：米Strength 三 魔力猛攻 真言术：烂-战斗阶段：令你的所有交战对手计算合计威 力时改为减少其地利数而不是增加。 | 卡面机制：若你不位于战场，改为选择一名不位于魔术工房的对手 【烧毁工房】。
4131,02御主\01已确认御主\04月姬\琥珀\3.4更新 ATK-魔力猛攻.png,analyzed,8,卡面机制：米Strength 三 魔力猛攻 真言术：烂-战斗阶段：令你的所有交战对手计算合计威 力时改为减少其地利数而不是增加。 | 卡面机制：若你不位于战场，改为选择一名不位于魔术工房的对手 【烧毁工房】。
4132,02御主\01已确认御主\04月姬\琥珀\3.4更新琥珀.png,analyzed,8,卡面机制：琥珀 笑面琥-游戏开始，将2张【魔力猛攻】加入你的牌库。 | 卡面机制：准备阶段开始进行抽牌时，你抽至4张牌（而不是3张）。 | 卡面机制：共感者-行动阶段：弃置一张与你控制的攻击完全相同的 手牌，获得+2合计威力和1点魔力。
4133,02御主\01已确认御主\04月姬\琥珀\升华技-机械翡翠.png,analyzed,8,卡面机制：米 力量 宝具 机械翡翠 6 将此卡加入你的技能区 行动阶段：使用至多2张【魔力猛攻】 战斗阶段：与你交战的对手地利小于你则合计威力 -4。 | 卡面机制：如果你获胜，所有位于魔术工房的玩家获得【 燃烬的工房】。
4134,02御主\01已确认御主\04月姬\琥珀\头像.png,non_rule,8,非规则素材：头像.png（牌背、头像、立牌、标记或纯数值指示物）
4135,02御主\01已确认御主\04月姬\琥珀\旧\ATK-猛攻 (1).png,analyzed,8,卡面机制：米 力量 魔力猛攻 真言术：烂-战斗阶段：你的交战对手获得的地利增益乘以 -1。 | 卡面机制：若你不位于战场，改为令一名不位于魔术工房的对手 获得【燃的工房】。
4136,02御主\01已确认御主\04月姬\琥珀\旧\ATK-猛攻 (2).png,analyzed,8,卡面机制：米 力量 魔力猛攻 真言术：烂-战斗阶段：你的交战对手获得的地利增益乘以 -1。 | 卡面机制：若你不位于战场，改为令一名不位于魔术工房的对手 获得【燃的工房】。
4137,02御主\01已确认御主\04月姬\琥珀\旧\琥珀.png,analyzed,8,卡面机制：魔法少女琥珀 将两张【魔力猛攻】洗入你的牌库。 | 卡面机制：准备阶段你的 手牌数上限为4而不是3。 | 卡面机制：当你从手牌打出两张相同的卡牌后，你的合计威力 +3并获得1点魔力。
4138,02御主\01已确认御主\04月姬\琥珀\燃尽的工坊.png,analyzed,8,卡面机制：燃的工房 你无法部署于魔术工房，且你通过局势牌获得的魔 力减半。 | 卡面机制：行动阶段：本回合你只能使用一张正面向上的攻击。 | 卡面机制：如果你在战斗阶段后位于【深山町】，则在本回合 结束后将此卡移出游戏。
4139,02御主\01已确认御主\04月姬\琥珀\立牌.png,non_rule,8,非规则素材：立牌.png（牌背、头像、立牌、标记或纯数值指示物）
4140,02御主\01已确认御主\04月姬\瓦拉几亚之夜\httpcloud3steamusercontentcomugc20249855988599507627CCF925F1B40F09D01A96DF2A88BF20703FAA8AE.png,analyzed,8,"卡面机制：Fear Enemy servants [fear] 米 Strength, ?Agility or X Magic; whichever they have the lowest number of cards of in their starting deck. If it's a tie, it's the type with lowest sum of base power. If it's still a tie, it's * >米 >?. You know every servant's [fear]."
4141,02御主\01已确认御主\04月姬\瓦拉几亚之夜\httpcloud3steamusercontentcomugc2077904069655762085A1E25D24EDB8DCEE7316B21342B90150032649C8.png,analyzed,8,卡面机制：令咒 行动阶段：获得4点魔力。 | 卡面机制：行动阶段：获得2点合计威力，若你本回合获胜，获得2点 战果。 | 卡面机制：行动阶段：从新都或深山町移动至任意地点，无视交战状态。
4142,02御主\01已确认御主\04月姬\瓦拉几亚之夜\事件-塔塔利.png,analyzed,8,卡面机制：塔塔利 X=被加入【恶化】数量的一半（向上取整） 永恒梦魔-瓦拉几亚于此处获胜时，将一张【恶化】永久加 入【塔塔利】。 | 卡面机制：被诅咒的固有结界-除非玩家花费X点魔力，否则他们无法 离开此处。
4143,02御主\01已确认御主\04月姬\瓦拉几亚之夜\升华技-不休梦魇.png,analyzed,8,卡面机制：不休梦魔 （此牌加入你的技能区。 | 卡面机制：） 此牌需追加打出。 | 卡面机制：唯一/打出时：将你技能区其他所有的【不休梦】移除游戏。 | 卡面机制：打出时：将一张此牌的复制加入你的技能区。
4144,02御主\01已确认御主\04月姬\瓦拉几亚之夜\头像-瓦拉几亚之夜.png,non_rule,8,非规则素材：头像-瓦拉几亚之夜.png（牌背、头像、立牌、标记或纯数值指示物）
4145,02御主\01已确认御主\04月姬\瓦拉几亚之夜\恐惧.png,analyzed,8,卡面机制：恐惧 其他对手的从者恐惧米力量、&敏捷或×魔术属性 根据他们游戏开始时牌库中上述三种属性的牌最少的一个。 | 卡面机制：若相同，则为基本威力之和最少的一种。 | 卡面机制：若仍相同，则以 ×>米>&的顺序排列。 | 卡面机制：你知晓其他从者恐惧的属性。
4146,02御主\01已确认御主\04月姬\瓦拉几亚之夜\恐惧标记\恐惧正面-力量.png,non_rule,8,非规则素材：恐惧正面-力量.png（牌背、头像、立牌、标记或纯数值指示物）
4147,02御主\01已确认御主\04月姬\瓦拉几亚之夜\恐惧标记\恐惧正面-敏捷.png,non_rule,8,非规则素材：恐惧正面-敏捷.png（牌背、头像、立牌、标记或纯数值指示物）
4148,02御主\01已确认御主\04月姬\瓦拉几亚之夜\恐惧标记\恐惧正面-魔术.png,non_rule,8,非规则素材：恐惧正面-魔术.png（牌背、头像、立牌、标记或纯数值指示物）
4149,02御主\01已确认御主\04月姬\瓦拉几亚之夜\恐惧标记\恐惧背面.png,non_rule,8,非规则素材：恐惧背面.png（牌背、头像、立牌、标记或纯数值指示物）
4150,02御主\01已确认御主\04月姬\瓦拉几亚之夜\恶化卡背.png,non_rule,8,非规则素材：恶化卡背.png（牌背、头像、立牌、标记或纯数值指示物）
4151,02御主\01已确认御主\04月姬\瓦拉几亚之夜\恶化牌库\3.4更新黑暗.png,analyzed,8,卡面机制：黑暗 所有玩家除非花费X点魔力或弃置一张他们 恐惧的牌，否则他们无法于他们的回合进入 此地点。
4152,02御主\01已确认御主\04月姬\瓦拉几亚之夜\恶化牌库\httpcloud3steamusercontentcomugc2077904069655756715363DECBD4083C82BD99C8B9DBE3EB19A1B3BDEC0.png,analyzed,8,卡面机制：疯狂 每名此战场玩家恐惧的属性令其他玩家相应 属性的攻击获得+1威力。
4153,02御主\01已确认御主\04月姬\瓦拉几亚之夜\恶化牌库\httpcloud3steamusercontentcomugc2077904069655757092E0709064F0A23C7422A400AED0ED1153C85E4565.png,analyzed,8,卡面机制：黑暗 所有玩家除非花费X点魔力或弃置一张他们 恐惧的牌，否则他们无法进入此地点。
4154,02御主\01已确认御主\04月姬\瓦拉几亚之夜\恶化牌库\httpcloud3steamusercontentcomugc207790406965575746989E9643DA87C279633D5B3A88C3727E5BCA53988.png,analyzed,8,卡面机制：恶意 若此战场的胜者控制败者恐惧的攻击，令相 应的败者失去X点战果。
4155,02御主\01已确认御主\04月姬\瓦拉几亚之夜\恶化牌库\httpcloud3steamusercontentcomugc2077904069655757923EB41186D2A39C5A9F9BEFE12A07C4B53A4D4E476.png,analyzed,8,卡面机制：妄执 此战场的玩家手牌和技能区中，其恐惧属性 的攻击+X魔力消耗。
4156,02御主\01已确认御主\04月姬\瓦拉几亚之夜\恶化牌库\httpcloud3steamusercontentcomugc2077904069655758327E772DA77199EB36E2673494105BD492F92D583CC.png,analyzed,8,卡面机制：戏剧 令X增加1。 | 卡面机制：当瓦拉几亚离开此地点时，弃置【塔塔亚】
4157,02御主\01已确认御主\04月姬\瓦拉几亚之夜\瓦拉几亚之夜.png,analyzed,8,卡面机制：瓦拉几亚之夜 恐惧化身－当你于每回合第一次进入战场时，在此战场加 入一张临时的【塔塔利】事件牌。 | 卡面机制：行动阶段：花费3点魔力并选择一名对手，当其位于【塔 塔利】所在的地点时，你于本回合打出的攻击获得其从者 恐惧的属性。
4158,02御主\01已确认御主\04月姬\瓦拉几亚之夜\立牌-瓦拉几亚之夜.png,non_rule,8,非规则素材：立牌-瓦拉几亚之夜.png（牌背、头像、立牌、标记或纯数值指示物）
4159,02御主\01已确认御主\04月姬\荒耶宗莲\3.6升华技-矛盾螺旋.png,analyzed,8,卡面机制：矛盾螺旋 当你部署于一处因三重结界拥有5点或更多的地利的位置 时，将你所在的地点同时视为魔术工房。 | 卡面机制：当你位于魔术工房时，你的对手无法离开你所在的地点且 其于常规出牌时必须打出一张暗置攻击。
4160,02御主\01已确认御主\04月姬\荒耶宗莲\3.6荒耶宗莲.png,analyzed,8,卡面机制：荒耶宗莲 三重结界-你部署于一处地利位置时不获得原本的地利，改 为令你位于此地点时获得+1地利直至游戏结束（至多为5） 起源：静止-战斗阶段结束后，将一张你激活的基础攻击洗 回牌库，然后你获得该牌印刷魔力消耗两倍的魔力。
4161,02御主\01已确认御主\04月姬\荒耶宗莲\头像.png,non_rule,8,非规则素材：头像.png（牌背、头像、立牌、标记或纯数值指示物）
4162,02御主\01已确认御主\04月姬\荒耶宗莲\旧\3.3更新荒耶.png,analyzed,8,卡面机制：荒耶宗莲 三重结界-所有地利位置对你提供的地利数值等于你部署于 该地点地利位置的次数（至多为5）。 | 卡面机制：起源：静止-战斗结束后，将一张你激活的基础攻击洗回牌 库，然后你获得等同于该牌印刷魔力消耗两倍的魔力。
4163,02御主\01已确认御主\04月姬\荒耶宗莲\旧\升华技-矛盾螺旋.png,analyzed,8,卡面机制：矛盾螺旋 当你位于魔术工房时，对手无法离开你所在的地点且于其 常规打牌时必须打出一张暗置攻击。 | 卡面机制：当你部署于一处地利位置且拥有5点或更多的地利，将你所 在的地点同时视为魔术工房。
4164,02御主\01已确认御主\04月姬\荒耶宗莲\旧\荒耶宗莲.png,analyzed,8,卡面机制：荒耶宗莲 三重结界-所有地利位置对你提供的地利数值等于你部署于 该地点地利位置的次数（至多为5）。 | 卡面机制：起源：静止-战斗结束后，将一张你激活的基础攻击洗回牌 库，然后失去等同于该牌印刷魔力消耗的魔力。
4165,02御主\01已确认御主\04月姬\荒耶宗莲\立牌.png,non_rule,8,非规则素材：立牌.png（牌背、头像、立牌、标记或纯数值指示物）
4166,02御主\01已确认御主\04月姬\远野四季\SKILL-侵蚀.png,analyzed,8,卡面机制：Agility 侵蚀 4K 此牌需追加打出。 | 卡面机制：血涌-你需花费1点战果来打出此牌。 | 卡面机制：共融-战斗阶段：随机展示一名你交战对手弃牌堆的至多 3张牌，你可以选择其中的一张基础牌与你控制或手牌的 一张基础牌交换。
4167,02御主\01已确认御主\04月姬\远野四季\httpcloud3steamusercontentcomugc2077904069655735507408CFE9115EF838E2E6158F9F850B5C5AFA1E4FD.png,analyzed,8,卡面机制：远野四季 血之艺术-将【侵蚀】加入你的技能区。 | 卡面机制：升格/吞噬-当你因能力外的方式获得战果时，获得等量的 【控制权】。 | 卡面机制：当你的战果数第一次达到或超过13点时，若 你拥有13点及以上的【控制权】，你转变为【魔】。 | 卡面机制：否则， 你转变为【蛇】。
4168,02御主\01已确认御主\04月姬\远野四季\升华技-幡然悔悟.png,analyzed,8,卡面机制：幡然悔悟 得不偿失-解锁此牌的下个回合开始时，获得等同于你 【控制权】数量的战果。 | 卡面机制：然后，你的合计威力视为0且 无法被增加直至游戏结束。
4169,02御主\01已确认御主\04月姬\远野四季\头像-远野四季.png,non_rule,8,非规则素材：头像-远野四季.png（牌背、头像、立牌、标记或纯数值指示物）
4170,02御主\01已确认御主\04月姬\远野四季\旧\SKILL-远野四季-侵蚀.png,analyzed,8,卡面机制：Agility 侵蚀 4& 此牌需追加打出。 | 卡面机制：血涌-你需花费1点战果来打出此牌。 | 卡面机制：共融-战斗阶段：查看一名你交战对手的弃牌堆，你可以 选择其中的一张基础牌与你控制或手牌的一张基础牌交换。
4171,02御主\01已确认御主\04月姬\远野四季\旧\远野四季.png,analyzed,8,卡面机制：远野四季 血之艺术-将【侵蚀】加入你的技能区。 | 卡面机制：升格/吞噬-当你因能力外的方式获得战果时，获得等量的 【控制权】。 | 卡面机制：当你的战果数第一次达到或超过13点时，若 你拥有7点及以上的【控制权】，你转变为【魔】。 | 卡面机制：否则， 你转变为【蛇】。
4172,02御主\01已确认御主\04月姬\远野四季\立牌-远野四季.png,non_rule,8,非规则素材：立牌-远野四季.png（牌背、头像、立牌、标记或纯数值指示物）
4173,02御主\01已确认御主\04月姬\远野四季\蛇-背面.png,non_rule,8,非规则素材：蛇-背面.png（牌背、头像、立牌、标记或纯数值指示物）
4174,02御主\01已确认御主\04月姬\远野四季\蛇.png,analyzed,8,卡面机制：蛇 你无法再获得【控制权】或使用共融。 | 卡面机制：阿卡夏之蛇-【侵蚀】获得×魔术属性且你拥有的魔力 少于8点也可以打出此牌。
4175,02御主\01已确认御主\04月姬\远野四季\远野四季（新）.png,analyzed,8,卡面机制：远野四季 血之艺术-将【侵蚀】加入你的技能区。 | 卡面机制：升格/吞噬-当你因能力外的方式获得战果时，获得等量的 【控制权】。 | 卡面机制：当你的战果数第一次达到或超过13点时，若 你拥有10点及以上的【控制权】，你转变为【魔】。 | 卡面机制：否则， 你转变为【蛇】。
4176,02御主\01已确认御主\04月姬\远野四季\魔-背面.png,non_rule,8,非规则素材：魔-背面.png（牌背、头像、立牌、标记或纯数值指示物）
4177,02御主\01已确认御主\04月姬\远野四季\魔.png,analyzed,8,卡面机制：魔 复仇之灵-血涌不再需要花费战果，当你与一名战果点数 多于你的对手共融时，偷取其2点战果。
4178,02御主\01已确认御主\04月姬\远野志贵\ATK-远野志贵-闪走X3.png,analyzed,8,卡面机制：Special 闪走 3& 蜘蛛步-被动：当你于你的回合进行移动后，你可以从手牌 打出此牌。 | 卡面机制：水月-战斗阶段：展示手牌中的一张区特殊牌并移动至另一 处你本回合曾位于的地点。 | 卡面机制：若如此做，你+3合计威力。
4179,02御主\01已确认御主\04月姬\远野志贵\ATK-远野志贵-闪鞘X3.png,analyzed,8,卡面机制：Agility 5& 闪鞘 杀戮冲动-唯一/被动：当一名你本回合以【直死之魔眼】 捕捉的玩家进入你所在的地点时，打出此牌。 | 卡面机制：十六分割-战斗阶段：受到1点【损伤】，然后你猜测一名 你交战对手牌库顶牌的名称与威力并展示。 | 卡面机制：若你猜对， 令其【败北】。
4180,02御主\01已确认御主\04月姬\远野志贵\TOKEN-贫血症.png,non_rule,8,非规则素材：TOKEN-贫血症.png（牌背、头像、立牌、标记或纯数值指示物）
4181,02御主\01已确认御主\04月姬\远野志贵\TOKEN-贫血症背面.png,non_rule,8,非规则素材：TOKEN-贫血症背面.png（牌背、头像、立牌、标记或纯数值指示物）
4182,02御主\01已确认御主\04月姬\远野志贵\httpcloud3steamusercontentcomugc20261100458533415202C5E7DCD98DD092B26B717F85FB6B713B6F686F9.png,analyzed,8,卡面机制：令咒 行动阶段：获得4点魔力。 | 卡面机制：行动阶段：获得2点合计威力，若你本回合获胜，获得2点 战果。 | 卡面机制：行动阶段：从新都或深山町移动至任意地点，无视交战状态。
4183,02御主\01已确认御主\04月姬\远野志贵\token-捕捉X7.png,non_rule,8,非规则素材：token-捕捉X7.png（牌背、头像、立牌、标记或纯数值指示物）
4184,02御主\01已确认御主\04月姬\远野志贵\升华技-歌月十夜.png,analyzed,8,卡面机制：歌月十夜 解锁此牌时，立即将你剩余的【闪走】和/或【闪鞘】洗入 牌库。 | 卡面机制：在你的战斗阶段，若你与被捕捉的对手战斗，抽一张牌并 将其打出。 | 卡面机制：若此牌不是基础攻击，你受到1点【损伤】。
4185,02御主\01已确认御主\04月姬\远野志贵\头像-远野志贵.png,non_rule,8,非规则素材：头像-远野志贵.png（牌背、头像、立牌、标记或纯数值指示物）
4186,02御主\01已确认御主\04月姬\远野志贵\旧1\ATK-远野志贵-闪走X3.png,analyzed,8,卡面机制：Special 闪走 3& 蜘蛛步-被动：当你于你的回合进行移动后，你可以从手牌 打出此牌。 | 卡面机制：水月-战斗阶段：展示手牌中的一张区特殊牌并移动至另一 处你本回合曾经过或位于的地点。 | 卡面机制：若如此做，你+3合计威力。
4187,02御主\01已确认御主\04月姬\远野志贵\旧1\ATK-远野志贵-闪鞘X3.png,analyzed,8,卡面机制：Agility 闪鞘 5K 杀戮冲动-唯一/被动：当一名你本回合以【直死之魔眼】 捕捉的玩家进入你所在的地点时，打出此牌。 | 卡面机制：十六分割-战斗阶段：展示一名你交战对手牌库顶的一张 牌，若其与该对手控制的攻击具有相同的属性，令该对手 【败北】，然后你受到1点【损伤】。
4188,02御主\01已确认御主\04月姬\远野志贵\旧1\远野志贵-直死之魔眼.png,analyzed,8,卡面机制：直死之魔眼 直面死亡-第9和第11回合开始时，你失去等同于你【损伤】 数的战果。 | 卡面机制：捕捉-前哨阶段：受到1点【损伤】，然后选择一名玩家查看 其牌库顶的3张牌。 | 卡面机制：你可以将其中任意张弃置，然后将剩余 的牌以任意顺序放回其牌堆顶。
4189,02御主\01已确认御主\04月姬\远野志贵\立牌-远野志贵.png,non_rule,8,非规则素材：立牌-远野志贵.png（牌背、头像、立牌、标记或纯数值指示物）
4190,02御主\01已确认御主\04月姬\远野志贵\远野志贵-直死之魔眼.png,analyzed,8,卡面机制：直死之魔眼 直面死亡-第9和第11回合开始时，你失去等同于你【损伤】 数的战果。 | 卡面机制：捕捉-前哨阶段：受到1点【损伤】，然后选择一名本局游戏 未被捕捉过的玩家查看其牌库顶的3张牌。 | 卡面机制：你可以将其中任意 张弃置，然后将剩余的牌以任意顺序放回其牌堆顶。
4191,02御主\01已确认御主\04月姬\远野志贵\远野志贵.png,analyzed,8,卡面机制：远野志贵 半身-你拥有【直死之魔眼】。 | 卡面机制：贫血症-若你上回合进行了争夺战，你-2合计威力。 | 卡面机制：退魔者-游戏开始时，将你牌库的至多4张牌替换为【闪走】 和/或【闪鞘】。 | 卡面机制：（【闪走】和【闪鞘】分别各有3张）
4192,02御主\01已确认御主\04月姬\远野秋叶\3.6鬼之血脉.png,analyzed,8,卡面机制：鬼之血脉 <5：行动阶段：获得1点魔力，+2合计威力和3点 【杀戮冲动】，你本回合无法失去【杀戮冲动】。 | 卡面机制：5+：你的技能攻击被激活时+1威力。 | 卡面机制：10+：你拥有的魔力少于8点也可以打出技能牌。 | 卡面机制：15+：回合结束时，将【远野秋叶】转换为【红赤朱】。
4193,02御主\01已确认御主\04月姬\远野秋叶\httpcloud3steamusercontentcomugc2026110045853278675985E0F3D257C56BB97E861CFB88419D5DA6CC3CB.png,analyzed,8,卡面机制：令咒 行动阶段：获得4点魔力。 | 卡面机制：行动阶段：获得2点合计威力，若你本回合获胜，获得2点 战果。 | 卡面机制：行动阶段：从新都或深山町移动至任意地点，无视交战状态。
4194,02御主\01已确认御主\04月姬\远野秋叶\升华技-璀璨空想.png,analyzed,8,卡面机制：Magic 306K 璀璨空想 （将此牌加入你的技能区） 红赤体术-被动：若你是红赤朱，此牌+3魔力消耗且+4 威力。 | 卡面机制：掠夺-若你是远野秋叶，被你偷取魔力用于打出此牌的玩 家-3合计威力。
4195,02御主\01已确认御主\04月姬\远野秋叶\头像-远野秋叶.png,non_rule,8,非规则素材：头像-远野秋叶.png（牌背、头像、立牌、标记或纯数值指示物）
4196,02御主\01已确认御主\04月姬\远野秋叶\立牌-远野秋叶.png,non_rule,8,非规则素材：立牌-远野秋叶.png（牌背、头像、立牌、标记或纯数值指示物）
4197,02御主\01已确认御主\04月姬\远野秋叶\远野秋叶-鬼之血脉.png,analyzed,8,卡面机制：鬼之血脉 <5：行动阶段：获得1点魔力，+2合计威力和3点【杀冲 动】，你本回合无法失去【杀冲动】。 | 卡面机制：5+：你的技能攻击被激活时+1威力。 | 卡面机制：10+：你拥有的魔力少于8点也可以打出技能牌。 | 卡面机制：15+：将【远野秋叶】转换为【红赤朱】。
4198,02御主\01已确认御主\04月姬\远野秋叶\远野秋叶.png,analyzed,8,卡面机制：远野秋叶 槛发-你每回合可以从与你位于同一战场且拥有6点及以上 魔力的对手处各花费1点魔力（用于出牌、使用能力等）。 | 卡面机制：鬼之血脉-每当你花费魔力时，获得等量的【杀戮冲动】并 根据其数量获得相应效果。 | 卡面机制：战斗阶段结束后，你随机失去 1~3点【杀戮冲动】，若你位于魔术工房则将失去值翻倍。
4199,02御主\01已确认御主\04月姬\远野秋叶\远野秋叶背面.png,analyzed,8,卡面机制：红赤朱 人格反转-你的【杀戮冲动】永远为15点，你失去所有令咒。 | 卡面机制：你获得的战果点数减半（向下取整），获得的魔力翻倍。
4200,02御主\01已确认御主\04月姬\阿卡夏之蛇\3.6SKILL-过负荷X12.png,analyzed,8,卡面机制：Magic 过负荷 此牌需追加打出。 | 卡面机制：蒸腾-被动：当你部署于地利位置时， 你可以选择将所有此地点的【过负荷】加入你的攻击或不 加入，若加入，令它们获得+2威力。 | 卡面机制：凝结-打出时：关闭此牌。 | 卡面机制：若你关闭，将一张此牌的临时 复制放置于你所在的地点。
4201,02御主\01已确认御主\04月姬\阿卡夏之蛇\httpcloud3steamusercontentcomugc2077904069655772457E2CBB0C5E0632FDB7F9A2A71C9B65B956AFB4E5D.png,analyzed,8,卡面机制：令咒 行动阶段：获得4点魔力。 | 卡面机制：行动阶段：获得2点合计威力，若你本回合获胜，获得2点 战果。 | 卡面机制：行动阶段：从新都或深山町移动至任意地点，无视交战状态。
4202,02御主\01已确认御主\04月姬\阿卡夏之蛇\升华技-过负荷.png,analyzed,8,卡面机制：最终形态 若你在本局游戏已转生为所有【容器】过，你停止转生且 同时视为所有【容器】。 | 卡面机制：每个高潮回合开始时，将一张临时的【过负荷】放置于一 处你选择的战场。
4203,02御主\01已确认御主\04月姬\阿卡夏之蛇\头像-阿卡夏之蛇.png,non_rule,8,非规则素材：头像-阿卡夏之蛇.png（牌背、头像、立牌、标记或纯数值指示物）
4204,02御主\01已确认御主\04月姬\阿卡夏之蛇\旧\SKILL-过负荷.png,analyzed,8,卡面机制：Magic 过负荷 此牌需追加打出。 | 卡面机制：被动：当你部署于地利位置时，将所有此地点的【过负荷】 加入你的攻击并令它们获得+2威力。 | 卡面机制：凝结-打出时：关闭此牌。 | 卡面机制：若你关闭了，将一张此牌的临时 复制放置于你所在的地点。
4205,02御主\01已确认御主\04月姬\阿卡夏之蛇\旧\httpcloud3steamusercontentcomugc202498160843420063449BD077D162E52E76E1A8DFBC1724E36780D6D10.png,analyzed,8,"卡面机制：Reincarnation At the start of the next round change your [Vessel] based on the number of VP you earned during your current incarnation. Remove all temporary [Over- loads] from the game. If you reincarnate into the same [Vessel], lose 3 VP."
4206,02御主\01已确认御主\04月姬\阿卡夏之蛇\旧\httpcloud3steamusercontentcomugc20249816084342165373B0F4F38E90713E0D587D0BC75B4AE5FB3AA1963.png,analyzed,8,"卡面机制：Magic Overload This card is played in addition to your attack. Set - On Play: Deactivate this card and if you do. attach a temporary copy of it to your location. When you deploy on a terrain space, add all [Overloads] there to your attack. Then, they gain +2 power."
4207,02御主\01已确认御主\04月姬\阿卡夏之蛇\立牌-阿卡夏之蛇.png,non_rule,8,非规则素材：立牌-阿卡夏之蛇.png（牌背、头像、立牌、标记或纯数值指示物）
4208,02御主\01已确认御主\04月姬\阿卡夏之蛇\转生-米切尔.png,analyzed,8,卡面机制：米切尔·罗亚·巴尔丹姆杨 【容器：0~5战果】 诡计-你作为【罗亚】获得的战果仅在转生时双倍计算。 | 卡面机制：神职特权-你从侦查获得的战果+1。
4209,02御主\01已确认御主\04月姬\阿卡夏之蛇\转生-艾雷西亚.png,analyzed,8,卡面机制：艾蕾西娅 【容器：6~10战果】 不稳定凭依-你作为【艾蕾西苑】获得的战果仅在转生时 减半计算（向上取整）。 | 卡面机制：满月-若你控制【过负荷】，你的技能获得+1威力且-1魔 力消耗。
4210,02御主\01已确认御主\04月姬\阿卡夏之蛇\转生-远野四季.png,analyzed,8,卡面机制：远野四季 【容器：11+战果】 奋迅-你拥有的魔力少于8点也可以打出【过负荷】，若如 此做，令其+3威力且不关闭。 | 卡面机制：见方-行动阶段：花费你激活的【过负荷】魔力消耗的魔力 令它们的威力翻倍。
4211,02御主\01已确认御主\04月姬\阿卡夏之蛇\转生.png,analyzed,8,卡面机制：转生 在下个回合开始时，根据你以当前【容器】获得的战果数 转生为新的【容器】，然后移除所有临时的【过负荷】直 至仅剩2张。 | 卡面机制：若你转生为相同的【容器】，失去3点战果。
4212,02御主\01已确认御主\04月姬\阿卡夏之蛇\阿卡夏之蛇.png,analyzed,8,卡面机制：阿卡夏之蛇 命理-将【过负荷】加入你的技能区，并在每个战场创造 一张其临时复制。 | 卡面机制：无限转生者-你的首个【容器】是【米切尔·罗亚】。 | 卡面机制：当 你以5点及以上的战力差距被击败或【败北】时，转生。
4213,02御主\01已确认御主\04月姬\黑桐干也\3.8更新黑桐 (1).png,analyzed,8,卡面机制：情报搜集 前哨阶段：查看一位其他玩家的牌库。 | 卡面机制：你可以选择其中一张基础牌并将其复制加入你的牌库。 | 卡面机制：若如此做，下个回合你不可使用情报搜集。
4214,02御主\01已确认御主\04月姬\黑桐干也\3.8更新黑桐 (2).png,analyzed,8,卡面机制：黑桐干也 探求者-你拥有【情报搜集】。 | 卡面机制：谷歌-行动阶段：花费1点魔力，将一张牌从牌库中加入手牌。 | 卡面机制：漩涡中心-当你进入一处地点时，创造一处相同的额外位置 直至回合结束。 | 卡面机制：其他玩家进入此地点时，优先进入该位置。
4215,02御主\01已确认御主\04月姬\黑桐干也\httpssteamusercontentaakamaihdnetugc2491130170962623382816671505A0ADA50E04D4E00BEF4B387DF935098.png,analyzed,8,卡面机制：伽蓝（令咒） 行动阶段：获得4魔力 行动阶段：总威力+2，如果你本回合每赢得一场战斗，获得 2战果 行动阶段：从新都或深山町移动至任意位置，无视交战状态
4216,02御主\01已确认御主\04月姬\黑桐干也\升华技-雪花纷飞.png,analyzed,8,卡面机制：雪花纷飞的无尽街道 此牌展示后，根据漩涡中心创造的额外位置所在的地点，你获得如下 效果: 魔术工房-其他玩家于此获得魔力时，你额外获得等量的魔力。 | 卡面机制：战场-其他玩家于此获得战斗胜利时，你额外获得此战场的竞争战果。 | 卡面机制：侦查-你额外获得此处产生的战果。
4217,02御主\01已确认御主\04月姬\黑桐干也\头像.png,non_rule,8,非规则素材：头像.png（牌背、头像、立牌、标记或纯数值指示物）
4218,02御主\01已确认御主\04月姬\黑桐干也\情报收集.png,analyzed,8,卡面机制：情报搜集 前哨阶段：查看一位其他玩家的牌库。 | 卡面机制：你可选择其中一张不是因御主能力获得的牌，创造一张 此牌<每局游戏限一次>的复制加入你的牌库。 | 卡面机制：若如此，下个回合你不可使用情报搜集。
4219,02御主\01已确认御主\04月姬\黑桐干也\旋涡token.png,non_rule,8,非规则素材：旋涡token.png（牌背、头像、立牌、标记或纯数值指示物）
4220,02御主\01已确认御主\04月姬\黑桐干也\立牌.png,non_rule,8,非规则素材：立牌.png（牌背、头像、立牌、标记或纯数值指示物）
4221,02御主\01已确认御主\04月姬\黑桐干也\黑桐干也.png,analyzed,8,卡面机制：黑桐干也 探求者-你拥有【情报搜集】。 | 卡面机制：谷歌-行动阶段：花费2点魔力，将一张牌从你的牌库中加入手牌。 | 卡面机制：漩涡中心-当你位于一处地点时，创造一处相同的额外位置直至 回合结束。 | 卡面机制：其他玩家部署于或进入此地点时，如若可能，优先部 署或进入本位置。
4222,02御主\01已确认御主\05其他\丹布拉默尔\丹-布拉克摩尔.png,analyzed,8,卡面机制：丹·布拉克莫尔 钟鸣-前哨阶段：花费2点魔力，若你真名隐藏，获得2点地利。 | 卡面机制：否则，隐藏你的真名。 | 卡面机制：老兵不死-你每经过或停留于一处战场，获得1点地利； | 卡面机制：非战场 地点则获得2点地利直至回合结束。 | 卡面机制：矜持-你常规移动至一处恰好有两名对手的地点的移动成本翻倍。
4223,02御主\01已确认御主\05其他\丹布拉默尔\丹-布拉克默尔.png,analyzed,8,卡面机制：丹·布拉克莫尔 可敬的狙击手-当你部署于魔术工房，本回合你于深山町 获得3点地利且于新都获得5点地利。 | 卡面机制：荣誉-若你移动至一处在移动时恰好有两名对手的战场并 于此获胜时，你无法获得该战场的竞争战果。
4224,02御主\01已确认御主\05其他\丹布拉默尔\丹头像2.png,non_rule,8,非规则素材：丹头像2.png（牌背、头像、立牌、标记或纯数值指示物）
4225,02御主\01已确认御主\05其他\丹布拉默尔\丹立牌.png,non_rule,8,非规则素材：丹立牌.png（牌背、头像、立牌、标记或纯数值指示物）
4226,02御主\01已确认御主\05其他\丹布拉默尔\丹立牌2.png,non_rule,8,非规则素材：丹立牌2.png（牌背、头像、立牌、标记或纯数值指示物）
4227,02御主\01已确认御主\05其他\丹布拉默尔\升华技-五朔节骑士.png,analyzed,8,卡面机制：五朔节骑士 从游戏外将3张远隔操作和2张急行放置于此牌上。 | 卡面机制：每回合你 至多可将其中一张牌追加打出（回合结束时该牌进入你的弃 牌堆）。 | 卡面机制：若如此，抽1张牌并将该牌移除。
4228,02御主\01已确认御主\05其他\丹布拉默尔\头像.png,non_rule,8,非规则素材：头像.png（牌背、头像、立牌、标记或纯数值指示物）
4229,02御主\01已确认御主\05其他\卧藤门司\26立牌.png,non_rule,8,非规则素材：26立牌.png（牌背、头像、立牌、标记或纯数值指示物）
4230,02御主\01已确认御主\05其他\卧藤门司\3.2更新卧藤门司.png,analyzed,8,卡面机制：卧藤门司 求道者-战斗阶段结束时，每有一名位于你所在地点且以 移动进入该地点的其他玩家，你获得1点魔力。 | 卡面机制：若你获胜， 改为获得1点战果。 | 卡面机制：冥想-你使用过令咒的回合不受其他玩家的能力影响。
4231,02御主\01已确认御主\05其他\卧藤门司\升华技-豪快战意.png,analyzed,8,卡面机制：米 力量 豪快战意 4 8K （将此牌加入你的技能区） 敌则杀之，战则胜之-若你获胜，恢复一枚令咒。
4232,02御主\01已确认御主\05其他\卧藤门司\卧藤门司.png,analyzed,8,卡面机制：卧藤门司 求道者-回合结束时，每有一名本回合移动至你所在地点 的其他玩家，你获得1点魔力。 | 卡面机制：若你获胜，改为获得1点 战果。 | 卡面机制：冥想-若你使用了令咒，你不受其他玩家的能力影响直至 回合结束。
4233,02御主\01已确认御主\05其他\卧藤门司\头像.png,non_rule,8,非规则素材：头像.png（牌背、头像、立牌、标记或纯数值指示物）
4234,02御主\01已确认御主\05其他\吉娜可\作弊代码转换 (1).png,unclear,8,OCR/转录不足，暂不能可靠判定完整机制：作弊代码转换
4235,02御主\01已确认御主\05其他\吉娜可\作弊代码转换 (2).png,analyzed,8,卡面机制：作弊代码转换 <每局游戏一次> 行动阶段：本回合你可以将你的非特殊属性基础攻击 变为威力相同的特殊属性基础攻击打出。 | 卡面机制：（4变为【幸 运】，3变为【急行】，2变为【远隔操作】，你需要 支付它们变更后的魔力。 | 卡面机制：)
4236,02御主\01已确认御主\05其他\吉娜可\升华技-中场休息.png,analyzed,8,卡面机制：中场休息 你可以于前哨阶段选择不进行部署，若如此做，则重 新获得【作弊代码转换】。 | 卡面机制：你激活的攻击一直保留其 原本印刷的属性。
4237,02御主\01已确认御主\05其他\吉娜可\吉娜可.png,analyzed,8,卡面机制：CULHL mAne CUHI 吉娜可·加里吉利 游戏开始时拥有【作弊代码转换】 你的基础特殊属性攻击威力增加X点（X=8-2Y【Y= 游戏开始时从者牌库中基础特殊属性攻击牌的数量】 且X至少为1。 | 卡面机制：) 当你离开魔术工房时，失去3点魔力。
4238,02御主\01已确认御主\05其他\吉娜可\头像.png,non_rule,8,非规则素材：头像.png（牌背、头像、立牌、标记或纯数值指示物）
4239,02御主\01已确认御主\05其他\吉娜可\立牌.png,non_rule,8,非规则素材：立牌.png（牌背、头像、立牌、标记或纯数值指示物）
4240,02御主\01已确认御主\05其他\吉娜可（新版）\3.2更新化作甲胄.jpg,analyzed,8,卡面机制：Noble Phantasm 206K 日轮呀，化作甲胃 被动：你无法使用迦尔纳的其他 宝具。 | 卡面机制：被动/前哨阶段：将此牌移除游戏。 | 卡面机制：吾之辉，吾之铠一战斗阶段：你的战斗中每有一名对手，你 便需花费1点魔力使用此效果。 | 卡面机制：将与你位于同一战场的对手 控制的基础攻击的威力设为0。
4241,02御主\01已确认御主\05其他\吉娜可（新版）\3.3更新头像.png,non_rule,8,非规则素材：3.3更新头像.png（牌背、头像、立牌、标记或纯数值指示物）
4242,02御主\01已确认御主\05其他\吉娜可（新版）\3.8更新作弊代码转换.png,analyzed,8,卡面机制：作弊代码转换 你控制的区特殊属性基础攻击+X威力， X = 4 -你从者初始牌库区特殊基础攻击数且至少为1。 | 卡面机制：黑客权限-行动阶段：花费2点魔力，将一张你控制的攻击移除 游戏至战斗阶段结束并从游戏外将一张临时的，与被移除牌印 刷威力相同的区特殊基础牌加入攻击（若可能）直至回合结束。
4243,02御主\01已确认御主\05其他\吉娜可（新版）\3.8更新升华技-愿你安稳坠入海洋深处.png,analyzed,8,卡面机制：愿你安稳坠入海洋深处 此牌解锁时，将游戏外的【日轮啊，化作甲胃】加入你 的技能区，其上提到的从者名视为【莎士比亚】。 | 卡面机制：当 【日轮啊，化作甲胄】被移除游戏时，你获得12点魔力。
4244,02御主\01已确认御主\05其他\吉娜可（新版）\3.8更新吉娜可.png,analyzed,8,卡面机制：吉娜可·加里吉利 天才玩家-你拥有【作弊代码转换】。 | 卡面机制：宅女-你需花费2点魔力才可于自己的回合离开魔术工房。 | 卡面机制：回合结束时，若你位于魔术工房，获得1点魔力。
4245,02御主\01已确认御主\05其他\吉娜可（新版）\httpssteamusercontentaakamaihdnetugc2491130170962380091B2EEA503C72004642F100D3CABEBDEAC63BDC24A.png,analyzed,8,卡面机制：by. 作弊代码转换 柚木 王牌Gamer吉娜子-你的基础特殊攻击威力增加X点（至少为1）， X为4-Y，Y=游戏开始时从者牌库中基础特殊攻击牌的数量。 | 卡面机制：行动阶段：支付2点魔力，将一张与你同一战场的基础攻击变为印 刷基本威力相同的特殊基础攻击直至回合结束。 | 卡面机制：（2：【远隔操作】3：【疾行】4：【幸运】)
4246,02御主\01已确认御主\05其他\吉娜可（新版）\旧\3.3更新作弊代码转换.png,analyzed,8,卡面机制：297 作弊代码转换 你控制的区特殊属性基础攻击+X威力， X = 4－你从者初始牌库β特殊基础攻击数且至少为1。 | 卡面机制：黑客权限-行动阶段：花费2点魔力，将一张你控制的非技能牌移除 游戏至战斗阶段结束。 | 卡面机制：你可以额外花费2点魔力将目标改为你战斗中 的一张非技能牌。 | 卡面机制：然后若可能，从游戏外将一张临时的，与被移除 牌印刷威力相同的区特殊基础攻击加入被移除者的攻击。
4247,02御主\01已确认御主\05其他\吉娜可（新版）\旧\3.3更新升华技-愿你安稳坠入海洋深处.png,analyzed,8,卡面机制：愿你安稳坠入海洋深处 此牌解锁时，将游戏外的【日轮啊，化作甲胃】加入你 的技能区，其上提到的从者名视为你的从者名。 | 卡面机制：最初和最后的旁观者-行动阶段：打出一张 l 宝具牌。
4248,02御主\01已确认御主\05其他\吉娜可（新版）\旧\3.3更新吉娜可.png,analyzed,8,卡面机制：吉娜可·加里吉利 天才玩家-你拥有【作弊代码转换】。 | 卡面机制：宅女-你于自己的回合离开魔术工房时，失去2点魔力。 | 卡面机制：回合结束时，若你位于魔术工房，获得1点魔力。
4249,02御主\01已确认御主\05其他\吉娜可（新版）\旧\3.4更新作弊代码转换.png,analyzed,8,卡面机制：作弊代码转换 你控制的区特殊属性基础攻击+X威力， X = 4－你从者初始牌库区特殊基础攻击数且至少为1。 | 卡面机制：黑客权限-行动阶段：花费2点魔力，将一张你控制的攻击移除 游戏至战斗阶段结束。 | 卡面机制：然后若可能，从游戏外将一张临时的， 与被移除牌印刷威力相同的区特殊基础牌加入攻击。
4250,02御主\01已确认御主\05其他\吉娜可（新版）\旧\SKILL-日轮啊，化作甲胃.png,analyzed,8,卡面机制：宝具 006K 日轮啊，化作甲胃 你每与一名玩家进行战斗，战斗结束后便失去3点魔力。 | 卡面机制：被动：你不能使用迦尔纳的其他 宝具牌。 | 卡面机制：你可于前哨阶段 将此牌移除游戏，然后获得12点魔力。 | 卡面机制：战斗阶段：将与你交战对手的基础攻击牌的威力设置为0。
4251,02御主\01已确认御主\05其他\吉娜可（新版）\旧\升华技-愿你安稳坠入海洋深处.png,analyzed,8,卡面机制：愿你安稳坠入海洋深处 解锁此技能后，将【日轮啊，化作甲胄】加入你的技能区 并获得“此牌可追加打出。 | 卡面机制：”，其上提到的从者名视为你 的从者。 | 卡面机制：你激活的攻击一直保留其原本印刷的属性（即使其被更改 或替换）。
4252,02御主\01已确认御主\05其他\吉娜可（新版）\旧\吉娜可 (1).png,analyzed,8,卡面机制：by. 作弊代码转换 柚木 王牌Gamer吉娜子-你的基础特殊攻击威力增加X点（至少为1）， X为4-Y，Y=游戏开始时从者牌库中基础特殊攻击牌的数量。 | 卡面机制：行动阶段：支付2点魔力，将一张与你同一战场的基础攻击变为印 刷基本威力相同的特殊基础攻击直至回合结束。 | 卡面机制：（2：【远隔操作】3：【疾行】4：【幸运】)
4253,02御主\01已确认御主\05其他\吉娜可（新版）\旧\吉娜可 (2).png,analyzed,8,卡面机制：吉娜可·加里吉利 可可棕-你拥有【作弊代码转换】 Neet废材-当你于自己的回合离开魔术工房时，失去3点魔力。
4254,02御主\01已确认御主\05其他\吉娜可（新版）\旧\吉娜可立牌.png,non_rule,8,非规则素材：吉娜可立牌.png（牌背、头像、立牌、标记或纯数值指示物）
4255,02御主\01已确认御主\05其他\吉娜可（新版）\旧\头像.png,non_rule,8,非规则素材：头像.png（牌背、头像、立牌、标记或纯数值指示物）
4256,02御主\01已确认御主\05其他\吉娜可（新版）\立牌-吉娜可.png,non_rule,8,非规则素材：立牌-吉娜可.png（牌背、头像、立牌、标记或纯数值指示物）
4257,02御主\01已确认御主\05其他\哈维\升华技-黑蝎.png,analyzed,8,卡面机制：黑蝎 安全增强方案－当你使用【潜行】时，可以部署于魔术工房。 | 卡面机制：隐身增强方案-当你使用【潜行】时，可以花费2点魔力，改 为于自己的战斗阶段中进行部署。
4258,02御主\01已确认御主\05其他\哈维\哈维.png,analyzed,8,卡面机制：尤里乌斯·贝尔奇斯科·哈维 代码_潜行-前哨阶段：本阶段不进行部署，于你的行动阶段 开始时部署于一处战场。 | 卡面机制：快速老化-每回合结束时移除你弃牌堆中两张牌或随机弃置一 张牌。 | 卡面机制：若无法执行，需要先抽一张牌。
4259,02御主\01已确认御主\05其他\哈维\哈维立牌.png,non_rule,8,非规则素材：哈维立牌.png（牌背、头像、立牌、标记或纯数值指示物）
4260,02御主\01已确认御主\05其他\哈维\头像.png,non_rule,8,非规则素材：头像.png（牌背、头像、立牌、标记或纯数值指示物）
4261,02御主\01已确认御主\05其他\岸波白野（女）\skill-神秘代码 (1).png,analyzed,8,卡面机制：Magic 神秘代码：Extella 频率对接-被动：当你移动时，将此牌移除游戏（其可以被 再度加入技能区）。 | 卡面机制：cc_回复0-战斗阶段：若你战败，获得等于你本回合打出的 一张非残留攻击的魔力消耗一半的魔力（向上取整）。
4262,02御主\01已确认御主\05其他\岸波白野（女）\skill-神秘代码 (2).png,analyzed,8,卡面机制：迅捷 1K 神秘代码：CCC 数据泄露-被动：当你输掉一场战斗时，失去1点战果。 | 卡面机制：代码_非法侵入-行动阶段：选择一名位于当前战场的玩家， 查看其牌堆顶3张牌。 | 卡面机制：弃置其中任意数量的牌，然后将剩余 牌按任意顺序放回其牌堆顶部。
4263,02御主\01已确认御主\05其他\岸波白野（女）\skill-神秘代码 (3).png,analyzed,8,卡面机制：米 力量 神秘代码：Link 10K O 精神同步-被动：你的令咒只可用来移动和支付它来使用某 些能力。 | 卡面机制：代码_月球驱动-行动阶段：你本回合的攻击增加其自身魔力 消耗等值的威力（最多+3）。
4264,02御主\01已确认御主\05其他\岸波白野（女）\skill-神秘代码 (4).png,analyzed,8,卡面机制：特殊 神秘代码：Extra 1& 应急协议-被动：当你赢得一场战斗时，将此牌移除游戏。 | 卡面机制：代码_秘密通道-当一名其他玩家进入你所在的战场时，你可 移动至侦查，此时你不计入侦查的人数限制。
4265,02御主\01已确认御主\05其他\岸波白野（女）\升华技-月之王权.png,analyzed,8,卡面机制：月之王权 【Extra】获得：你拥有的魔力少于8点也可使用此牌。 | 卡面机制：【CCC】获得：临时打出一张因此弃置的牌的复制。 | 卡面机制：【Extella】获得威力+5且你的地利变为0。 | 卡面机制：【Link】获得：你的基础攻击威力+1。
4266,02御主\01已确认御主\05其他\岸波白野（女）\头像.png,non_rule,8,非规则素材：头像.png（牌背、头像、立牌、标记或纯数值指示物）
4267,02御主\01已确认御主\05其他\岸波白野（女）\岸波女立牌.png,non_rule,8,非规则素材：岸波女立牌.png（牌背、头像、立牌、标记或纯数值指示物）
4268,02御主\01已确认御主\05其他\岸波白野（女）\岸波白野（女）.png,analyzed,8,卡面机制：岸波白野 换装-前哨阶段：随机弃置1张手牌。 | 卡面机制：选择游戏外的一张【神 秘代码】加入技能区，直到你再次使用此效果。 | 卡面机制：【神秘代码】 为追加打出。
4269,02御主\01已确认御主\05其他\岸波白野（月之王权）\3.6升华技-月灵收束.png,analyzed,8,卡面机制：米 力量 敏捷 魔术 确 XOOK 月灵收束 （此牌解锁时，加入你的技能区） 自由选择X，X最大为12。 | 卡面机制：打出时：你获得×点合计威力。
4270,02御主\01已确认御主\05其他\岸波白野（月之王权）\升华技-月灵收束.png,analyzed,8,卡面机制：特殊 米 力量 敏捷 魔术 确 XOOK 月灵收束 （此牌加入你的技能区） 自由选择X，X最大为12。 | 卡面机制：此牌威力+X。
4271,02御主\01已确认御主\05其他\岸波白野（月之王权）\头像（女）.png,non_rule,8,非规则素材：头像（女）.png（牌背、头像、立牌、标记或纯数值指示物）
4272,02御主\01已确认御主\05其他\岸波白野（月之王权）\头像（男）.png,non_rule,8,非规则素材：头像（男）.png（牌背、头像、立牌、标记或纯数值指示物）
4273,02御主\01已确认御主\05其他\岸波白野（月之王权）\岸波白野.png,analyzed,8,卡面机制：岸波白野 双生-游戏开始时，决定本局游戏内你的性别。 | 卡面机制：月之王权-你仅可从【月灵晶体】中随机抽取初始从者。
4274,02御主\01已确认御主\05其他\岸波白野（月之王权）\月之王权从者\月之癌-GM.BB\3.1更新 (1).png,analyzed,8,卡面机制：深海电脑乐土 月之癌-被动：为【月之圣杯】抽取事件牌时，更改为抽取一张游戏外的月之圣杯事件牌。 | 卡面机制：SERA.PH-被动：若【樱之迷宫】已激活，当一张局势牌于回合开始被展示后，你可以随 机额外激活一张月之圣杯局势牌； | 卡面机制：当一张于回合开始时被抽取的原事件牌展示后，你可以 将其移除，然后随机将一张游戏外的月之圣杯事件牌加入其位置。 | 卡面机制：管理权限-被动/行动阶段：移动至【月之圣杯】或你独自位于【月之圣杯】时，移动至一 处战场并且保留你的地利，回合结束时，若你未取得战斗胜利，失去3点魔力，若魔力不 足，剩余部分更改为失去战果。
4275,02御主\01已确认御主\05其他\岸波白野（月之王权）\月之王权从者\月之癌-GM.BB\3.1更新 (2).png,analyzed,8,卡面机制：宝具 13K 十之王冠 【真名解放】 权能解放-打出时：以七一五一一的顺序获得相应效果，每项效果每局游戏限一次： 七之丘-此牌印刷威力-7直至游戏结束，战力结算时，你获得X点合计威力。 | 卡面机制：X为战力结算 时你的魔力值且至多为7。 | 卡面机制：五之丘-此牌印刷威力-5直至游戏结束，你获得5点魔力。 | 卡面机制：-之丘-此牌印刷威力-1直至游戏结束，移动至任意地点，你本回合不受你所在地点的其 他玩家的能力影响。 | 卡面机制：然后，你可从新都、深山町或【月之圣杯】移动至任意位置，无视交 战状态。
4276,02御主\01已确认御主\05其他\岸波白野（月之王权）\月之王权从者\月之癌-GM.BB\3.1更新 (3).png,unclear,8,OCR/转录不足，暂不能可靠判定完整机制：特殊 13 樱之迷宫 此牌魔力消耗-X，X为本局游戏你打出正面朝上的牌的次数。 虚数空间-残留：你的其他特殊攻击名为【幸运】并获得“战斗阶段：你无视 【败北】效果”。你于常规出牌打出的攻击魔力消耗减半（向上取整）。回合开 始时，将所有地点的顺序随机打乱，箭头及移动消耗保持不变。 的，正面朝上的牌的属性与卡牌文字效果，回合结束时，将获得效果的牌移除游戏。
4277,02御主\01已确认御主\05其他\岸波白野（月之王权）\月之王权从者\月之癌-GM.BB\ATK卡\3.1GMBB攻击卡 (1).png,analyzed,8,卡面机制：魔术 蓝色权能 11& Cursed-打出时：所有与你位于同一地点的玩家失去1点战果。
4278,02御主\01已确认御主\05其他\岸波白野（月之王权）\月之王权从者\月之癌-GM.BB\ATK卡\3.1GMBB攻击卡 (10).png,analyzed,8,卡面机制：敏捷 8K 绿色权能 4 Cupid-打出时：沿着箭头移动至多一步。
4279,02御主\01已确认御主\05其他\岸波白野（月之王权）\月之王权从者\月之癌-GM.BB\ATK卡\3.1GMBB攻击卡 (11).png,analyzed,8,卡面机制：敏捷 绿色权能 5 09K Cupid-打出时：沿着箭头移动至多一步。
4280,02御主\01已确认御主\05其他\岸波白野（月之王权）\月之王权从者\月之癌-GM.BB\ATK卡\3.1GMBB攻击卡 (12).png,analyzed,8,卡面机制：魔术 蓝色权能 10K Cursed-打出时：所有与你位于同一地点的玩家失去1点战果。
4281,02御主\01已确认御主\05其他\岸波白野（月之王权）\月之王权从者\月之癌-GM.BB\ATK卡\3.1GMBB攻击卡 (2).png,analyzed,8,卡面机制：魔术 蓝色权能 12% Cursed-打出时：所有与你位于同一地点的玩家失去1点战果。
4282,02御主\01已确认御主\05其他\岸波白野（月之王权）\月之王权从者\月之癌-GM.BB\ATK卡\3.1GMBB攻击卡 (3).png,analyzed,8,卡面机制：特殊 无色权能 1& O Cleanser-打出时：获得1点魔力。
4283,02御主\01已确认御主\05其他\岸波白野（月之王权）\月之王权从者\月之癌-GM.BB\ATK卡\3.1GMBB攻击卡 (4).png,analyzed,8,卡面机制：特殊 无色权能 O 2K Cupid-打出时：沿着箭头移动至多一步。
4284,02御主\01已确认御主\05其他\岸波白野（月之王权）\月之王权从者\月之癌-GM.BB\ATK卡\3.1GMBB攻击卡 (5).png,analyzed,8,卡面机制：特殊 无色权能 3& Cursed-打出时：所有与你位于同一地点的玩家失去1点战果。
4285,02御主\01已确认御主\05其他\岸波白野（月之王权）\月之王权从者\月之癌-GM.BB\ATK卡\3.1GMBB攻击卡 (6).png,analyzed,8,卡面机制：米 力量 4& 红色权能 Cleanser-打出时：获得1点魔力。
4286,02御主\01已确认御主\05其他\岸波白野（月之王权）\月之王权从者\月之癌-GM.BB\ATK卡\3.1GMBB攻击卡 (7).png,analyzed,8,卡面机制：米 力量 5K 红色权能 Cleanser-打出时：获得1点魔力。
4287,02御主\01已确认御主\05其他\岸波白野（月之王权）\月之王权从者\月之癌-GM.BB\ATK卡\3.1GMBB攻击卡 (8).png,analyzed,8,卡面机制：米 力量 2 6K 红色权能 Cleanser-打出时：获得1点魔力。
4288,02御主\01已确认御主\05其他\岸波白野（月之王权）\月之王权从者\月之癌-GM.BB\ATK卡\3.1GMBB攻击卡 (9).png,analyzed,8,卡面机制：敏捷 绿色权能 3 7K Cupid-打出时：沿着箭头移动至多一步。
4289,02御主\01已确认御主\05其他\岸波白野（月之王权）\月之王权从者\月之癌-GM.BB\GM.BB.png,analyzed,8,"卡面机制：Cancer Game Master B.B. 米 4,5,6 @ 7,8,9 × 10,11,12"
4290,02御主\01已确认御主\05其他\岸波白野（月之王权）\月之王权从者\月之癌-GM.BB\战场卡\卡背.png,non_rule,8,非规则素材：卡背.png（牌背、头像、立牌、标记或纯数值指示物）
4291,02御主\01已确认御主\05其他\岸波白野（月之王权）\月之王权从者\月之癌-GM.BB\战场卡\战场卡 (1).png,non_rule,8,非规则素材：战场卡 (1).png（牌背、头像、立牌、标记或纯数值指示物）
4292,02御主\01已确认御主\05其他\岸波白野（月之王权）\月之王权从者\月之癌-GM.BB\战场卡\战场卡 (2).png,non_rule,8,非规则素材：战场卡 (2).png（牌背、头像、立牌、标记或纯数值指示物）
4293,02御主\01已确认御主\05其他\岸波白野（月之王权）\月之王权从者\月之癌-GM.BB\战场卡\战场卡 (3).png,non_rule,8,非规则素材：战场卡 (3).png（牌背、头像、立牌、标记或纯数值指示物）
4294,02御主\01已确认御主\05其他\岸波白野（月之王权）\月之王权从者\月之癌-GM.BB\战场卡\战场卡 (4).png,non_rule,8,非规则素材：战场卡 (4).png（牌背、头像、立牌、标记或纯数值指示物）
4295,02御主\01已确认御主\05其他\岸波白野（月之王权）\月之王权从者\月之癌-GM.BB\战场卡\战场卡 (5).png,non_rule,8,非规则素材：战场卡 (5).png（牌背、头像、立牌、标记或纯数值指示物）
4296,02御主\01已确认御主\05其他\岸波白野（月之王权）\月之王权从者\神话礼装-不夜\太阳的 数字.jpg,analyzed,8,卡面机制：力量 米 特殊 3 3K 太阳的数字 挑战一被动：当一张事件牌被展示后，你可以弃置一张与其 提到的属性对应的手牌后抽一张牌。 | 卡面机制：该事件牌获得+3战果。 | 卡面机制：阳光普照-战斗阶段：花费3点魔力（若你位于被挑战的事件 牌的战斗中则无需花费魔力），将你基本威力为3的攻击的 基本威力翻至三倍。
4297,02御主\01已确认御主\05其他\岸波白野（月之王权）\月之王权从者\神话礼装-不夜\神话礼装-不夜.png,analyzed,8,"卡面机制：神话礼装·不夜 米3,3,3,4,5 β Luck ? 3,3,4,5 β Preparation ×3"
4298,02御主\01已确认御主\05其他\岸波白野（月之王权）\月之王权从者\神话礼装-不夜\轮转胜利之剑.jpg,analyzed,8,卡面机制：米 力量 宝具 12K 轮转胜利之剑 【真名解放】 被动/前哨阶段：若当前回合数为3的倍数且你位于战场， 将你技能区的【太阳的数字】加入攻击。
4299,02御主\01已确认御主\05其他\岸波白野（月之王权）\月之王权从者\神话礼装-不夜\骑士的夙愿.jpg,analyzed,8,卡面机制：骑士的夙愿 若再重逢-被动/行动阶段：根据X（X为你连续且不间断 赢得战斗的次数），你：1+：获得+3合计威力。 | 卡面机制：2+：并可以花费3点魔力，令一张你控制的基本威力为3 的攻击获得【对魔力】的卡牌文字效果。 | 卡面机制：3+：并可以打出一张基本威力为3的攻击。
4300,02御主\01已确认御主\05其他\岸波白野（月之王权）\月之王权从者\神话礼装-八极\无二打.jpeg,analyzed,8,卡面机制：米 力量 敏捷 无二打 3 10K 【真名解放】 猛虎硬爬山一战斗阶段：选择一张你控制的，与一名你交战 对手控制的攻击具有相同属性的暗置攻击移除游戏，然后令 该对手【败北】。
4301,02御主\01已确认御主\05其他\岸波白野（月之王权）\月之王权从者\神话礼装-八极\无极.jpeg,analyzed,8,卡面机制：无极 被动：你可以于你的任意阶段开始时花费1点魔力，然后获得 一项持续至本回合结束的效果：1.准备阶段：隐藏你的区域。 | 卡面机制：2.前哨阶段：抽一张牌，然后打出一张暗置手牌。 | 卡面机制：3.行动阶段：你可以于战斗阶段使用行动阶段能力。 | 卡面机制：4.战斗阶段：将一张你激活的攻击改为暗置。
4302,02御主\01已确认御主\05其他\岸波白野（月之王权）\月之王权从者\神话礼装-八极\神话礼装-八极.jpeg,analyzed,8,"卡面机制：神话礼装·八极 *4,4,5 Surveil ? 4,4,5 Surveil 4,4,5 Preparation"
4303,02御主\01已确认御主\05其他\岸波白野（月之王权）\月之王权从者\神话礼装-八极\阴阳交错.jpeg,analyzed,8,卡面机制：阴阳交错 被动/前哨阶段：花费1点魔力，【神话礼装·八极】的 其他技能魔力消耗和基本威力翻倍并失去所有卡牌文字 效果。
4304,02御主\01已确认御主\05其他\岸波白野（月之王权）\月之王权从者\神话礼装-剑之王者\3.5更新 (1).png,analyzed,8,卡面机制：遥远的理想乡 被动：当你即将被淘汰时，改为将此牌移除来继续进行 游戏，然后回复等于当前高潮回合数的令咒。 | 卡面机制：（第9回合=高潮第1回合，以此类推）
4305,02御主\01已确认御主\05其他\岸波白野（月之王权）\月之王权从者\神话礼装-剑之王者\3.5更新 (2).png,analyzed,8,卡面机制：米 力量 宝具 12K 誓约胜利之剑 8 【真名解放】 战斗阶段：你获得+4合计威力。 | 卡面机制：高潮回合时，若你赢得第 11回合的战斗，获得游戏胜利。
4306,02御主\01已确认御主\05其他\岸波白野（月之王权）\月之王权从者\神话礼装-剑之王者\3.5更新 (3).png,analyzed,8,卡面机制：魔术 风王结界 4& 4 若你真名隐藏，此牌被打出时的魔力消耗-2。 | 卡面机制：打出时：选择米力量或×魔术属性。 | 卡面机制：战斗阶段：将与你位于同一战场的对手控制的你选择属性的 攻击威力降低为0。
4307,02御主\01已确认御主\05其他\岸波白野（月之王权）\月之王权从者\神话礼装-剑之王者\旧\剑之王者.png,analyzed,8,"卡面机制：骑士之王 米 3,4,5,5,5,5 β Luck @4 7 Luck * 3,4 Surveil"
4308,02御主\01已确认御主\05其他\岸波白野（月之王权）\月之王权从者\神话礼装-剑之王者\旧\遥远的理想乡.png,analyzed,8,卡面机制：遥远的理想乡 被动：当你首次即将被淘汰时，改为将此牌移除来继续 进行游戏，然后回复等于当前高潮回合数的令咒。 | 卡面机制：（第9回合=高潮第1回合，以此类推）
4309,02御主\01已确认御主\05其他\岸波白野（月之王权）\月之王权从者\神话礼装-剑之王者\旧\风王结界.png,analyzed,8,卡面机制：魔术 宝具 风王结界 4K 4 被动：与你位于同一战场的对手无法于你首次【真名解放】 的回合使用能力。 | 卡面机制：战斗阶段：将与你位于同一战场的对手的米力量攻击威力 降低为0。
4310,02御主\01已确认御主\05其他\岸波白野（月之王权）\月之王权从者\神话礼装-剑之王者\誓约胜利之剑.png,analyzed,8,卡面机制：米 力量 宝具 12K 誓约胜利之剑 8 【真名解放】 神造兵装-被动/行动阶段：你手牌与技能区的攻击-1魔力 消耗，你的基础攻击+1威力。 | 卡面机制：战斗阶段：高潮回合时，你获得+4合计威力。 | 卡面机制：若你赢得第 11回合的战斗，获得游戏胜利。
4311,02御主\01已确认御主\05其他\岸波白野（月之王权）\月之王权从者\神话礼装-卫宫\3.1更新 (1).png,analyzed,8,卡面机制：迅捷 宝具 伪·螺旋剑 4K 2 【真名解放】 <每局游戏限一次> 行动阶段：将你的地利变为3倍。 | 卡面机制：战斗阶段：若赢得本场战斗，获得4战果。
4312,02御主\01已确认御主\05其他\岸波白野（月之王权）\月之王权从者\神话礼装-卫宫\3.1更新 (2).png,analyzed,8,卡面机制：米 力量 宝具 干将·莫邪 10 15K （你的魔力需要达到8点才能打出此牌） 投影-此牌需追加打出。
4313,02御主\01已确认御主\05其他\岸波白野（月之王权）\月之王权从者\神话礼装-卫宫\3.1更新 (3).png,analyzed,8,卡面机制：回路连接 【真名解放】 <每局游戏限一次> 崩坏的幻想-被动/行动阶段：移除你技能区的【投影】。 | 卡面机制：将游戏外的【伪·螺旋剑】，【炽天覆七重圆环】 【干将·莫邪】和【永恒遥远的黄金之剑】加入你的技能 区并令其全部获得<每局游戏限一次>。
4314,02御主\01已确认御主\05其他\岸波白野（月之王权）\月之王权从者\神话礼装-卫宫\3.1更新 (4).png,analyzed,8,卡面机制：米 力量 宝具 7 12% 永恒遥远的黄金之剑 【真名解放】 只有在【无限剑制】激活时才可使用此牌。 | 卡面机制：战斗阶段：若你赢得第11回合的战斗，获得游戏胜利。
4315,02御主\01已确认御主\05其他\岸波白野（月之王权）\月之王权从者\神话礼装-卫宫\3.1更新 (5).png,analyzed,8,卡面机制：特殊 无限剑制 【真名解放】 打出时：生成一个由你打出的牌，手牌，牌堆以及弃牌堆形成的12张 牌的手牌。 | 卡面机制：残留：你每回合可以打出0-4张牌，你不能抽牌。 | 卡面机制：当你没有手牌时， 关闭此牌。 | 卡面机制：战斗阶段开始时，令任意张你本回合打出的非技能牌或背 面向上的攻击返回你的手牌。
4316,02御主\01已确认御主\05其他\岸波白野（月之王权）\月之王权从者\神话礼装-卫宫\3.1更新 (6).png,non_rule,8,非规则素材：3.1更新 (6).png（牌背、头像、立牌、标记或纯数值指示物）
4317,02御主\01已确认御主\05其他\岸波白野（月之王权）\月之王权从者\神话礼装-卫宫\3.1更新 (7).png,analyzed,8,卡面机制：特殊 2 4& 炽天覆七重圆环 战斗阶段：将同一战场所有对手的 属性威力变为0。
4318,02御主\01已确认御主\05其他\岸波白野（月之王权）\月之王权从者\神话礼装-卫宫\神-卫宫.png,analyzed,8,"卡面机制：神话礼装·炼铁 米 2,5 Surveil 2,4,4,5 Preparation × 2,5,5 β Preparation"
4319,02御主\01已确认御主\05其他\岸波白野（月之王权）\月之王权从者\神话礼装-原初\天之锁.png,analyzed,8,卡面机制：宝具 天之锁 0O0& 【真名解放】 冀以锁系神明-残留：此牌持续激活至下回合战斗阶段结束。 | 卡面机制：你无法 使用宝具且不能离开你所在的战场（包括回合结束时）。 | 卡面机制：被动/行动阶段：若你是【神话礼装·原初】，花费2点魔力，将此牌 加入一名你交战对手的攻击且令此牌于下回合结束时返回你的技能区。
4320,02御主\01已确认御主\05其他\岸波白野（月之王权）\月之王权从者\神话礼装-原初\天地乖离开辟之星.png,analyzed,8,卡面机制：宝具 PIXIVID 天地乖离开辟之星 12 83 【真名解放】 此牌不能被复制，盗用，无效关闭或同其他牌一起打出。 | 卡面机制：当你需要于战力结算外计算攻击威力或合计威力时，不计 入此牌的威力。
4321,02御主\01已确认御主\05其他\岸波白野（月之王权）\月之王权从者\神话礼装-原初\旧\3.1更新 (1).png,analyzed,8,卡面机制：宝具 天之锁 【真名解放】 被动/行动阶段：打出此牌并将此牌加入一名与你位于同一战场的交战 对手的攻击之中。 | 卡面机制：此牌不能通过其他任何方式入场。 | 卡面机制：冀以锁系神明-残留：此牌持续激活至被加入攻击的第二个回合结束。 | 卡面机制：你不可使用 宝具且你不能离开你所在的地点。 | 卡面机制：前哨阶段，你可向 神话礼装·原初支付2点魔力来关闭此牌。
4322,02御主\01已确认御主\05其他\岸波白野（月之王权）\月之王权从者\神话礼装-原初\旧\3.1更新 (2).png,analyzed,8,卡面机制：米 力量 敏捷 魔术 王律之键 3 6K 【真名解放】 收藏家-被动：回合结束时，若你位于地利位置或侦查，获 得1点战果。 | 卡面机制：千里眼-行动阶段：将你的地利翻倍。
4323,02御主\01已确认御主\05其他\岸波白野（月之王权）\月之王权从者\神话礼装-原初\旧\3.1更新 (3).png,analyzed,8,卡面机制：宝具 PIXIVID 12 天地乖离开辟之星 87 【真名解放】 此牌不能同其他牌一起打出，是你本回合打出唯一的一张牌。 | 卡面机制：此牌不能被复制，盗用或无效关闭。 | 卡面机制：当你因其他玩家的能力 影响需要于用于战力结算外计算战力时，不计入此牌带来的 威力，【气息遮断】等类似效果依然正常结算生效。
4324,02御主\01已确认御主\05其他\岸波白野（月之王权）\月之王权从者\神话礼装-原初\旧\神-闪闪.png,analyzed,8,"卡面机制：MythDress 神话礼装·原初 米 3,4,5 7 Luck ? 3,4,5 Luck × 3,4,5 β Preparation"
4325,02御主\01已确认御主\05其他\岸波白野（月之王权）\月之王权从者\神话礼装-原初\王律之键.png,analyzed,8,卡面机制：宝具 XO 4& 王律之键 【真名解放】 打出时：自由选择X。 | 卡面机制：此牌获得X种非β特殊属性（由你 选择）。 | 卡面机制：收藏家-被动：回合结束时，若你位于地利位置或 侦查，你可以获得1点战果，若你获胜，改为获得2点战果。 | 卡面机制：千里眼-行动阶段：翻倍你的地利。
4326,02御主\01已确认御主\05其他\岸波白野（月之王权）\月之王权从者\神话礼装-原初\神话礼装-原初 .png,analyzed,8,"卡面机制：MythDress 神话礼装·原初 米 3,4,5 β Luck 3,4,5 β Luck × 3,4,5 β Preparation"
4327,02御主\01已确认御主\05其他\岸波白野（月之王权）\月之王权从者\神话礼装-尼禄\3.1更新 (2).png,analyzed,8,卡面机制：魔术 宝具 4 1K 童女讴歌的繁华帝政 【真名解放】 富之杯-被动：此牌威力+X，X你本局游戏因原初之火被移 除游戏的牌的数量。 | 卡面机制：原初之火-行动阶段：抽2张牌，从手牌中打出任意张基本威 力不同的攻击，然后将手牌中剩余的牌移除游戏。
4328,02御主\01已确认御主\05其他\岸波白野（月之王权）\月之王权从者\神话礼装-尼禄\3.5更新 (1).png,analyzed,8,卡面机制：特殊 3K 纵使三度迎来落日 【真名解放】 <每局游戏限一次> 残留：当你第三次使用终焉蔷薇的回合结束时，关闭此牌。 | 卡面机制：终焉蔷薇-行动阶段：选择创造并激活一张临时的【幸运】， 【疾行】或【远隔操作】直至本回合结束。
4329,02御主\01已确认御主\05其他\岸波白野（月之王权）\月之王权从者\神话礼装-尼禄\3.5更新 (2).png,analyzed,8,卡面机制：不夜特权 被动/准备阶段：花费1点魔力，将你本轮的玩家顺位调 整至首置或末置位，这不会影响其他玩家的行动顺序。 | 卡面机制：被动/行动阶段：你激活的米力量攻击获得敏捷属性， Q 敏捷获得×魔术，×魔术获得米力量（不重复获得）
4330,02御主\01已确认御主\05其他\岸波白野（月之王权）\月之王权从者\神话礼装-尼禄\旧\3.1更新 (1).png,analyzed,8,卡面机制：不夜特权 被动/行动阶段：你印刷属性为米力量、敏捷、×魔术的基础 攻击分别附加敏捷、×魔术、米力量属性。 | 卡面机制：被动/准备阶段：你可以花费2点魔力选择在本轮将自已的玩家顺位 调整至任意一位，这不会影响其他玩家的行动顺序。 | 卡面机制：若你于本回合 赢得战斗，每有一名当前回合顺位在你之后的玩家就额外获得1战 果。
4331,02御主\01已确认御主\05其他\岸波白野（月之王权）\月之王权从者\神话礼装-尼禄\旧\3.1更新 (3).png,analyzed,8,卡面机制：特殊 3K 纵使三度迎来落日 【真名解放】 <每局游戏限一次> 残留：此牌持续激活至你第三次使用终焉蔷薇的回合结束。 | 卡面机制：终焉蔷薇-行动阶段：创造并激活一张临时的区特殊基础攻 击。
4332,02御主\01已确认御主\05其他\岸波白野（月之王权）\月之王权从者\神话礼装-尼禄\神-尼禄.png,analyzed,8,"卡面机制：神话礼装·皇帝 米 2,3,4,5,5 β Luck ? 2,3,4,5 × 2,3"
4333,02御主\01已确认御主\05其他\岸波白野（月之王权）\月之王权从者\神话礼装-文豪\3.1更新 (1).png,analyzed,8,卡面机制：Sonnet 155 主从互换-被动/行动阶段：如果神话礼装·文豪是你的从 者，解锁你的【升华技】。 | 卡面机制：被动：你可以追加打出你的【升华技】和【开演之时已至 ，此处应有雷鸣般的喝彩】。
4334,02御主\01已确认御主\05其他\岸波白野（月之王权）\月之王权从者\神话礼装-文豪\3.1更新 (2).png,analyzed,8,卡面机制：特殊 XO 国王剧团 X为16－（当前回合数×2）。 | 卡面机制：残留：当你部署于魔术工房时，获得1点魔力和2点战果。 | 卡面机制：唯一/行动阶段：创造并激活一张你本回合打出的基础攻击的临 时复制。
4335,02御主\01已确认御主\05其他\岸波白野（月之王权）\月之王权从者\神话礼装-文豪\3.1更新 (3).png,analyzed,8,卡面机制：宝具 开演之时已至 5 此处应有雷鸣般的喝彩 【真名解放】 传奇创作-战斗阶段：使所有本回合未使用过令咒的交战玩 家【败北】。
4336,02御主\01已确认御主\05其他\岸波白野（月之王权）\月之王权从者\神话礼装-文豪\3.5更新.png,analyzed,8,卡面机制：宝具 开演之时已至 5 1k 此处应有雷鸣般的喝彩 【真名解放】 传奇创作-战斗阶段：令所有本回合未使用过令咒的，与你 交战的玩家【败北】。
4337,02御主\01已确认御主\05其他\岸波白野（月之王权）\月之王权从者\神话礼装-文豪\神-文豪.png,analyzed,8,"卡面机制：883 神话礼装·文豪 米 3,3,4 β Surveil 3,3,4 β Preparation * 3,4,4,5"
4338,02御主\01已确认御主\05其他\岸波白野（月之王权）\月之王权从者\神话礼装-无名剑士\一之太刀.png,analyzed,8,卡面机制：敏捷 一之太刀 5 7K 你拥有的魔力少于8点也可打出此牌。 | 卡面机制：战斗阶段：选择一张你交战对手控制的基础攻击，然后从 手牌弃置一张米力量基础攻击将其关闭。
4339,02御主\01已确认御主\05其他\岸波白野（月之王权）\月之王权从者\神话礼装-无名剑士\三之太刀.png,analyzed,8,卡面机制：敏捷 3& 三之太刀 你可于打出两张&迅捷攻击时追加打出此牌 燕返-若你同时控制【一之太刀】和【二之太刀】，你【真 名解放】并获得+3合计威力。
4340,02御主\01已确认御主\05其他\岸波白野（月之王权）\月之王权从者\神话礼装-无名剑士\二之太刀.png,analyzed,8,卡面机制：敏捷 二之太刀 20 15& 行动阶段：与你位于同一地点的其他玩家无法使用行动阶 段或战斗阶段能力。
4341,02御主\01已确认御主\05其他\岸波白野（月之王权）\月之王权从者\神话礼装-无名剑士\旧\一之太刀.png,analyzed,8,卡面机制：敏捷 一之太刀 5 7& 你拥有的魔力少于8点也可打出此牌。 | 卡面机制：战斗阶段：选择一张你交战对手控制的基础攻击，然后从 手牌弃置一张米力量基础攻击将其关闭并获得2点魔力。
4342,02御主\01已确认御主\05其他\岸波白野（月之王权）\月之王权从者\神话礼装-无名剑士\旧\二之太刀.png,analyzed,8,卡面机制：敏捷 二之太刀 3 5K 行动阶段：位于魔术工房和与你位于同一战场的其他玩家 无法使用行动阶段或战斗阶段能力。
4343,02御主\01已确认御主\05其他\岸波白野（月之王权）\月之王权从者\神话礼装-无名剑士\神话礼装-无名剑士.png,analyzed,8,"卡面机制：MythDress 无名剑士 米 3,4,5 β Luck ? 4,4,4,5,5,5 β Luck β Surveil"
4344,02御主\01已确认御主\05其他\岸波白野（月之王权）\月之王权从者\神话礼装-狐狸\3.5更新千年京.png,analyzed,8,卡面机制：宝具 米 千年京 【真名解放】 神之国-被动：回合结束时，激活的此牌所在地点的所有非【咒相】的 【幸运】、【远隔操作】、×魔术属性的基础攻击的拥有者需为其每张 相应的攻击选择下列一项：1.令此牌作为【咒相】放置于【千年京】， 获得1点战果。 | 卡面机制：2.失去1点魔力。 | 卡面机制：被动/行动阶段：花费6点魔力，将此牌设置于或移动至你所在的地点。
4345,02御主\01已确认御主\05其他\岸波白野（月之王权）\月之王权从者\神话礼装-狐狸\3.5更新水天.png,analyzed,8,卡面机制：魔术 宝具 0 水天日光轩辕八野镇石 【真名解放】 天照-行动阶段：打出X张【咒相】，X为未淘汰的玩家数（ 不足则全部打出）。 | 卡面机制：战力结算后，你为每张以此法打出的 【咒相】分别选择：1.花费1点魔力，令此牌作为【咒相】 返回【千年京】。 | 卡面机制：2.将此牌移除游戏。
4346,02御主\01已确认御主\05其他\岸波白野（月之王权）\月之王权从者\神话礼装-狐狸\3.5更新狐之婚嫁.png,analyzed,8,卡面机制：魔术 3 7& 狐之婚嫁 被动：你激活的×魔术攻击不受其他玩家的能力影响。 | 卡面机制：晴天之雨-被动/行动阶段：【咒相】和你的【远隔操作】 【幸运】失去原有属性并获得×魔术属性。
4347,02御主\01已确认御主\05其他\岸波白野（月之王权）\月之王权从者\神话礼装-狐狸\旧\3.1更新 (1).png,analyzed,8,卡面机制：魔术 3 7& 狐之婚嫁 晴天之雨-被动/行动阶段：【咒相】和你的【远隔操作】、 【幸运】失去原有属性，获得×魔术属性。 | 卡面机制：出云之女-被动：你的攻击不会因其他玩家的能力影响无效 化或减少威力。
4348,02御主\01已确认御主\05其他\岸波白野（月之王权）\月之王权从者\神话礼装-狐狸\旧\3.1更新 (2).png,analyzed,8,卡面机制：宝具 米 千年京 【真名解放】 被动/行动阶段：花费6点魔力，将此牌设置于或移动至你所在的地点。 | 卡面机制：神之国-被动：回合结束时，激活的此牌所在地点的所有非【咒相】的 【幸运】、【远隔操作】×魔术属性的基础攻击的拥有者为每张相应 的攻击选择下列一项：1.令此牌成为【咒相】放置于【千年京】上， 获得1点战果。 | 卡面机制：2.失去1点魔力。
4349,02御主\01已确认御主\05其他\岸波白野（月之王权）\月之王权从者\神话礼装-狐狸\旧\3.1更新 (3).png,analyzed,8,卡面机制：魔术 宝具 O 水天日光轩辕八野镇石 【真名解放】 天照-行动阶段：打出所有【咒相】。 | 卡面机制：战力结算后，每一张 【咒相】可选择以下两种处理方式：1.花费1点魔力，令此牌 作为【咒相】返回【千年京】。 | 卡面机制：2.将此牌置于你的弃牌堆。
4350,02御主\01已确认御主\05其他\岸波白野（月之王权）\月之王权从者\神话礼装-狐狸\神-狐狸.png,analyzed,8,"卡面机制：MythDress 神话礼装·太阳 米 3,4 冈 7 Luck @3,5 Luck * 3,4,5,5,5 β Preparation"
4351,02御主\01已确认御主\05其他\岸波白野（月之王权）\月之王权从者\神话礼装-猎犬\卢恩魔术.jpg,analyzed,8,卡面机制：魔术 卢恩魔术 3 1& 打出时：选择以下一项作为此牌的效果直至关闭： 战斗续行一行动阶段：移动至除魔术工房外的任意地点。 | 卡面机制：阵地作成-残留：此牌持续激活两个回合。 | 卡面机制：当你部署于魔术 工房时，获得1点魔力和2点战果。 | 卡面机制：狂化-行动阶段：打出一张手牌并令其获得+3威力。
4352,02御主\01已确认御主\05其他\岸波白野（月之王权）\月之王权从者\神话礼装-猎犬\神话礼装-猎犬.jpg,analyzed,8,"卡面机制：MythDr 神话礼装·猎犬 米3,4 Preparation ? 3,4,5,5,5 Preparation 3,5,5"
4353,02御主\01已确认御主\05其他\岸波白野（月之王权）\月之王权从者\神话礼装-猎犬\穿刺死棘之枪.png,analyzed,8,卡面机制：敏捷 宝具 穿刺死棘之枪 3 【真名解放】 贯穿心脏-战斗阶段：若仅有一名对手与你位于同一战场， 令其【败北】。
4354,02御主\01已确认御主\05其他\岸波白野（月之王权）\月之王权从者\神话礼装-猎犬\突穿死翔之枪.jpg,analyzed,8,卡面机制：敏捷 宝具 7 10K 突穿死翔之枪 【真名解放】 倾盆而降-战斗阶段：你的每名交战对手失去X点战果。 | 卡面机制：若你获胜，获得X点战果。 | 卡面机制：X为你的交战对手数量且至少为3。
4355,02御主\01已确认御主\05其他\岸波白野（月之王权）\月之王权从者\神话礼装-虎狼\3.6.9戾火浮屠.png,analyzed,8,卡面机制：房火浮屠 被动：若你本回合未与任何对手战斗，你失去X点战果 并令X张你激活的基础攻击持续激活至下回合结束。 | 卡面机制：被动/前哨阶段：花费1点魔力，打出一张基础攻击。
4356,02御主\01已确认御主\05其他\岸波白野（月之王权）\月之王权从者\神话礼装-虎狼\3.6.9神鬼无前.png,analyzed,8,卡面机制：宝具 神鬼无前 【真名解放】 被动/行动阶段：选择一张你激活的非基础攻击，令其基本 威力翻倍。 | 卡面机制：回合结束时，你失去其魔力消耗的魔力并将被 选择的攻击移除游戏。
4357,02御主\01已确认御主\05其他\岸波白野（月之王权）\月之王权从者\神话礼装-虎狼\乱世枭雄.jpeg,analyzed,8,卡面机制：米 力量 乱世枭雄 7K 0 你拥有的魔力少于8点也可使用此牌。 | 卡面机制：无前一你获胜时，不获得事件牌的战果，改为令竞争战果和 因令咒获得的战果翻倍。
4358,02御主\01已确认御主\05其他\岸波白野（月之王权）\月之王权从者\神话礼装-虎狼\戾火浮屠.jpeg,analyzed,8,卡面机制：房火浮屠 被动：回合结束时，你可以打出一张基础攻击。 | 卡面机制：若你本回合未与任何对手战斗或花费X点魔力，你失去X 点战果且你可以持续激活X张本回合激活的基础攻击至下 回合结束。
4359,02御主\01已确认御主\05其他\岸波白野（月之王权）\月之王权从者\神话礼装-虎狼\神话礼装-虎狼.jpeg,analyzed,8,"卡面机制：神话礼装·虎狼 米3,4,5,5,7,7,9 Luck 3,3,4,7"
4360,02御主\01已确认御主\05其他\岸波白野（月之王权）\月之王权从者\神话礼装-虎狼\神鬼无前.jpeg,analyzed,8,卡面机制：宝具 神鬼无前 【真名解放】 被动/行动阶段：选择你激活的一张攻击并花费其消耗的 魔力（至少为1），令其基本威力翻倍并获得<每局游戏 限一次>。
4361,02御主\01已确认御主\05其他\岸波白野（月之王权）\月之王权从者\神话礼装-阿蒂拉\3.1更新 (1).png,analyzed,8,卡面机制：米 力量 敏捷 魔术 12 12K 游星之纹章 【真名解放】 <每局游戏限一次> 文明侵蚀-残留：此牌持续激活至使用的第二个回合结束。 | 卡面机制：此牌关闭时，选择一处战场。 | 卡面机制：然后，在接下来你存在的游戏 中，为此地点抽取事件牌时使用【文明废墟】牌堆。
4362,02御主\01已确认御主\05其他\岸波白野（月之王权）\月之王权从者\神话礼装-阿蒂拉\3.1更新 (2).png,analyzed,8,卡面机制：米 力量 敏捷 魔术 宝具 8 12% 巨神之剑 【真名解放】 被动/行动阶段：巨神阿蒂拉的技能牌魔力消耗-X，X为你所 在战场正面表示战果最高的事件牌的战果数。 | 卡面机制：行动阶段：你的攻击不会被无效关闭，也不会被降低威力。
4363,02御主\01已确认御主\05其他\岸波白野（月之王权）\月之王权从者\神话礼装-阿蒂拉\3.1更新 (3).png,analyzed,8,卡面机制：特殊 8 女神变生·赛法卢 【真名解放】 此牌魔力消耗-X，X为本局游戏你赢得战斗的次数。 | 卡面机制：你可以追加打出此牌。 | 卡面机制：行动阶段：你的所有基础攻击获得“残留”至本回合结束。
4364,02御主\01已确认御主\05其他\岸波白野（月之王权）\月之王权从者\神话礼装-阿蒂拉\巨神阿蒂拉.png,analyzed,8,"卡面机制：MythDres 巨神阿蒂拉 米 5,5,5,5,5 β Surveil ? 5,5,5,5,5 β Luck"
4365,02御主\01已确认御主\05其他\岸波白野（月之王权）\立牌（女）.png,non_rule,8,非规则素材：立牌（女）.png（牌背、头像、立牌、标记或纯数值指示物）
4366,02御主\01已确认御主\05其他\岸波白野（月之王权）\立牌（男）.png,non_rule,8,非规则素材：立牌（男）.png（牌背、头像、立牌、标记或纯数值指示物）
4367,02御主\01已确认御主\05其他\岸波白野（男）\分析X10.png,analyzed,8,卡面机制：分析 当岸波白野【挑战】你时，每持有3张【分析】将使岸波白 野获胜一局。 | 卡面机制：当你被淘汰时，将你的【分析】按回合顺序传给下一位未被 淘汰的岸波白野的对手。
4368,02御主\01已确认御主\05其他\岸波白野（男）\升华技-死相.png,analyzed,8,卡面机制：死相 行动阶段：花费1点魔力，将一张分析牌从一名玩家移动到 另一名玩家处。 | 卡面机制：每回合你可多次使用此能力。
4369,02御主\01已确认御主\05其他\岸波白野（男）\头像.png,non_rule,8,非规则素材：头像.png（牌背、头像、立牌、标记或纯数值指示物）
4370,02御主\01已确认御主\05其他\岸波白野（男）\岸波男立牌.png,non_rule,8,非规则素材：岸波男立牌.png（牌背、头像、立牌、标记或纯数值指示物）
4371,02御主\01已确认御主\05其他\岸波白野（男）\岸波白野.png,analyzed,8,卡面机制：1010100100 0010010100101 00001111 1001000100010 01010010@ M10101001010 101010010010 0010 0010010101010 0101 0010 1011 001001 00 0100 .01 .00 岸波白野 阅览-战斗阶段：失去2威力然后给与你交战的对手一张【分 析】牌； | 卡面机制：或【挑战】与之进行三次猜拳，根据你获胜的次数 决定【挑战结果】的全部效果。
4372,02御主\01已确认御主\05其他\岸波白野（男）\挑战结果.png,analyzed,8,卡面机制：挑战结果 0胜：你【败北】。 | 卡面机制：1+胜：你总威力+2。 | 卡面机制：2+胜：你总威力+3。 | 卡面机制：给挑战的对手1张【分析】。 | 卡面机制：3+胜：挑战的对手【败北】。
4373,02御主\01已确认御主\05其他\拉维尼亚\httpssteamusercontentaakamaihdnetugc2495647722474825679AECD70DB0FDB37B1B12446A024F34C9C141E16E0.png,analyzed,8,卡面机制：友谊（令咒） 行动阶段：获得4点魔力。 | 卡面机制：行动阶段：获得2点合计威力，若你本回合获胜，获得2点 战果。 | 卡面机制：行动阶段：从新都或深山町移动至任意地点，无视交战状态。
4374,02御主\01已确认御主\05其他\拉维尼亚\httpssteamusercontentaakamaihdnetugc2495647722474829862545661F8C93DDD2206EDA5146650385FDD02F0B2.png,non_rule,8,非规则素材：httpssteamusercontentaakamaihdnetugc2495647722474829862545661F8C93DDD2206EDA5146650385FDD02F0B2.png（牌背、头像、立牌、标记或纯数值指示物）
4375,02御主\01已确认御主\05其他\拉维尼亚\httpssteamusercontentaakamaihdnetugc2495647722474830459AFC5B0DC77DEA8BEA2488628A6849CAE640635F5.png,non_rule,8,非规则素材：httpssteamusercontentaakamaihdnetugc2495647722474830459AFC5B0DC77DEA8BEA2488628A6849CAE640635F5.png（牌背、头像、立牌、标记或纯数值指示物）
4376,02御主\01已确认御主\05其他\拉维尼亚\httpssteamusercontentaakamaihdnetugc249564772247483482583412062D704170934B899FDB83D1290146622ED.png,non_rule,8,非规则素材：httpssteamusercontentaakamaihdnetugc249564772247483482583412062D704170934B899FDB83D1290146622ED.png（牌背、头像、立牌、标记或纯数值指示物）
4377,02御主\01已确认御主\05其他\拉维尼亚\httpssteamusercontentaakamaihdnetugc2495647722474835869CE367BFA008F97D0E23164AEF484F242F12624BB.png,non_rule,8,非规则素材：httpssteamusercontentaakamaihdnetugc2495647722474835869CE367BFA008F97D0E23164AEF484F242F12624BB.png（牌背、头像、立牌、标记或纯数值指示物）
4378,02御主\01已确认御主\05其他\拉维尼亚\httpssteamusercontentaakamaihdnetugc24956477224748364286167FA1E9E7E16B9AABC0CFE067916FA758785A1.png,non_rule,8,非规则素材：httpssteamusercontentaakamaihdnetugc24956477224748364286167FA1E9E7E16B9AABC0CFE067916FA758785A1.png（牌背、头像、立牌、标记或纯数值指示物）
4379,02御主\01已确认御主\05其他\拉维尼亚\httpssteamusercontentaakamaihdnetugc249564772247484915405EED37783DF12785530FCF6C5EF786430AE5DFD.png,non_rule,8,非规则素材：httpssteamusercontentaakamaihdnetugc249564772247484915405EED37783DF12785530FCF6C5EF786430AE5DFD.png（牌背、头像、立牌、标记或纯数值指示物）
4380,02御主\01已确认御主\05其他\拉维尼亚\httpssteamusercontentaakamaihdnetugc249564772247485000272E64FA52533A7A279DD84B7FCA3A1FBFC2F7EAC.png,non_rule,8,非规则素材：httpssteamusercontentaakamaihdnetugc249564772247485000272E64FA52533A7A279DD84B7FCA3A1FBFC2F7EAC.png（牌背、头像、立牌、标记或纯数值指示物）
4381,02御主\01已确认御主\05其他\拉维尼亚\httpssteamusercontentaakamaihdnetugc249564772247485046914EB14494ED4438D27EB50C5993F95C0C2F84F64.png,non_rule,8,非规则素材：httpssteamusercontentaakamaihdnetugc249564772247485046914EB14494ED4438D27EB50C5993F95C0C2F84F64.png（牌背、头像、立牌、标记或纯数值指示物）
4382,02御主\01已确认御主\05其他\拉维尼亚\httpssteamusercontentaakamaihdnetugc249564772247485087724E72EA9E4F36A3F870C0B2A80A2DDC31CB81E37.png,non_rule,8,非规则素材：httpssteamusercontentaakamaihdnetugc249564772247485087724E72EA9E4F36A3F870C0B2A80A2DDC31CB81E37.png（牌背、头像、立牌、标记或纯数值指示物）
4383,02御主\01已确认御主\05其他\拉维尼亚\升华技-拉维尼亚.png,analyzed,8,卡面机制：领路人·拉维尼娅 （此牌解锁时，以其替换你的御主并移除【彼界之门】） 万物归一-行动阶段：移除一张手牌，创造并激活一张基 础攻击（由你选择）。
4384,02御主\01已确认御主\05其他\拉维尼亚\头像-拉维尼亚.png,non_rule,8,非规则素材：头像-拉维尼亚.png（牌背、头像、立牌、标记或纯数值指示物）
4385,02御主\01已确认御主\05其他\拉维尼亚\拉维尼亚.png,analyzed,8,卡面机制：拉维尼娅·维特利 异乡人-你拥有【彼界之门】。 | 卡面机制：游戏开始时，投掷两个6面骰并 记录出数为X后，将你牌堆顶的X张牌移除游戏（不展示）。 | 卡面机制：你秘密获得区个它们属性的【不安】标记和威力的【阴谋】标记。 | 卡面机制：敦威治的魔女-行动阶段：花费一个【不安】和【阴谋】，将一 张相应属性和威力的基础攻击从游戏外加入手牌后弃一张手牌。
4386,02御主\01已确认御主\05其他\拉维尼亚\立牌-拉维尼亚.png,non_rule,8,非规则素材：立牌-拉维尼亚.png（牌背、头像、立牌、标记或纯数值指示物）
4387,02御主\01已确认御主\05其他\拉维尼亚\魔界之门.png,analyzed,8,卡面机制：彼界之门 （游戏开始时将此牌置于此面） 行动阶段：获得X点魔力，将你被移除的非技能，非基础 攻击加入手牌（回合结束时将它们弃置），然后将【彼界 之门】翻面。
4388,02御主\01已确认御主\05其他\拉维尼亚\魔界之门2.png,analyzed,8,卡面机制：彼界之门 行动阶段：移除一张手牌，获得其属性的【不安】标记 和威力的【阴谋】标记。
4389,02御主\01已确认御主\05其他\沙条爱歌\SKILL-圣都 炎上.png,analyzed,8,卡面机制：米 力量 圣都炎上 6K 默示-战斗阶段：与你位于同一战场所有控制【幸运】的交 战对手-6合计威力。
4390,02御主\01已确认御主\05其他\沙条爱歌\SKILL-圣都 陷落.png,analyzed,8,卡面机制：魔术 圣都陷落 6K 奠基-打出时：回合结束时，若你于本回合未进行战斗，偷 取所有不位于战场的其他玩家通过效果获得的战果（每名玩 家至多2点）。
4391,02御主\01已确认御主\05其他\沙条爱歌\SKILL-怪兽 王女.png,analyzed,8,卡面机制：敏捷 怪兽王女 6% 唤醒-行动阶段：选择至多3名玩家随机弃置一张手牌，以 唤醒弃置的牌每具有一种属性，你便+1合计威力。 | 卡面机制：若你弃 置的三张牌属性均不同，再获得+3合计威力。
4392,02御主\01已确认御主\05其他\沙条爱歌\httpcloud3steamusercontentcomugc2077904069656744665A0F19F415092DD1B7D41B57081B7234121DBF718.png,analyzed,8,卡面机制：令咒 行动阶段：获得4点魔力。 | 卡面机制：行动阶段：获得2点合计威力，若你本回合获胜，获得2点 战果。 | 卡面机制：行动阶段：从新都或深山町移动至任意地点，无视交战状态。
4393,02御主\01已确认御主\05其他\沙条爱歌\httpcloud3steamusercontentcomugc2077904069656755286E977C3FD26BF3E10510212B57FE96A6CFBA9B958.png,non_rule,8,非规则素材：httpcloud3steamusercontentcomugc2077904069656755286E977C3FD26BF3E10510212B57FE96A6CFBA9B958.png（牌背、头像、立牌、标记或纯数值指示物）
4394,02御主\01已确认御主\05其他\沙条爱歌\升华技-根源接续.png,analyzed,8,卡面机制：根源接续 共舞-你只能于高潮阶段解锁此牌，此牌解锁后，将所有 已淘汰的玩家的从者技能加入你的技能区，它们获得<每 局游戏限一次>且你可以无视苍银之殇来使用它们。
4395,02御主\01已确认御主\05其他\沙条爱歌\头像-纱条爱歌.png,non_rule,8,非规则素材：头像-纱条爱歌.png（牌背、头像、立牌、标记或纯数值指示物）
4396,02御主\01已确认御主\05其他\沙条爱歌\沙条爱歌.png,analyzed,8,卡面机制：沙条爱歌 连通根源-每回合结束时，你可以将魔力设为6点。 | 卡面机制：炽天使-游戏开始时，将【圣都炎上】、【怪兽王女】和【圣都陷 落】加入你的技能区。 | 卡面机制：苍银之殇-游戏开始时，封印你的原从者技能。 | 卡面机制：被封印的技能无法 使用且失去所有卡牌文字效果。 | 卡面机制：准备阶段：花费X枚令咒，解除X张技能的封印。
4397,02御主\01已确认御主\05其他\沙条爱歌\立牌-沙条爱歌.png,non_rule,8,非规则素材：立牌-沙条爱歌.png（牌背、头像、立牌、标记或纯数值指示物）
4398,02御主\01已确认御主\05其他\爱丽丝\httpcloud3steamusercontentcomugc2491130170962693586B74387FC58A6E231D70BBB2A6B2AEF9D10BA0227.png,analyzed,8,卡面机制：爱丽丝 赛博幽灵-前哨阶段：若你未于上一回合输掉战斗，将【 幻影爱丽丝】部署于一处战场。 | 卡面机制：当一个爱丽丝移动或被移 动后，若另一个爱丽丝可移动且未处于交战状态，朝相同 方向移动相同的距离。 | 卡面机制：你进行打牌后，失去此次打出的所 有牌合计魔力消耗一半的魔力（向上取整）。
4399,02御主\01已确认御主\05其他\爱丽丝\httpcloud3steamusercontentcomugc2491130170962697248E573B0F7FC74F9E153636A772A2C60E73CAFFE35.png,analyzed,8,卡面机制：幻影规则补充 选择地点条件：发动时点（结算/触发/发动效果时），满足条件（2爱丽丝 不在一起，并且提及3中的关键词），发动结果：选择一个地点发动。 | 卡面机制：FAQ: 1.爱丽丝的牌只有一张，同时作用于爱丽丝的2个棋子。 | 卡面机制：2.对手指的是玩家或者NPC，而不是指爱丽丝的棋子，因此，2个爱丽 丝在一起视为一个爱丽丝。
4400,02御主\01已确认御主\05其他\爱丽丝\httpcloud3steamusercontentcomugc2491130170962699071FBD430EB9FDFF229BDA230B6B7FA38DC88B28C26.png,analyzed,8,卡面机制：幻影规则补充 1、爱丽丝和幻影爱丽丝视为“1个对手”，“1名玩家”，“你”。 | 卡面机制：2、2个爱丽丝共同获得的：被动（无/XX阶段）、牌面描述、合计威力 增减，（未提及地点/战斗的）打出时，牌的威力增减。 | 卡面机制：3、战斗/地点相关：描述中提及以下词语视为地点或战斗相关-交战、 地点、战斗、战场。 | 卡面机制：4、爱丽丝/幻影跟随移动受交战状态影响。
4401,02御主\01已确认御主\05其他\爱丽丝\升华技-女王城堡.png,analyzed,8,卡面机制：魔術 女王城堡 5 1K （将此牌加入你的技能区） 被动：你于所在地点拥有的地利，为你所在所有地点提供地 利。 | 卡面机制：行动阶段：将幻影爱丽丝从桌面移除，使所有与她位于同一 地点的玩家【败北】。
4402,02御主\01已确认御主\05其他\爱丽丝\头像.png,non_rule,8,非规则素材：头像.png（牌背、头像、立牌、标记或纯数值指示物）
4403,02御主\01已确认御主\05其他\爱丽丝\幻影爱丽丝.png,analyzed,8,卡面机制：幻影爱丽丝 两位爱丽丝代表同一名玩家，她们视为激活了相同的卡牌 但是需要分别计算她们的威力。 | 卡面机制：当她们分开时，你需要决定 由哪一处的爱丽丝来发动你针对地点或战斗的效果。 | 卡面机制：（你不 会因此而触发两次你的能力。 | 卡面机制：）
4404,02御主\01已确认御主\05其他\爱丽丝\爱丽丝.png,analyzed,8,卡面机制：爱丽丝 赛博幽灵-前哨阶段：若你未于上一回合输掉战斗，将【 幻影爱丽丝】部署于一处战场。 | 卡面机制：当一个爱丽丝移动或被移 动后，若另一个爱丽丝可移动且未处于交战状态，朝相同 方向移动相同的距离。 | 卡面机制：你进行打牌后，失去此次打出的所 有牌合计魔力消耗一半的魔力（向上取整）。
4405,02御主\01已确认御主\05其他\爱丽丝\爱丽丝立牌 (1).png,non_rule,8,非规则素材：爱丽丝立牌 (1).png（牌背、头像、立牌、标记或纯数值指示物）
4406,02御主\01已确认御主\05其他\爱丽丝\爱丽丝立牌 (2).png,non_rule,8,非规则素材：爱丽丝立牌 (2).png（牌背、头像、立牌、标记或纯数值指示物）
4407,02御主\01已确认御主\05其他\爱丽丝\补充规则 (1).png,analyzed,8,卡面机制：幻影规则补充 1、爱丽丝和幻影爱丽丝视为“1个对手”，“1名玩家”，“你”。 | 卡面机制：2、2个爱丽丝共同获得的：被动（无/XX阶段）、牌面描述、合计威力 增减，（未提及地点/战斗的）打出时，牌的威力增减。 | 卡面机制：3、战斗/地点相关：描述中提及以下词语视为地点或战斗相关-交战、 地点、战斗、战场。 | 卡面机制：4、爱丽丝/幻影跟随移动受交战状态影响。
4408,02御主\01已确认御主\05其他\爱丽丝\补充规则 (2).png,analyzed,8,卡面机制：幻影规则补充 选择地点条件：发动时点（结算/触发/发动效果时），满足条件（2爱丽丝 不在一起，并且提及3中的关键词），发动结果：选择一个地点发动。 | 卡面机制：FAQ: 1.爱丽丝的牌只有一张，同时作用于爱丽丝的2个棋子。 | 卡面机制：2.对手指的是玩家或者NPC，而不是指爱丽丝的棋子，因此，2个爱丽 丝在一起视为一个爱丽丝。
4409,02御主\01已确认御主\05其他\爱丽丝diy\3.6更新升华技-兔子先生.png,analyzed,8,卡面机制：兔子先生 此牌解锁时，移除莎士比亚的从者技能并将游戏外临时的 【炸脖龙】、【无名森林】和【王牌士兵】加入攻击。 | 卡面机制：每当你关闭一张上述技能时，令一张莎士比亚的从者技能 从游戏外返回相应的位置。
4410,02御主\01已确认御主\05其他\爱丽丝diy\3.6更新故事.png,analyzed,8,卡面机制：为谁而写的故事 行动阶段：选择任意项未选择过的选项： 疯帽匠-将【仙境】从任意处放置于一处战场。 | 卡面机制：白兔先生-重新部署于【仙境】所在的战场。 | 卡面机制：红皇后-其他玩家不受【仙境】影响。 | 卡面机制：白皇后-你从【仙境】额外受到一次影响。
4411,02御主\01已确认御主\05其他\爱丽丝diy\3.6更新爱丽丝.png,analyzed,8,卡面机制：爱丽丝 约定之梦-你拥有【为谁而写的故事】。 | 卡面机制：梦游仙境-第一回合开始时，你查看事件牌堆并选择一张 事件牌作为【仙境】（不展示）。 | 卡面机制：当你获胜后，你可以将 【仙境】从任意处（包括游戏外）洗入事件牌堆的前5张。
4412,02御主\01已确认御主\05其他\爱丽丝diy\SKILL-无名森林.png,analyzed,8,卡面机制：敏捷 4 无名森林 【童话具现】 游乐园-残留：根据你控制的【童话具现】数，此牌获得： 2+：【阵地作成】的卡牌文字效果。 | 卡面机制：3+：战力结算时，若你即将战败， 将此牌移除游戏并将你移除版图，然后你重新进行该回合至战力结算。 | 卡面机制：与此同时-唯一：若你战败，选择一张【童话具现】关闭。
4413,02御主\01已确认御主\05其他\爱丽丝diy\SKILL-炸脖龙.png,analyzed,8,卡面机制：米 力量 宝具 4K 炸脖龙 4 【童话具现】【真名解放】 殇-残留：根据你控制的【童话具现】数，此牌获得： 3+：此牌+4威力。 | 卡面机制：战斗阶段开始时，令你的所有交战对手弃 置一张手牌，每张因此弃置的威力大于4的牌令此牌-4威力。 | 卡面机制：与此同时-唯一：若你战败，选择一张【童话具现】关闭。
4414,02御主\01已确认御主\05其他\爱丽丝diy\SKILL-王牌士兵.png,analyzed,8,卡面机制：魔术 CKOX 3K 王牌士兵 4 【童话具现】 救卫-残留：根据你控制的【童话具现】数，此牌获得： 2+：你于行动阶段结束时可以花费2点魔力打出一张手牌。 | 卡面机制：3+：你交战对手手牌和控制的非区特殊攻击-1威力。 | 卡面机制：与此同时-唯一：若你战败，选择一张【童话具现】关闭。
4415,02御主\01已确认御主\05其他\爱丽丝diy\头像-爱丽丝.png,non_rule,8,非规则素材：头像-爱丽丝.png（牌背、头像、立牌、标记或纯数值指示物）
4416,02御主\01已确认御主\05其他\爱丽丝diy\旧\atk-无名森林.png,analyzed,8,卡面机制：敏捷 无名森林 4 【童话具现】 <每局游戏限一次> 残留：此牌仅可在【阵地建造】激活时被加入攻击。 | 卡面机制：被动：位于你所在的战场的对手的手牌与攻击中的非区特 殊牌基本威力-1。
4417,02御主\01已确认御主\05其他\爱丽丝diy\旧\atk-炸脖龙.png,analyzed,8,卡面机制：米 力量 炸脖龙 8K 4 【童话具现】 <每局游戏限一次> 沃尔帕之殇-残留：当你输掉一场战斗时，每有一名对手，便关闭一 张非临时的【童话具现】。 | 卡面机制：被动：你的战斗阶段开始时，与你交战的对手必须弃置一张牌，每张 通过此效果弃置的基本威力不小于4的牌于本回合内减少此牌4点威力。
4418,02御主\01已确认御主\05其他\爱丽丝diy\旧\atk-王牌士兵.png,analyzed,8,卡面机制：魔术 3K 王牌士兵 【童话具现】 <每局游戏限一次> 残留 被动：当此牌加入攻击时，创造并激活1张本牌的临时复制 直至回合结束。
4419,02御主\01已确认御主\05其他\爱丽丝diy\旧\升华技-兔子先生.jpg,analyzed,8,卡面机制：兔子先生 此牌解锁后，立即将游戏外的【炸脖龙】、【无名森林】 和【王牌士兵】加入你的攻击。
4420,02御主\01已确认御主\05其他\爱丽丝diy\旧\故事.jpg,analyzed,8,卡面机制：EINWONDERUAND 为谁而写的故事 根据【故事】在游戏内出场的次数，你获得如下效果： 1+：你常规移动至【故事】所在的地点不需消耗魔力。 | 卡面机制：3+：行动阶段：仅有你从【故事】受到影响。 | 卡面机制：5+：战斗阶段：若【故事】位于一处战场，你视为 同时位于另一处战场且你的所有能力同时影响该战场。
4421,02御主\01已确认御主\05其他\爱丽丝diy\旧\爱丽丝.jpg,analyzed,8,卡面机制：爱丽丝 梦游仙境-游戏开始时，当事件牌堆受其他能力影响后， 你立即查看事件牌堆并秘密选择一张原事件牌作为【故事】。 | 卡面机制：当你赢得战斗时，你可以将【故事】洗入事件牌库（无论 其在何处）。 | 卡面机制：约定之梦一你拥有【为谁而写的故事】和【童话茶会】。
4422,02御主\01已确认御主\05其他\爱丽丝diy\旧\爱丽丝DIY头像.jpg,non_rule,8,非规则素材：爱丽丝DIY头像.jpg（牌背、头像、立牌、标记或纯数值指示物）
4423,02御主\01已确认御主\05其他\爱丽丝diy\旧\爱丽丝DIY立牌.jpg,non_rule,8,非规则素材：爱丽丝DIY立牌.jpg（牌背、头像、立牌、标记或纯数值指示物）
4424,02御主\01已确认御主\05其他\爱丽丝diy\旧\童话茶会.jpg,analyzed,8,卡面机制：童话茶会 <每局游戏限一次> 行动阶段：将【故事】从任意处放置于你所在的战场。
4425,02御主\01已确认御主\05其他\爱丽丝diy\立牌-爱丽丝.png,non_rule,8,非规则素材：立牌-爱丽丝.png（牌背、头像、立牌、标记或纯数值指示物）
4426,02御主\01已确认御主\05其他\狮子劫界离\3.6更新.png,analyzed,8,卡面机制：狮子劫界离 尸体冷藏-行动阶段：展示一张以尸体冷藏移除的暗置牌 （展示后该暗置牌不再暗置且不可再被展示），根据被 展示牌的属性，使用一种属性符合的【死灵魔术】。 | 卡面机制：战斗阶段：若你位于魔术工房，将一张你控制的暗置攻击 移除游戏（不展示）。
4427,02御主\01已确认御主\05其他\狮子劫界离\升华技-驾驭恐惧.png,analyzed,8,卡面机制：驾驭恐惧 你所有的基础牌得到效果：“行动阶段：花费3点魔力，根 据此牌属性激活【死灵魔术】。 | 卡面机制：”
4428,02御主\01已确认御主\05其他\狮子劫界离\死灵魔术 (1).png,analyzed,8,卡面机制：死灵魔术1 心脏手雷-移动至一处战场并获得2点地利。 | 卡面机制：魔术指弹-打出你牌库顶的牌（支付其消耗）。
4429,02御主\01已确认御主\05其他\狮子劫界离\死灵魔术 (2).png,analyzed,8,卡面机制：死灵魔术2 猫头鹰的眼球-将你的地利变为2倍。 | 卡面机制：海德拉剧毒-将你的1张力量或迅捷牌基本威力变为2倍。
4430,02御主\01已确认御主\05其他\狮子劫界离\狮子劫.png,analyzed,8,"卡面机制：狮子劫界离 尸体冷藏-行动阶段：展示一张以尸体冷藏移除的暗置牌, 根据此牌的属性，使用一种属性符合的【死灵魔术】。 | 卡面机制：战斗阶段：若你位于魔术工房，将一张你控制的暗置攻击 移除游戏（不展示）。"
4431,02御主\01已确认御主\05其他\狮子劫界离\狮子劫头像.png,non_rule,8,非规则素材：狮子劫头像.png（牌背、头像、立牌、标记或纯数值指示物）
4432,02御主\01已确认御主\05其他\狮子劫界离\狮子劫立牌.png,non_rule,8,非规则素材：狮子劫立牌.png（牌背、头像、立牌、标记或纯数值指示物）
4433,02御主\01已确认御主\05其他\纱条绫香\3.3更新元素变换.png,analyzed,8,卡面机制：元素变换 前哨阶段：选择下列一项： ①花费1点魔力②合计威力-2③随机弃置2张手牌 若如此做，你于本回合获得“行动阶段：选择下列一项： ①获得1点魔力②合计威力+2③抽2张牌”。
4434,02御主\01已确认御主\05其他\纱条绫香\44立牌.png,non_rule,8,非规则素材：44立牌.png（牌背、头像、立牌、标记或纯数值指示物）
4435,02御主\01已确认御主\05其他\纱条绫香\ATK-黑羽 (1).png,analyzed,8,卡面机制：黑羽 2K 鸦群-被动/行动阶段：将此牌加入攻击。 | 卡面机制：回合结束时，若此 牌是从弃牌堆被加入攻击的，移除此牌。 | 卡面机制：打出时：此牌获得你控制的其他攻击的所有属性。
4436,02御主\01已确认御主\05其他\纱条绫香\ATK-黑羽 (2).png,analyzed,8,卡面机制：黑羽 2K 鸦群-被动/行动阶段：将此牌加入攻击。 | 卡面机制：回合结束时，若此 牌是从弃牌堆被加入攻击的，移除此牌。 | 卡面机制：打出时：此牌获得你控制的其他攻击的所有属性。
4437,02御主\01已确认御主\05其他\纱条绫香\ATK-黑羽 (3).png,analyzed,8,卡面机制：黑羽 2K 鸦群-被动/行动阶段：将此牌加入攻击。 | 卡面机制：回合结束时，若此 牌是从弃牌堆被加入攻击的，移除此牌。 | 卡面机制：打出时：此牌获得你控制的其他攻击的所有属性。
4438,02御主\01已确认御主\05其他\纱条绫香\ATK-黑羽 (4).png,analyzed,8,卡面机制：黑羽 2K 鸦群-被动/行动阶段：将此牌加入攻击。 | 卡面机制：回合结束时，若此 牌是从弃牌堆被加入攻击的，移除此牌。 | 卡面机制：打出时：此牌获得你控制的其他攻击的所有属性。
4439,02御主\01已确认御主\05其他\纱条绫香\元素变换.png,analyzed,8,卡面机制：元素变换 前哨阶段：选择下列一项： ①花费1点魔力②合计威力-2③随机弃置2张手牌 若如此做，你于本回合获得“行动阶段：选择一项上一次 未选择的选项： ①获得1点魔力②合计威力+2③抽2张牌”
4440,02御主\01已确认御主\05其他\纱条绫香\升华技-魅力展现.png,analyzed,8,卡面机制：魅力展现 解锁此技能后，立即将游戏外的两张【黑羽】加入手牌。 | 卡面机制：你的【黑羽】威力+2且“打出时：”效果更改为“行动阶 段:”
4441,02御主\01已确认御主\05其他\纱条绫香\头像.png,non_rule,8,非规则素材：头像.png（牌背、头像、立牌、标记或纯数值指示物）
4442,02御主\01已确认御主\05其他\纱条绫香\纱条绫香.png,analyzed,8,卡面机制：沙条绫香 黑魔术师-将两张【黑羽】洗入你的牌库。 | 卡面机制：权天使-你拥有【元素变换】。 | 卡面机制：稚涩-第一和第二回合开始时，你无法从局势牌中获得魔力。 | 卡面机制：鸦之友-行动阶段：每回合限一次，发动你弃牌堆【黑羽】 的鸦群。
4443,02御主\01已确认御主\05其他\罗谢\3.3更新ATK-变节X11.png,analyzed,8,卡面机制：变节 2010K 被动：当你抽到此牌时，再抽一张牌。 | 卡面机制：主从争斗-唯一/被动：当罗榭的手牌中拥有3张或更多【变 节】时，他立即失去3点战果，然后他可以花费一枚令咒并 将所有【变节】洗回牌堆。 | 卡面机制：若他不花费，其立即【败北】并将所有【变节】弃置。
4444,02御主\01已确认御主\05其他\罗谢\3.6更新变节X11.png,analyzed,8,卡面机制：变节 2010K 被动：当你抽到此牌时，再抽一张牌。 | 卡面机制：主从争斗-唯一/被动：当罗榭的手牌中拥有3张或更多【变 节】时，他立即失去6点战果，然后他可以花费一枚令咒并 将所有【变节】洗回牌堆。 | 卡面机制：若他不花费，其立即【败北】并将所有【变节】弃置。
4445,02御主\01已确认御主\05其他\罗谢\ATK-变节X11.png,analyzed,8,卡面机制：变节 200K 被动：当你抽到此牌时，再抽一张牌。 | 卡面机制：主从争斗-唯一/被动：当罗榭的手牌中拥有3张或更多【变 节】时，他需花费一枚令咒，否则【败北】并失去3点战果， 之后无论花费与否，弃置所有【变节】。
4446,02御主\01已确认御主\05其他\罗谢\升华技-崇高牺牲.png,analyzed,8,卡面机制：崇高牺牲 若你本局游戏未因【变节】败北：失去巨测指导、天真和 你的所有令咒。 | 卡面机制：每失去一枚令咒，【变节】获得+3威力。 | 卡面机制：【变节】同时获得×魔术属性和“此牌需追加打出”并失 去主从争斗。
4447,02御主\01已确认御主\05其他\罗谢\罗榭.png,analyzed,8,卡面机制：罗榭·弗雷因 天真-你的手牌保持展示，你改为于整个行动阶段开始时而 不是准备阶段开始时抽牌。 | 卡面机制：回测指导-行动阶段：获得1点战果、1点魔力，2点合计威力 并抽一张牌。 | 卡面机制：然后将一张【变节】从游戏外洗入你的牌库。
4448,02御主\01已确认御主\05其他\罗谢\罗谢头像.png,non_rule,8,非规则素材：罗谢头像.png（牌背、头像、立牌、标记或纯数值指示物）
4449,02御主\01已确认御主\05其他\罗谢\罗谢立牌.png,non_rule,8,非规则素材：罗谢立牌.png（牌背、头像、立牌、标记或纯数值指示物）
4450,02御主\01已确认御主\05其他\美纱夜\47立牌.png,non_rule,8,非规则素材：47立牌.png（牌背、头像、立牌、标记或纯数值指示物）
4451,02御主\01已确认御主\05其他\美纱夜\httpcloud3steamusercontentcomugc203060802837984249764CBC1BDF959CD6AB3AD70367CD2DDAF389C2B3F.png,unclear,8,OCR/转录不足，暂不能可靠判定完整机制：O
4452,02御主\01已确认御主\05其他\美纱夜\升华技-堕天.png,analyzed,8,卡面机制：特殊 120 堕天 12% （将此牌加入你的技能区。 | 卡面机制：） 被动/行动阶段：花费4点魔力，切换一张【咒缚】。
4453,02御主\01已确认御主\05其他\美纱夜\卢恩魔术与侵蚀 (1).png,analyzed,8,卡面机制：特殊 卢恩魔术 1K (切换后，将此牌加入你的技能区。 | 卡面机制：) 此牌需追加打出。 | 卡面机制：行动阶段：打出一张牌。
4454,02御主\01已确认御主\05其他\美纱夜\卢恩魔术与侵蚀 (2).png,analyzed,8,卡面机制：侵蚀 你的基础攻击-1威力。
4455,02御主\01已确认御主\05其他\美纱夜\头像.png,analyzed,8,卡面机制：（未识别到文字）
4456,02御主\01已确认御主\05其他\美纱夜\旧版\httpcloud3steamusercontentcomugc20261076561523580386278680D9352F08A2849E32F177A2E4FA211B69B.png,analyzed,8,卡面机制：特殊 卢恩魔术 1K (切换后，将此牌加入你的技能区。 | 卡面机制：) 此牌需追加打出。 | 卡面机制：行动阶段：打出一张手牌。
4457,02御主\01已确认御主\05其他\美纱夜\旧版\升华技-堕天.png,analyzed,8,卡面机制：宝具 魔术 堕天 13 13& 被动：此牌拥有【灵】且不会失去。 | 卡面机制：此牌的【灵】不计入附加数。 | 卡面机制：被动：【灵】的效果更改为：“你每打出一张正面向上的其他牌，此 牌获得一点【灵力】。 | 卡面机制：此牌魔力消耗-X，X为此牌拥有的灵力值。 | 卡面机制：你 打出或弃置此牌后此牌失去所有灵力值和【灵】”。 | 卡面机制：被动/行动阶段：花费6点魔力，使你控制的一张【诅咒】切换状态。
4458,02御主\01已确认御主\05其他\美纱夜\旧版\灵TOKEN\httpcloud3steamusercontentcomugc189885608840965977542FA384878D2E2CFC50DFAB78BB3A0921AD165F6.png,non_rule,8,非规则素材：httpcloud3steamusercontentcomugc189885608840965977542FA384878D2E2CFC50DFAB78BB3A0921AD165F6.png（牌背、头像、立牌、标记或纯数值指示物）
4459,02御主\01已确认御主\05其他\美纱夜\旧版\灵TOKEN\httpcloud3steamusercontentcomugc189885608840966081855F9458D5BC4E144534A8D8102747642221A0AFB.png,non_rule,8,非规则素材：httpcloud3steamusercontentcomugc189885608840966081855F9458D5BC4E144534A8D8102747642221A0AFB.png（牌背、头像、立牌、标记或纯数值指示物）
4460,02御主\01已确认御主\05其他\美纱夜\旧版\灵TOKEN\httpcloud3steamusercontentcomugc1898856088409662183274C1BBC0EB1F768F3DB65B8B25E8427CF95CA32.png,non_rule,8,非规则素材：httpcloud3steamusercontentcomugc1898856088409662183274C1BBC0EB1F768F3DB65B8B25E8427CF95CA32.png（牌背、头像、立牌、标记或纯数值指示物）
4461,02御主\01已确认御主\05其他\美纱夜\旧版\灵TOKEN\httpcloud3steamusercontentcomugc18988560884096626363872FD51324AE3AF40B8B6BD800705DA10F1285F.png,non_rule,8,非规则素材：httpcloud3steamusercontentcomugc18988560884096626363872FD51324AE3AF40B8B6BD800705DA10F1285F.png（牌背、头像、立牌、标记或纯数值指示物）
4462,02御主\01已确认御主\05其他\美纱夜\旧版\灵TOKEN\httpcloud3steamusercontentcomugc1898856088409663488DBF14667A17E5D9EBAF6E3488027AEF620AF496A.png,non_rule,8,非规则素材：httpcloud3steamusercontentcomugc1898856088409663488DBF14667A17E5D9EBAF6E3488027AEF620AF496A.png（牌背、头像、立牌、标记或纯数值指示物）
4463,02御主\01已确认御主\05其他\美纱夜\旧版\灵TOKEN\httpcloud3steamusercontentcomugc1898856088409663980A979DB686835DDC5F9BBB11CD3174766E3A77851.png,non_rule,8,非规则素材：httpcloud3steamusercontentcomugc1898856088409663980A979DB686835DDC5F9BBB11CD3174766E3A77851.png（牌背、头像、立牌、标记或纯数值指示物）
4464,02御主\01已确认御主\05其他\美纱夜\旧版\灵TOKEN\httpcloud3steamusercontentcomugc18988560884096644475354E943C212A609D0912DB3B652B9F5352AEB9F.png,non_rule,8,非规则素材：httpcloud3steamusercontentcomugc18988560884096644475354E943C212A609D0912DB3B652B9F5352AEB9F.png（牌背、头像、立牌、标记或纯数值指示物）
4465,02御主\01已确认御主\05其他\美纱夜\旧版\灵TOKEN\httpcloud3steamusercontentcomugc1898856088409665349C5B81CFEC5DED4884BE9D625EADF29581CC41138.png,non_rule,8,非规则素材：httpcloud3steamusercontentcomugc1898856088409665349C5B81CFEC5DED4884BE9D625EADF29581CC41138.png（牌背、头像、立牌、标记或纯数值指示物）
4466,02御主\01已确认御主\05其他\美纱夜\旧版\灵TOKEN\httpcloud3steamusercontentcomugc189885608840966633316272163946CBE71BCC2268A206C9843475B3DDC.png,non_rule,8,非规则素材：httpcloud3steamusercontentcomugc189885608840966633316272163946CBE71BCC2268A206C9843475B3DDC.png（牌背、头像、立牌、标记或纯数值指示物）
4467,02御主\01已确认御主\05其他\美纱夜\旧版\灵TOKEN\httpcloud3steamusercontentcomugc18988560884096670554C96B2E89ECE2FF17620354343014C9C8EF796EE.png,non_rule,8,非规则素材：httpcloud3steamusercontentcomugc18988560884096670554C96B2E89ECE2FF17620354343014C9C8EF796EE.png（牌背、头像、立牌、标记或纯数值指示物）
4468,02御主\01已确认御主\05其他\美纱夜\旧版\灵TOKEN\httpcloud3steamusercontentcomugc18988560884096677557421D15B607082B62863F026F21FDFEC2A22EB62.png,non_rule,8,非规则素材：httpcloud3steamusercontentcomugc18988560884096677557421D15B607082B62863F026F21FDFEC2A22EB62.png（牌背、头像、立牌、标记或纯数值指示物）
4469,02御主\01已确认御主\05其他\美纱夜\旧版\灵TOKEN\httpcloud3steamusercontentcomugc18988560884096690000238D409E155B293D65614A8D75A067EB6BF23C9.png,non_rule,8,非规则素材：httpcloud3steamusercontentcomugc18988560884096690000238D409E155B293D65614A8D75A067EB6BF23C9.png（牌背、头像、立牌、标记或纯数值指示物）
4470,02御主\01已确认御主\05其他\美纱夜\旧版\灵TOKEN\httpcloud3steamusercontentcomugc18988560884096695865679295D057EF748FC0663DA28CC97F19ACEDE79.png,non_rule,8,非规则素材：httpcloud3steamusercontentcomugc18988560884096695865679295D057EF748FC0663DA28CC97F19ACEDE79.png（牌背、头像、立牌、标记或纯数值指示物）
4471,02御主\01已确认御主\05其他\美纱夜\旧版\灵TOKEN\httpcloud3steamusercontentcomugc1898856088409670432A0DD5BE0045E8184ABBEE68632B85696F50F21EA.png,non_rule,8,非规则素材：httpcloud3steamusercontentcomugc1898856088409670432A0DD5BE0045E8184ABBEE68632B85696F50F21EA.png（牌背、头像、立牌、标记或纯数值指示物）
4472,02御主\01已确认御主\05其他\美纱夜\旧版\灵TOKEN\httpcloud3steamusercontentcomugc1898856088409671327A41F8BE05722BB37F4B00DF7CC206ABBD9A64831.png,non_rule,8,非规则素材：httpcloud3steamusercontentcomugc1898856088409671327A41F8BE05722BB37F4B00DF7CC206ABBD9A64831.png（牌背、头像、立牌、标记或纯数值指示物）
4473,02御主\01已确认御主\05其他\美纱夜\旧版\灵TOKEN\httpcloud3steamusercontentcomugc1898856088409681509F8571DFF807497DBBCD8B822B635E71C2ED650D1.png,non_rule,8,非规则素材：httpcloud3steamusercontentcomugc1898856088409681509F8571DFF807497DBBCD8B822B635E71C2ED650D1.png（牌背、头像、立牌、标记或纯数值指示物）
4474,02御主\01已确认御主\05其他\美纱夜\旧版\灵TOKEN\httpcloud3steamusercontentcomugc18988560884096821179D405F9009934D25049EF6F5CAFE3D94E0373BF7.png,non_rule,8,非规则素材：httpcloud3steamusercontentcomugc18988560884096821179D405F9009934D25049EF6F5CAFE3D94E0373BF7.png（牌背、头像、立牌、标记或纯数值指示物）
4475,02御主\01已确认御主\05其他\美纱夜\旧版\灵TOKEN\httpcloud3steamusercontentcomugc1898856088409682876CE095E195FC6407933EBD46364FCBE2B4A33F44F.png,non_rule,8,非规则素材：httpcloud3steamusercontentcomugc1898856088409682876CE095E195FC6407933EBD46364FCBE2B4A33F44F.png（牌背、头像、立牌、标记或纯数值指示物）
4476,02御主\01已确认御主\05其他\美纱夜\旧版\灵TOKEN\httpcloud3steamusercontentcomugc1898856088409683432FB1F05469CCCBC9DAE6378183201F49575ED0721.png,non_rule,8,非规则素材：httpcloud3steamusercontentcomugc1898856088409683432FB1F05469CCCBC9DAE6378183201F49575ED0721.png（牌背、头像、立牌、标记或纯数值指示物）
4477,02御主\01已确认御主\05其他\美纱夜\旧版\灵TOKEN\httpcloud3steamusercontentcomugc1898856088409684560849670A86A5B8EECE659530466D314CB2425F4F3.png,non_rule,8,非规则素材：httpcloud3steamusercontentcomugc1898856088409684560849670A86A5B8EECE659530466D314CB2425F4F3.png（牌背、头像、立牌、标记或纯数值指示物）
4478,02御主\01已确认御主\05其他\美纱夜\旧版\灵TOKEN\httpcloud3steamusercontentcomugc18988560884096851890FE779B9271F57E23576010FF9CBA63DF5DFBB61.png,non_rule,8,非规则素材：httpcloud3steamusercontentcomugc18988560884096851890FE779B9271F57E23576010FF9CBA63DF5DFBB61.png（牌背、头像、立牌、标记或纯数值指示物）
4479,02御主\01已确认御主\05其他\美纱夜\旧版\灵TOKEN\httpcloud3steamusercontentcomugc1898856088409685743408D684B3355F70ECAD07F45DE7F23D217C63CED.png,non_rule,8,非规则素材：httpcloud3steamusercontentcomugc1898856088409685743408D684B3355F70ECAD07F45DE7F23D217C63CED.png（牌背、头像、立牌、标记或纯数值指示物）
4480,02御主\01已确认御主\05其他\美纱夜\旧版\灵TOKEN\httpcloud3steamusercontentcomugc18988560884100203506BFF7CEA2A39C349BBFF8F0F17F0C44074EAA73E.png,non_rule,8,非规则素材：httpcloud3steamusercontentcomugc18988560884100203506BFF7CEA2A39C349BBFF8F0F17F0C44074EAA73E.png（牌背、头像、立牌、标记或纯数值指示物）
4481,02御主\01已确认御主\05其他\美纱夜\旧版\美纱夜.png,analyzed,8,卡面机制：玲珑馆美沙夜 权天使-你拥有【降灵术】。 | 卡面机制：命定的诅咒-当你取得一场战斗胜利时，你激活【胜利之咒】
4482,02御主\01已确认御主\05其他\美纱夜\旧版\胜利之咒正面.png,analyzed,8,卡面机制：胜利之咒 每个非高潮回合开始时，将游戏外随机一张【诅咒】加入攻击 。 | 卡面机制：每个高潮回合开始时，将所有【诅咒】加入攻击。 | 卡面机制：改变命运-被动：若你取得战斗胜利，你可以使你控制的一张 【诅咒】切换状态。
4483,02御主\01已确认御主\05其他\美纱夜\旧版\胜利之咒背面.png,non_rule,8,非规则素材：胜利之咒背面.png（牌背、头像、立牌、标记或纯数值指示物）
4484,02御主\01已确认御主\05其他\美纱夜\旧版\诅咒 (1).png,analyzed,8,卡面机制：诅咒 此牌不受除你御主以及其攻击牌能力外的能力影响。 | 卡面机制：被动：你附加【灵】的牌打出时，你的合计威力+X，X为此牌 灵力值的一半（向下取整）。 | 卡面机制：回合结束时移除此牌。
4485,02御主\01已确认御主\05其他\美纱夜\旧版\诅咒 (2).png,analyzed,8,卡面机制：诅咒 此牌不受除你御主以及其攻击牌能力外的能力影响。 | 卡面机制：被动：你的攻击威力-1。 | 卡面机制：回合结束时移除此牌。
4486,02御主\01已确认御主\05其他\美纱夜\旧版\诅咒 (3).png,analyzed,8,卡面机制：诅咒 此牌不受除你御主以及其攻击牌能力外的能力影响。 | 卡面机制：被动：你每打出常规攻击之外的牌或将其加入攻击，需先支付 1点魔力。 | 卡面机制：回合结束时移除此牌。
4487,02御主\01已确认御主\05其他\美纱夜\旧版\诅咒 (4).png,analyzed,8,卡面机制：诅咒 此牌不受除你御主以及其攻击牌能力外的能力影响。 | 卡面机制：被动：你附加【灵】的牌打出时，你的合计威力-X，X为此牌 灵力值的一半（向上取整）。 | 卡面机制：回合结束时移除此牌。
4488,02御主\01已确认御主\05其他\美纱夜\旧版\诅咒 (5).png,analyzed,8,卡面机制：诅咒 此牌不受除你御主以及其攻击牌能力外的能力影响。 | 卡面机制：被动：你的攻击威力+1。 | 卡面机制：回合结束时移除此牌。
4489,02御主\01已确认御主\05其他\美纱夜\旧版\诅咒 (6).png,analyzed,8,卡面机制：诅咒 10& 此牌不受除你御主以及其攻击牌能力外的能力影响。 | 卡面机制：被动：你打出常规攻击之外的牌或将其加入攻击所需的魔力消 耗-1。 | 卡面机制：若无魔力消耗则使其威力+1。 | 卡面机制：回合结束时移除此牌。
4490,02御主\01已确认御主\05其他\美纱夜\旧版\降灵术.png,analyzed,8,卡面机制：降灵术 被动：你最多有两张牌可以附加【灵】。 | 卡面机制：前哨阶段：使你的一张位于技能区的技能牌或一张手牌附加【灵】 灵-被动：你每打出一张正面向上的其他牌，此牌获得一点【灵力】 。 | 卡面机制：此牌魔力消耗-X，X为此牌拥有的灵力值的一半（向下取整）。 | 卡面机制：你打出或弃置此牌后此牌失去所有灵力值和【灵】。
4491,02御主\01已确认御主\05其他\美纱夜\旧版\黑魔术与怯弱 (2).png,analyzed,8,卡面机制：特殊 黑魔术 1& （切换后，将此牌加入你的技能区。 | 卡面机制：） 此牌需追加打出。 | 卡面机制：行动阶段：令一张你控制的攻击受到双倍的力量修正。
4492,02御主\01已确认御主\05其他\美纱夜\美纱夜.png,analyzed,8,卡面机制：玲珑馆美纱夜 胜利之咒-你拥有【咒缚】。 | 卡面机制：当你获胜时，切换一张【咒缚】。 | 卡面机制：智天使-每当你打出一张明置牌，令一张攻击获得一枚【灵】。 | 卡面机制：拥有【灵】的牌每有2个【灵】，其打出时便-1魔力消耗。 | 卡面机制：回合结束时，移除所有你本回合控制过的攻击的【灵】。
4493,02御主\01已确认御主\05其他\美纱夜\降灵术与孤寂 (1).png,analyzed,8,卡面机制：特殊 降灵术 1& (切换后，将此牌加入你的技能区。 | 卡面机制：) 此牌需追加打出。 | 卡面机制：行动阶段：你控制的攻击每拥有两个【灵】标记，你便获得 +1合计威力。
4494,02御主\01已确认御主\05其他\美纱夜\降灵术与孤寂 (2).png,analyzed,8,卡面机制：孤寂 回合结束时，若你不位于侦查且独自位于一处地点，失去 1点战果。
4495,02御主\01已确认御主\05其他\美纱夜\黑魔术与怯弱  (1).png,analyzed,8,卡面机制：怯懦 当你因常规出牌以外的，自己的效果打出或加入攻击后， 失去1点魔力（一次效果仅失去1点）。
4496,02御主\01已确认御主\05其他\美纱夜\黑魔术与怯弱  (2).png,analyzed,8,卡面机制：特殊 黑魔术 1K (切换后，将此牌加入你的技能区。 | 卡面机制：) 此牌需追加打出。 | 卡面机制：行动阶段：令一张你控制的攻击受到来自局势牌和事件牌 的双倍力量修正。
4497,02御主\01已确认御主\05其他\考列斯-千界树\3.3更新绞首型之雷.png,analyzed,8,卡面机制：魔术 绞首刑之雷 6K 你需宣言一种本局游戏未宣言过的属性才可打出此牌。 | 卡面机制：战斗阶段：将所有与你位于同一战场的对手控制的，具有你 宣言属性的基础攻击的威力设为0。
4498,02御主\01已确认御主\05其他\考列斯-千界树\38立牌.png,non_rule,8,非规则素材：38立牌.png（牌背、头像、立牌、标记或纯数值指示物）
4499,02御主\01已确认御主\05其他\考列斯-千界树\升华技-最后的叙述者.png,analyzed,8,"卡面机制：最后的叙述者 你的【绞首刑之雷】更改为：“打出时：秘密宣言一种属性并于 你的战斗阶段开始时展示”。 | 卡面机制：解锁此技能的回合结束后，从牌库， 弃牌堆以及手牌移除你的所 米 4,4,5,5,5 Luck 有牌； | 卡面机制：并以如下牌组成一副 * 4,4,5,5,5 Surveil 新的牌库使用："
4500,02御主\01已确认御主\05其他\考列斯-千界树\头像.png,non_rule,8,非规则素材：头像.png（牌背、头像、立牌、标记或纯数值指示物）
4501,02御主\01已确认御主\05其他\考列斯-千界树\巴格达电池.png,analyzed,8,卡面机制：巴格达电池 充电-前哨阶段：若你于前哨阶段部署于魔术工房，选择下列一项： 1.获得1点魔力。 | 卡面机制：2.花费2点魔力，你于本回合无视【败北】状态。 | 卡面机制：超载-前哨阶段：若你于前哨阶段部署于战场，激活【绞首刑之雷】。
4502,02御主\01已确认御主\05其他\考列斯-千界树\牌背.png,non_rule,8,非规则素材：牌背.png（牌背、头像、立牌、标记或纯数值指示物）
4503,02御主\01已确认御主\05其他\考列斯-千界树\绞首型之雷 (1).png,analyzed,8,卡面机制：Attack 绞首刑之雷：宝具
4504,02御主\01已确认御主\05其他\考列斯-千界树\绞首型之雷 (2).png,analyzed,8,卡面机制：米Strength Physical Attack 5K 绞首刑之雷：力量 Basic
4505,02御主\01已确认御主\05其他\考列斯-千界树\绞首型之雷 (3).png,analyzed,8,卡面机制：Agility Precision Strike 105k 绞首刑之雷：迅捷 Basic
4506,02御主\01已确认御主\05其他\考列斯-千界树\绞首型之雷 (4).png,analyzed,8,"卡面机制：Special Luck 0:0 4K Close Save - Combat: You ignore the [defeat] status(you cannot play cards,if boonLdofoatodlalready) 绞首刑之雷：特殊 Basic"
4507,02御主\01已确认御主\05其他\考列斯-千界树\绞首型之雷 (5).png,analyzed,8,卡面机制：Magic Magic Blast 105℃ 绞首刑之雷：魔术 Basic
4508,02御主\01已确认御主\05其他\考列斯-千界树\绞首型之雷.png,analyzed,8,卡面机制：魔术 绞首刑之雷 6K 打出时：宣言一种本局游戏未宣言过的属性。 | 卡面机制：战斗阶段：将所有交战对手与本回合宣言属性相同的基础牌 威力变为0。
4509,02御主\01已确认御主\05其他\考列斯-千界树\绞首型之雷未激活.png,non_rule,8,非规则素材：绞首型之雷未激活.png（牌背、头像、立牌、标记或纯数值指示物）
4510,02御主\01已确认御主\05其他\考列斯-千界树\考列斯-千界树.png,analyzed,8,卡面机制：考列斯·千界树 电气魔术-你拥有【巴格达电池】与【绞首刑之雷】。 | 卡面机制：电流术理-游戏开始与每回合结束时，【绞首刑之雷】更改 为未激活状态（【绞首刑之雷】视为技能）。
4511,02御主\01已确认御主\05其他\考列斯\3.3更新巴格达电池.png,analyzed,8,卡面机制：巴格达电池 充电-前哨阶段：花费X点战果，获得2X+1点魔力。 | 卡面机制：检修-前哨阶段：花费2点魔力，你无视【败北】状态直 至回合结束。 | 卡面机制：过载-战斗阶段：将一张游戏外的【绞首刑之雷】暗置且 加入你的技能区（不展示）。
4512,02御主\01已确认御主\05其他\考列斯\3.3更新绞首刑之雷 (1).png,analyzed,8,卡面机制：Magic 306& 绞首刑之雷 <每局游戏限一次> 瘫痪陷阱-与你位于同一地点的米力量属性牌上的能力无 法被使用。
4513,02御主\01已确认御主\05其他\考列斯\3.3更新绞首刑之雷 (2).png,analyzed,8,卡面机制：Magic 306& 绞首刑之雷 <每局游戏限一次> 感官超载-与你位于同一地点的，除令咒外的无属性牌上 的能力无法被使用。
4514,02御主\01已确认御主\05其他\考列斯\3.3更新绞首刑之雷 (3).png,analyzed,8,卡面机制：Magic 306K 绞首刑之雷 <每局游戏限一次> 破坏之网-与你位于同一地点的，除【幸运】外的区特殊 属性牌上的能力无法被使用。
4515,02御主\01已确认御主\05其他\考列斯\3.3更新绞首刑之雷 (4).png,analyzed,8,卡面机制：Magic 306K 绞首刑之雷 <每局游戏限一次> 神经眩晕-与你位于同一地点的×魔术属性牌上的能力无 法被使用。
4516,02御主\01已确认御主\05其他\考列斯\3.3更新绞首刑之雷 (5).png,analyzed,8,卡面机制：Magic 306K 绞首刑之雷 <每局游戏限一次> 静电浪涌-与你位于同一地点的敏捷属性牌上的能力无 法被使用。
4517,02御主\01已确认御主\05其他\考列斯\升华技-回路增强.png,analyzed,8,卡面机制：3M 回路增强 将所有【绞首刑之雷】加入你的技能区。 | 卡面机制：你无法再过载。 | 卡面机制：当你使用【巴格达电池】后，你的×魔术 攻击+2威力直至回合结束。
4518,02御主\01已确认御主\05其他\考列斯\头像.png,non_rule,8,非规则素材：头像.png（牌背、头像、立牌、标记或纯数值指示物）
4519,02御主\01已确认御主\05其他\考列斯\旧\ATK-绞首醒之雷 (1).png,analyzed,8,卡面机制：魔術 绞首刑之雷 4 <每局游戏限一次> 静电圈套-战斗阶段：将所有交战对手的&迅捷基础牌威力 变为0。
4520,02御主\01已确认御主\05其他\考列斯\旧\ATK-绞首醒之雷 (2).png,analyzed,8,卡面机制：魔術 绞首刑之雷 6K 4 <每局游戏限一次> 麻痹陷阱-战斗阶段：将所有交战对手的米力量基础牌威力 变为0。
4521,02御主\01已确认御主\05其他\考列斯\旧\ATK-绞首醒之雷 (3).png,analyzed,8,卡面机制：魔術 绞首刑之雷 4 <每局游戏限一次> 神经眩晕-战斗阶段：将所有交战对手的×魔术基础牌威力 变为0。
4522,02御主\01已确认御主\05其他\考列斯\旧\升华技-回路增幅.png,analyzed,8,卡面机制：回路增幅 当你要打出一张【绞首刑之雷】时，将其变为暗置，你宣称 该牌为【绞首刑之雷】并花费其魔力消耗。 | 卡面机制：于行动阶段结束 时展示该牌。 | 卡面机制：当你使用【巴格达电池】时，本回合你的× 魔术攻击获得威力+2。
4523,02御主\01已确认御主\05其他\考列斯\旧\巴格达电池.png,analyzed,8,卡面机制：巴格达电池 充电-前哨阶段：花费X点战果，获得2X+1点魔力。 | 卡面机制：过热-前哨阶段：花费2点魔力，本回合你可无视【败北】 效果。 | 卡面机制：超载-前哨阶段：将游戏外的一张【绞首刑之雷】放于牌库 顶部（不展示）。
4524,02御主\01已确认御主\05其他\考列斯\考列斯.png,analyzed,8,卡面机制：考列斯·弗尔维吉 生物电学－当你位于魔术工房时，可以使用【巴格达电池】。 | 卡面机制：每回合只可使用【巴格达电池】的一项能力。 | 卡面机制：资质平庸-你每次从非高潮局势牌获得魔力最多为1点。
4525,02御主\01已确认御主\05其他\考列斯\考列斯立牌.png,non_rule,8,非规则素材：考列斯立牌.png（牌背、头像、立牌、标记或纯数值指示物）
4526,02御主\01已确认御主\05其他\菲奥蕾\3.1.3更新决意和温顺 (1).png,analyzed,8,卡面机制：决意 此牌超越时，选择一名战果高于你的对手。 | 卡面机制：若你于本回合 战胜了他，获得2点战果。
4527,02御主\01已确认御主\05其他\菲奥蕾\3.1.3更新决意和温顺 (2).png,analyzed,8,卡面机制：温顺 若你的战斗中有战果低于你的其他玩家，你-2合计威力。 | 卡面机制：若激活的局势牌包含禁止 宝具使用的，菲奥蕾的技能 威力为0且无法增加。
4528,02御主\01已确认御主\05其他\菲奥蕾\3.1.3更新回路不良与聪明头脑 (1).png,analyzed,8,卡面机制：回路不良 你于非高潮回合时每回合合计获得的魔力不能超过2点； | 卡面机制：你于高潮回合时每回合合计获得的魔力不能超过4点。
4529,02御主\01已确认御主\05其他\菲奥蕾\3.1.3更新回路不良与聪明头脑 (2).png,analyzed,8,卡面机制：×魔术 1& 聪慧头脑 （超越后，将此牌加入你的技能区。 | 卡面机制：） 此牌需追加打出。 | 卡面机制：连接强化型魔术礼装-行动阶段：花费1点魔力，你的技能牌 威力+1。 | 卡面机制：（包括从者技能，【聪慧头脑】与【神经机械学】）
4530,02御主\01已确认御主\05其他\菲奥蕾\3.1.3更新瘫痪与神经机械学 (1).png,analyzed,8,卡面机制：瘫痪 你无法在自己的行动阶段和战斗阶段移动。
4531,02御主\01已确认御主\05其他\菲奥蕾\3.1.3更新瘫痪与神经机械学 (2).png,analyzed,8,卡面机制：米 力量 特殊 3K 神经机械学 （超越后，将此牌加入你的技能区。 | 卡面机制：） 此牌需追加打出。 | 卡面机制：行动阶段：花费1点魔力，沿箭头移动一步。 | 卡面机制：行动阶段：若你位于你未部署的战场，获得2点地利。
4532,02御主\01已确认御主\05其他\菲奥蕾\升华技-完全恢复.png,analyzed,8,卡面机制：完全恢复 行动阶段：进行一次【超越】。 | 卡面机制：如果你本回合战败， 失去2点战果。
4533,02御主\01已确认御主\05其他\菲奥蕾\头像.png,non_rule,8,非规则素材：头像.png（牌背、头像、立牌、标记或纯数值指示物）
4534,02御主\01已确认御主\05其他\菲奥蕾\旧版技能\决意和温顺 (1).png,analyzed,8,卡面机制：温顺 如果与你交战的对手的战果少于你，则你的合计威力-3。 | 卡面机制：若一张激活的局势牌效果为 宝具禁止使用，菲奥蕾的技 能牌威力为0且不可增加。
4535,02御主\01已确认御主\05其他\菲奥蕾\旧版技能\回路不良与聪明头脑 (1).png,analyzed,8,卡面机制：★魔术 聪慧头脑 1& （超越后，将此牌加入你的技能区。 | 卡面机制：） 此牌需追加打出。 | 卡面机制：连接强化型魔术礼装-行动阶段：花费2点魔力，你的技能牌 威力+1。 | 卡面机制：（包括从者技能，【聪慧头脑】与【神经机械学】）
4536,02御主\01已确认御主\05其他\菲奥蕾\旧版技能\瘫痪与神经机械学 (1).png,analyzed,8,卡面机制：米 力量 特殊 3K 神经机械学 （超越后，将此牌加入你的技能区。 | 卡面机制：） 此牌需追加打出。 | 卡面机制：被动：你无视交战状态。 | 卡面机制：行动阶段：若你位于未部署的战场，获得2点地利。
4537,02御主\01已确认御主\05其他\菲奥蕾\菲奥蕾.png,analyzed,8,卡面机制：菲奥蕾·弗尔维吉 菲奥蕾拥有【瘫痪】，【温顺】与【回路不良】。 | 卡面机制：超越-前哨阶段：切换下列一项，其效果持续至回合结束。 | 卡面机制：1.【瘫痪】→【神经机械学】2.【温顺】一【决意】 3.【回路不良】一【聪慧头脑】 行动阶段：再切换一项，战斗阶段结束后，失去4点魔力。
4538,02御主\01已确认御主\05其他\菲奥蕾\菲奥蕾立牌.png,non_rule,8,非规则素材：菲奥蕾立牌.png（牌背、头像、立牌、标记或纯数值指示物）
4539,02御主\01已确认御主\05其他\西格玛\3.8更新西格玛.png,analyzed,8,卡面机制：西格玛（∑） 少年兵-游戏开始时你从者的职阶更改为【Lancer】， 你拥有【兵器的成长】。 | 卡面机制：工善其事-前哨阶段：若你位于魔术工房，花费1点魔力， 选择一张游戏外的临时的【战术装备】加入手牌直至回合 结束（不展示）。
4540,02御主\01已确认御主\05其他\西格玛\ATK-卡利科950.png,analyzed,8,卡面机制：魔术 1K 卡利科950 <每局游戏限一次> 此牌需追加打出。 | 卡面机制：战斗阶段：选择一名你的交战对手本回合打出的攻击， 令其失去等于该攻击魔力消耗的合计威力。
4541,02御主\01已确认御主\05其他\西格玛\ATK-无名刺刀.png,analyzed,8,卡面机制：敏捷 无名刺刀 <每局游戏限一次> 此牌需追加打出。 | 卡面机制：行动或战斗阶段：部署于一处你所在战场未被占领的地利 位置或令一名位于地利位置的交战对手-3合计威力。
4542,02御主\01已确认御主\05其他\西格玛\ATK-紧急钩锁.png,analyzed,8,卡面机制：特殊 紧急钩索 0:0 12K <每局游戏限一次> 此牌需追加打出。 | 卡面机制：战斗阶段：将与你位于同一战场的其他玩家因令咒增加的 合计威力降低至0。
4543,02御主\01已确认御主\05其他\西格玛\ATK-许德拉匕首.png,analyzed,8,卡面机制：米 力量 4K 许德拉匕首 0 <每局游戏限一次> 此牌需追加打出。
4544,02御主\01已确认御主\05其他\西格玛\兵器的成长 (1).png,analyzed,8,卡面机制：兵器的成长 成长-根据成长次数你按顺序获得相应效果： 1.将游戏外的【战斗续行】加入你的技能区。 | 卡面机制：2.你的从者额外获得其原职阶且你的【战术装备】+1威力。 | 卡面机制：3.将你的【战斗续行】替换为【战斗续行S】。 | 卡面机制：4.将你的【战斗续行S】替换为【战斗续行EX】。
4545,02御主\01已确认御主\05其他\西格玛\兵器的成长 (2).png,analyzed,8,卡面机制：兵器的成长 每当你完成下列任意未完成的一项时，成长。 | 卡面机制：1.已位于或经过所有可进入的地点。 | 卡面机制：2.攻击威力和合计威力未因局势牌和事件牌增加时获胜。 | 卡面机制：3.战胜过所有未淘汰的其他玩家。 | 卡面机制：4.战力结算时，合计威力达到或超过21点。
4546,02御主\01已确认御主\05其他\西格玛\升华技-守望.png,analyzed,8,卡面机制：守望 你可以查看所有的暗置牌，你因局势牌获得的魔力翻倍。 | 卡面机制：行动阶段：该效果每局游戏限一次，将你的合计威力设 为21点且不受其他能力影响直至回合结束。
4547,02御主\01已确认御主\05其他\西格玛\头像-西格玛.png,non_rule,8,非规则素材：头像-西格玛.png（牌背、头像、立牌、标记或纯数值指示物）
4548,02御主\01已确认御主\05其他\西格玛\战斗续行.png,analyzed,8,卡面机制：迅捷 特殊 战斗续行 3 5& 行动阶段：移动至除魔术工房外的任意地点。
4549,02御主\01已确认御主\05其他\西格玛\战斗续行EX.png,analyzed,8,卡面机制：敏捷 1 5K 战斗续行EX 无拘-被动/行动阶段：花费3点魔力，将此牌加入攻击。 | 卡面机制：追猎-行动阶段：移动至处魔术工房外的任意地点。
4550,02御主\01已确认御主\05其他\西格玛\战斗续行S.png,analyzed,8,卡面机制：敏捷 战斗续行S 2 5K 追猎-行动阶段：移动至除魔术工房外的任意地点。
4551,02御主\01已确认御主\05其他\西格玛\立牌-西格玛.png,non_rule,8,非规则素材：立牌-西格玛.png（牌背、头像、立牌、标记或纯数值指示物）
4552,02御主\01已确认御主\05其他\西格玛\西格玛.png,analyzed,8,卡面机制：西格玛（∑） 少年兵-游戏开始时你从者的职阶更改为【Lancer】， 你拥有【兵器的成长】。 | 卡面机制：当你部署于魔术工房时你不获得 魔力，改为选择一张游戏外临时的【战术装备】加入手牌 （不展示）直至回合结束。
4553,02御主\01已确认御主\05其他\雷奥纳多\升华技最终审判.png,analyzed,8,卡面机制：米 力量 宝具 8K 最终审判 将此牌加入你的技能区 战斗阶段：战斗阶段结束后，若你的合计威力≥20，所有合 计威力低于你的交战对手失去3点战果。
4554,02御主\01已确认御主\05其他\雷奥纳多\哈维.png,analyzed,8,卡面机制：雷欧纳多·比斯塔里奥·哈维 生而为王－若你于上回合获得胜利，合计威力+3。 | 卡面机制：若你于之 前的两回合都获得胜利，改为合计威力+5。 | 卡面机制：帝王之气-为你所在战场上事件牌描述的战果和魔力增加1点。
4555,02御主\01已确认御主\05其他\雷奥纳多\哈维头像.png,non_rule,8,非规则素材：哈维头像.png（牌背、头像、立牌、标记或纯数值指示物）
4556,02御主\01已确认御主\05其他\雷奥纳多\战力TOKEN (1).png,non_rule,8,非规则素材：战力TOKEN (1).png（牌背、头像、立牌、标记或纯数值指示物）
4557,02御主\01已确认御主\05其他\雷奥纳多\战力TOKEN (2).png,non_rule,8,非规则素材：战力TOKEN (2).png（牌背、头像、立牌、标记或纯数值指示物）
4558,02御主\01已确认御主\05其他\雷奥纳多\战力TOKEN (3).png,non_rule,8,非规则素材：战力TOKEN (3).png（牌背、头像、立牌、标记或纯数值指示物）
4559,02御主\01已确认御主\05其他\雷奥纳多\立牌-哈维.png,non_rule,8,非规则素材：立牌-哈维.png（牌背、头像、立牌、标记或纯数值指示物）
4560,02御主\01已确认御主\05其他\雷奥纳多（王圣）\升华技-圣剑汇集的绚烂之城.png,analyzed,8,卡面机制：米 力量 宝具 7 3K 圣剑汇集的绚烂之城 （此牌加入你的技能区） 骑士精神-被动：若你位于战场且该战场除你以外仅有一名 对手，所有玩家不能离开或进入此战场。 | 卡面机制：炽焰的数字-战斗阶段：你所有米力量属性的攻击基本威力 x3。
4561,02御主\01已确认御主\05其他\雷奥纳多（王圣）\头像 (2).png,non_rule,8,非规则素材：头像 (2).png（牌背、头像、立牌、标记或纯数值指示物）
4562,02御主\01已确认御主\05其他\雷奥纳多（王圣）\王圣.png,analyzed,8,卡面机制：雷欧纳多·比斯塔里奥·哈维 理想的王圣-行动阶段：打出一张职阶技能或职阶牌。 | 卡面机制：纯白辉光-行动阶段：花费一张场上正面事件牌基本战果 点数的魔力，你本回合额外受到一次该事件牌除战果点数 外的影响。
4563,02御主\01已确认御主\05其他\雷奥纳多（王圣）\立牌.png,non_rule,8,非规则素材：立牌.png（牌背、头像、立牌、标记或纯数值指示物）
4564,02御主\01已确认御主\05其他\雷奥纳多（王圣）\雷欧纳多(王圣）.png,analyzed,8,卡面机制：雷欧纳多·比斯塔里奥·哈维 理想的王圣-行动阶段：打出一张你从者拥有的职阶技能 或职阶牌（仍需满足前提条件）。 | 卡面机制：纯白辉光-行动阶段：选择一张事件牌花费其战果点数的 魔力，战力结算时你视为额外受到一次该事件牌的影响。
4565,02御主\02待更新御主\塞雷妮可\3.3更新塞雷妮可.png,analyzed,8,卡面机制：赛蕾妮可·艾斯科 诅咒师-当你战败时，令此战斗的所有胜者【枯萎】直至你 于一回合内获得了3点及以上的战果。 | 卡面机制：当你获胜时，偷取该 战斗中所有【枯菱】的玩家各2点战果。 | 卡面机制：纵欲-战斗阶段结束后，若你位于魔术工房，获得2点魔力 并失去1点战果，你的战果可以因失去被扣减为负数。
4566,02御主\02待更新御主\塞雷妮可\3.3更西门宵泣之铁桩.png,analyzed,8,卡面机制：Magic 宵泣之铁桩 9V （将此牌加入你的技能区） 痛苦钉刺-行动阶段：令【枯萎】的玩家选择花费2点魔力 或弃置所有手牌。
4567,02御主\02待更新御主\塞雷妮可\3.65更新赛蕾妮可.png,analyzed,8,卡面机制：赛蕾妮可·艾斯科 诅咒师-当你战败时，令此战斗的所有胜者【枯萎】直至你 于一回合内获得了4点及以上的战果。 | 卡面机制：当你获胜时，偷取该 战斗中所有【枯菱】的玩家各2点战果。 | 卡面机制：纵欲-战斗阶段结束后，若你位于魔术工房，获得2点魔力 并失去1点战果。
4568,02御主\02待更新御主\塞雷妮可\升华技-宵泣之铁桩.png,analyzed,8,卡面机制：Magic 宵泣之铁桩 N6 （将此牌加入你的技能区） 强迫性自我厌恶-被动：【枯萎】可以叠加。 | 卡面机制：痛苦钉刺-战斗阶段：令你战斗中【枯菱】的玩家失去2点 战果，若一名【枯萎】的玩家赢得了此战斗，他额外失去 2点战果。
4569,02御主\02待更新御主\塞雷妮可\塞雷妮可.png,analyzed,8,卡面机制：赛蕾妮可·艾斯科 诅咒师-当你战败时，令此战斗的所有胜者【枯萎】直至你 于一回合内获得了3点及以上的战果。 | 卡面机制：前哨阶段：【枯菱】的玩家选择弃置2张牌或失去1点魔力。 | 卡面机制：纵欲-战斗阶段结束后，若你位于魔术工房，获得2点魔力 并失去1点战果，你的战果可以因失去被扣减为负数。
4570,02御主\02待更新御主\塞雷妮可\塞雷妮可头像.png,non_rule,8,非规则素材：塞雷妮可头像.png（牌背、头像、立牌、标记或纯数值指示物）
4571,02御主\02待更新御主\塞雷妮可\塞雷妮可立牌.png,non_rule,8,非规则素材：塞雷妮可立牌.png（牌背、头像、立牌、标记或纯数值指示物）
4572,02御主\02待更新御主\塞雷妮可\感染.png,unclear,8,OCR/转录不足，暂不能可靠判定完整机制：（未识别到文字）
4573,02御主\02待更新御主\天童爱丽丝（未完成）\skill-光之剑.jpg,analyzed,8,卡面机制：宝具 光之剑：超新星 3 36 打出时：如果本回合你没有赢得一场争夺战，等同失去你所在战场 竞争分的战果数。 | 卡面机制：你的战果可以因此变为负数。
4574,02御主\02待更新御主\天童爱丽丝（未完成）\天童头像.png,non_rule,8,非规则素材：天童头像.png（牌背、头像、立牌、标记或纯数值指示物）
4575,02御主\02待更新御主\天童爱丽丝（未完成）\天童爱丽丝.jpg,analyzed,8,卡面机制：天童爱丽丝 超新星，觉醒！一游戏开始时，展示事件牌堆顶的5张事件牌 秘密记录其中一张。 | 卡面机制：当你所在的战场有被记录的事件牌时，你 可以在战斗阶段将光之剑：超新星加入攻击。 | 卡面机制：强化魔法-将光之剑：超新星加入你的技能区。
4576,02御主\02待更新御主\天童爱丽丝（未完成）\天童立牌.jpg,non_rule,8,非规则素材：天童立牌.jpg（牌背、头像、立牌、标记或纯数值指示物）
4577,02御主\02待更新御主\天草四郎（diy）\升华技-旅途.png,analyzed,8,卡面机制：漫长旅途 此牌解锁时，立即偷取所有其他玩家各一枚令咒。 | 卡面机制：你的令咒数不再具有上限。
4578,02御主\02待更新御主\天草四郎（diy）\天草.png,analyzed,8,卡面机制：天草四郎 神明裁决-你使用令咒时，可以以其他玩家作为目标 （其获胜时，你对其使用的令咒获得的战果由你获得）。 | 卡面机制：具现-游戏开始时，将【左腕·天惠基盘】和【右腕· 恶逆捕食】加入你的技能区，你拥有的魔力少于8点也 可以使用这些牌。
4579,02御主\02待更新御主\天草四郎（diy）\左右腕 (1).png,analyzed,8,卡面机制：魔术 宝具 右腕·恶逆捕食 1K 此牌需追加打出。 | 卡面机制：心眼（伪）-你交战对手的攻击威力或合计威力无法因其他 玩家的能力影响增加。 | 卡面机制：回合结束时，若本回合你交战对手的攻击威力或合计威力本 应因其他玩家的能力影响增加，将此牌移除游戏。
4580,02御主\02待更新御主\天草四郎（diy）\左右腕 (2).png,analyzed,8,卡面机制：米 力量 宝具 1K 左腕·天基惠盘 此牌需追加打出。 | 卡面机制：心眼（真）-你的攻击不会因其他玩家的能力影响减少威力 或关闭。 | 卡面机制：回合结束时，若本回合你的攻击本应因其他玩家的能力减 少威力或被关闭，将此牌移除游戏。
4581,02御主\02待更新御主\天草四郎（diy）\旧\天草-右腕.jpg,analyzed,8,卡面机制：魔术 宝具 右腕·恶逆捕食 1& 此牌需追加打出。 | 卡面机制：你的攻击不会因其他玩家的能力影响减少威力或关闭， 战力结算时，若你的攻击因其他玩家的能力本因减少威力 或被关闭，于回合结束时将此牌移除游戏。
4582,02御主\02待更新御主\天草四郎（diy）\旧\天草-左腕.jpg,analyzed,8,卡面机制：米 力量 宝具 1K 左腕·天惠基盘 此牌需追加打出。 | 卡面机制：你交战对手的攻击威力或合计威力无法因其他玩家的能力 影响增加，战力结算时，若你交战对手的攻击威力或合计 威力本因其他玩家的能力影响增加，于回合结束时将此牌 移除游戏。
4583,02御主\02待更新御主\天草四郎（diy）\旧\天草四郎.jpg,analyzed,8,卡面机制：天草四郎 神明裁决一你使用令咒时，可以以其他玩家作为目标。 | 卡面机制：具现-游戏开始时，将【左腕·天惠基盘】和【右腕· 恶逆捕食】加入你的技能区，你拥有的魔力少于8点也 可以使用这些牌。
4584,02御主\02待更新御主\奥尔加玛丽3.1.3版\3.5更新迦勒底亚斯.png,analyzed,8,卡面机制：迦勒底亚斯 事象剪定-你可以查看局势牌堆底和事件牌堆底。 | 卡面机制：每回合限一次，当一张属于原局势或事件牌堆的非高潮局 势或事件牌被展示后将要生效前，你可以将其与相应牌堆 底的牌调换。
4585,02御主\02待更新御主\奥尔加玛丽3.1.3版\3.9更新升华技-橄榄枝.png,analyzed,8,卡面机制：橄榄枝 魂离神引的X更改为“激活时的回合数”且你不会因归寂 而【败北】。 | 卡面机制：若【异星神】不在场，第八回合结束时， 将你的御主替换为【异星神】并完成所有扩张（不抽取 【神之使徒】）。 | 卡面机制：若【异星神】在场，当你淘汰时，改为移除此牌继续游戏。
4586,02御主\02待更新御主\奥尔加玛丽3.1.3版\头像.png,non_rule,8,非规则素材：头像.png（牌背、头像、立牌、标记或纯数值指示物）
4587,02御主\02待更新御主\奥尔加玛丽3.1.3版\奥尔加玛丽.png,analyzed,8,卡面机制：奥尔加玛丽·阿尼姆斯菲亚 天体科学-你拥有【迦勒底亚斯】。 | 卡面机制：无以抵达-当你首次战败后的回合结束时，激活【特里斯 墨吉斯忒斯之殇】。
4588,02御主\02待更新御主\奥尔加玛丽3.1.3版\旧\3.3更新迦勒底亚斯.png,analyzed,8,卡面机制：迦勒底亚斯 事象剪定-你可以查看局势牌堆底和事件牌堆底。 | 卡面机制：每回合限一次，当一张属于原局势或事件牌堆的非高潮局 势或事件牌被展示后将要生效前，你可以将其与相应牌堆 底的牌调换。
4589,02御主\02待更新御主\奥尔加玛丽3.1.3版\旧\3.5更新升华技-橄榄枝.png,analyzed,8,卡面机制：橄榄枝 魂离神引的X更改为“激活时的回合数”且你不会因归寂 而【败北】。 | 卡面机制：若【异星神】不在场，第八回合结束时， 将你的御主替换为【异星神】。 | 卡面机制：若【异星神】在场， 当你淘汰时，改为移除此牌继续游戏。
4590,02御主\02待更新御主\奥尔加玛丽3.1.3版\旧\升华技-橄榄枝.png,analyzed,8,卡面机制：橄榄枝 魂离神引的X更改为“激活时的回合数”且你不会因归寂 而【败北】。 | 卡面机制：当你即将被淘汰时，若【异星神】不在场， 将你的御主替换为【异星神】并立即进行三次扩张， 否则，将此牌移除游戏取代这次淘汰。
4591,02御主\02待更新御主\奥尔加玛丽3.1.3版\旧\迦勒底亚斯.png,analyzed,8,卡面机制：迦勒底亚斯 事象剪定-你可以查看局势牌堆和事件牌堆。 | 卡面机制：每回合限一次，当一张属于原局势或事件牌堆的非高潮局 势或事件牌被展示后将要生效前，你可以将其与相应牌堆 底的牌调换。
4592,02御主\02待更新御主\奥尔加玛丽3.1.3版\特里斯 (1).png,non_rule,8,非规则素材：特里斯 (1).png（牌背、头像、立牌、标记或纯数值指示物）
4593,02御主\02待更新御主\奥尔加玛丽3.1.3版\特里斯 (2).png,analyzed,8,卡面机制：特里斯墨吉斯忒斯之殇 魂离神引-你的合计威力+X，X为此牌被激活时的回合数 的一半（向上取整）。 | 卡面机制：当你战败后，你失去魂离神引并获 得归寂。 | 卡面机制：归寂-你必须部署于战场，你的战斗阶段开始时，令所有 与你位于同一战场的玩家【败北】，然后移除此牌。
4594,02御主\02待更新御主\奥尔加玛丽3.1.3版\立牌.png,non_rule,8,非规则素材：立牌.png（牌背、头像、立牌、标记或纯数值指示物）
4595,02御主\03待加入御主\伊莉雅（老虎道场）\SKILL-虎竹刀.png,analyzed,8,卡面机制：米 力量 敏捷 虎竹刀 4K 1 你拥有的魔力少于8点也可以使用此牌且此牌需追加打出。
4596,02御主\03待加入御主\伊莉雅（老虎道场）\httpssteamusercontentaakamaihdnetugc2769288374374654572D5B1E794F33DD348C50C23D67D981916CEBB36.png,unclear,8,OCR/转录不足，暂不能可靠判定完整机制：衛宫家摩 衡宫家廖 百载百照
4597,02御主\03待加入御主\伊莉雅（老虎道场）\httpssteamusercontentaakamaihdnetugc27692883743757077A25B2B82CB8BAFE7F8B96247B2F9FCC0662A968D.png,non_rule,8,非规则素材：httpssteamusercontentaakamaihdnetugc27692883743757077A25B2B82CB8BAFE7F8B96247B2F9FCC0662A968D.png（牌背、头像、立牌、标记或纯数值指示物）
4598,02御主\03待加入御主\伊莉雅（老虎道场）\伊莉雅（老虎道场）.png,analyzed,8,卡面机制：伊莉雅丝菲尔·冯·爱因兹贝伦 笨拙的头号弟子-你每回合仅可以使用一枚令咒。 | 卡面机制：若你于上回合使用了令咒且未获胜，你无法使用令咒。 | 卡面机制：请指导我！一你在【老虎道场】进行修行。 | 卡面机制：当你使用令咒的回合结束时，根据你选择的一种令咒选项， 获得一枚相应的【老虎印章】。
4599,02御主\03待加入御主\伊莉雅（老虎道场）\升华技0百战百败.png,analyzed,8,卡面机制：百战百败 解锁此牌的回合结束时，你选择一枚【老虎印章】获得。 | 卡面机制：别放弃啊！－你解锁此牌后，每连续战败一回合（不包括 当回合），便选择一枚【老虎印章】放置于此牌上。 | 卡面机制：当你解锁此牌后首次获胜时，获得此牌上所有的【老虎 印章】。
4600,02御主\03待加入御主\伊莉雅（老虎道场）\头像-伊莉雅（老虎道场）.png,non_rule,8,非规则素材：头像-伊莉雅（老虎道场）.png（牌背、头像、立牌、标记或纯数值指示物）
4601,02御主\03待加入御主\伊莉雅（老虎道场）\立牌-伊莉雅（老虎道场）.png,non_rule,8,非规则素材：立牌-伊莉雅（老虎道场）.png（牌背、头像、立牌、标记或纯数值指示物）
4602,02御主\03待加入御主\伊莉雅（老虎道场）\老虎道场 (1).png,analyzed,8,卡面机制：幼一道場 S05 老虎道场 根据你的蓝色【老虎印章】数，你获得： 1+：回合开始时，你获得1点魔力。 | 卡面机制：2+：你打出攻击时-1魔力消耗。 | 卡面机制：3+：每回合每张攻击牌限一次，当你即将因其花费魔力 时，可以视为已花费了至多2点（最低为0）。
4603,02御主\03待加入御主\伊莉雅（老虎道场）\老虎道场 (2).png,analyzed,8,卡面机制：幼一道場 老虎道场 若你使用令咒获得合计威力，获得红色【老虎印章】。 | 卡面机制：若你使用令咒进行移动，获得绿色【老虎印章】。 | 卡面机制：若你使用令咒获得魔力，获得蓝色【老虎印章】。
4604,02御主\03待加入御主\伊莉雅（老虎道场）\老虎道场 (3).png,analyzed,8,卡面机制：幼一道場 老虎道场 根据你的红色【老虎印章】数，你获得： 1+：你于常规出牌打出的攻击获得+1威力（至多2张）。 | 卡面机制：2+：你激活的攻击再获得+1威力。 | 卡面机制：3+：立即将一张游戏外的【虎竹刀】加入你的技能区。
4605,02御主\03待加入御主\伊莉雅（老虎道场）\老虎道场 (4).png,analyzed,8,卡面机制：幼一道場 老虎道场 根据你的绿色【老虎印章】数，你获得： 1+：你进行移动时无视交战状态。 | 卡面机制：2+：你进行常规移动时每一步均-1魔力消耗且可以逆向移动。 | 卡面机制：3+：你的移动无视其他卡牌效果的限制，且你可以于常规移 动前进行常规出牌。
4606,02御主\03待加入御主\卡多克（DIY）\SKILL对兽魔术 (1).png,analyzed,8,卡面机制：敏捷 噢迹追踪 1 1& 行动阶段：移动至一处相邻且有对手的战场。
4607,02御主\03待加入御主\卡多克（DIY）\SKILL对兽魔术 (2).png,analyzed,8,卡面机制：米 力量 兽性赋予 1& 行动阶段：你的基础攻击获得+1威力并失去所有卡牌文字 效果。
4608,02御主\03待加入御主\卡多克（DIY）\SKILL对兽魔术 (3).png,analyzed,8,卡面机制：魔术 猛兽退避 1& 行动阶段：于本回合未使用过令咒的其他玩家无法进入你所 在的战场。
4609,02御主\03待加入御主\卡多克（DIY）\升华技-A.png,analyzed,8,卡面机制：8 A 对兽魔术获得以下效果： “训练成果-你可以追加打出此牌。 | 卡面机制：你拥有的魔力少于8点 也可以打出此牌。 | 卡面机制：” “技术力-打出时：此牌+2威力。 | 卡面机制：”
4610,02御主\03待加入御主\卡多克（DIY）\卡多克（迦勒底）.png,analyzed,8,卡面机制：卡多克·泽姆露普斯 回路扰乱-当你部署于有对手的战场后，失去1点魔力。 | 卡面机制：你作为非唯一获胜者获胜时，失去1点战果。 | 卡面机制：对兽魔术-游戏开始时，将【猛兽退避】、【嗅迹追踪】 和【兽性赋予】加入你的技能区，它们是对兽魔术。 | 卡面机制：前哨阶段：将一张对兽魔术加入攻击。
4611,02御主\03待加入御主\卡多克（DIY）\头像-卡多克（迦勒底）.png,non_rule,8,非规则素材：头像-卡多克（迦勒底）.png（牌背、头像、立牌、标记或纯数值指示物）
4612,02御主\03待加入御主\卡多克（DIY）\立牌-卡多克（迦勒底）.png,non_rule,8,非规则素材：立牌-卡多克（迦勒底）.png（牌背、头像、立牌、标记或纯数值指示物）
4613,02御主\03待加入御主\翡翠-洗脑侦探\1-指证.png,analyzed,8,卡面机制：指证 <每局游戏限一次> 完美推理-被动/行动阶段：若此时为第11回合，令嫌疑人 淘汰。 | 卡面机制：若不为第11回合且嫌疑人与你位于同一战场，你获 得5点合计威力并偷取其4点战果。
4614,02御主\03待加入御主\翡翠-洗脑侦探\1-线索.png,analyzed,8,卡面机制：线索 (将留下此【线索】的嫌疑人记录于此牌上。 | 卡面机制：) 唯一：当翡翠部署于此地点的地利位置时，将一张此地点 的【线索】加入其技能区。 | 卡面机制：调查-被动：当你进入侦查时，切换此牌。
4615,02御主\03待加入御主\翡翠-洗脑侦探\升华技-侦探模式.png,analyzed,8,卡面机制：侦探模式 解锁此牌时，你立即切换一张【线索】，然后将一张事件 牌弃牌堆的【固有结界】移除游戏。 | 卡面机制：若你如此做，你可以 于本局游戏重新使用一次携间而至。
4616,02御主\03待加入御主\翡翠-洗脑侦探\头像-洗脑侦探翡翠.png,non_rule,8,非规则素材：头像-洗脑侦探翡翠.png（牌背、头像、立牌、标记或纯数值指示物）
4617,02御主\03待加入御主\翡翠-洗脑侦探\洗脑侦探翡翠.png,analyzed,8,卡面机制：洗脑侦探·翡翠 密室难题-游戏开始时，查看并选择一张事件牌堆内的 【固有结界】（或类似事件牌）移除游戏。 | 卡面机制：携间而至一每局游戏限一次，所有人的前哨阶段结束时， 将一张被移除的【固有结界】放置于一处拥有2+名对手的 战场，本回合于该战场获胜的对手在该处留下一枚【线索】。
4618,02御主\03待加入御主\翡翠-洗脑侦探\立牌-洗脑侦探翡翠.png,non_rule,8,非规则素材：立牌-洗脑侦探翡翠.png（牌背、头像、立牌、标记或纯数值指示物）
4619,02御主\03待加入御主\芙兰切斯卡\ATK-幻术.png,analyzed,8,卡面机制：米 力量 敏捷 魔术 特殊 宝具 幻术 6% 千变万化-被动：任意效果结算前，你可以自由决定此牌 的以下各项是否符合该效果的条件：印刷威力、基本威力、 威力、属性、魔力消耗、牌名、是否为残留/基础/技能/ <每局游戏限一次>（这不会实质改变此牌，只会让此牌能 受或不受此效果影响）。
4620,02御主\03待加入御主\芙兰切斯卡\升华技-螺湮城.png,unclear,8,OCR/转录不足，暂不能可靠判定完整机制：魔术 宝具 螺湮城并不存在， 8K 因此世间疯狂永无止尽 （此牌加入你的技能区）打出时：将此牌放置于你所在的战场。 亵渎-此战场的玩家仅将其弃牌堆视为手牌，从弃牌堆打出的 攻击在关闭时改为洗回牌库。当你位于被放置的此牌所在的战 场时，此牌同时视为你的激活攻击。当你于此战场战败，该战 因此世间疯狂永无止尽
4621,02御主\03待加入御主\芙兰切斯卡\头像-弗兰切斯卡.png,non_rule,8,非规则素材：头像-弗兰切斯卡.png（牌背、头像、立牌、标记或纯数值指示物）
4622,02御主\03待加入御主\芙兰切斯卡\弗兰切斯卡.png,analyzed,8,卡面机制：弗兰切斯卡·普勒拉蒂 赐予我绝望甜蜜的死亡吧-战斗结束后，展示你牌堆顶的 X张牌并弃置其中的非【幻术】牌，X为你战斗的参与者数。 | 卡面机制：接受我虚实交错的生命吧-任意阶段：每局游戏限一次， 移除一张你从者的非技能牌，将游戏外的【幻术】加入 其原本所在的位置。 | 卡面机制：若其位于攻击区，你失去3点魔力。
4623,02御主\03待加入御主\芙兰切斯卡\立牌-弗兰切斯卡.png,non_rule,8,非规则素材：立牌-弗兰切斯卡.png（牌背、头像、立牌、标记或纯数值指示物）
4624,02御主\03待加入御主\间桐慎二diy\升华技-直至顶端.png,analyzed,8,卡面机制：特殊 直至顶端 1K （此牌加入你的技能区） 权限破解-被动/行动阶段：每回合首次使用时，记录你激活的攻击 中最低的基本威力为[code]。 | 卡面机制：然后，花费1点魔力并展示你牌堆顶 的一张牌，若其印刷威力恰好为[code]+1，打出该牌并令其获得其 不具有的，印刷威力的区特殊基础攻击的卡牌文字效果后令[code] +1，否则将其弃置。 | 卡面机制：你每回合至多使用三次权限破解。
4625,02御主\03待加入御主\间桐慎二diy\头像-间桐慎二.png,non_rule,8,非规则素材：头像-间桐慎二.png（牌背、头像、立牌、标记或纯数值指示物）
4626,02御主\03待加入御主\间桐慎二diy\立牌-间桐慎二.png,non_rule,8,非规则素材：立牌-间桐慎二.png（牌背、头像、立牌、标记或纯数值指示物）
4627,02御主\03待加入御主\间桐慎二diy\间桐慎二 DIY.png,analyzed,8,卡面机制：间桐慎二 天才黑客-任意阶段：使用一枚令咒。 | 卡面机制：最优解-任意阶段：花费1点魔力，查看并以任意顺序调 整你的牌库。
4628,02御主\03待加入御主\阿尔托莉雅DIY2\升华技-木剑.png,analyzed,8,卡面机制：Strength Noble Phantasm 12% 誓约胜利之木剑 （此牌解锁时，将其加入你的技能区） 被动：你可以蓄势此牌。 | 卡面机制：剑岂是如此不便之物-战斗阶段：若你获胜且此牌本回合 是从你的牌库入场，你立即获得游戏胜利。
4629,02御主\03待加入御主\阿尔托莉雅DIY2\头像-阿尔托莉雅diy2.png,non_rule,8,非规则素材：头像-阿尔托莉雅diy2.png（牌背、头像、立牌、标记或纯数值指示物）
4630,02御主\03待加入御主\阿尔托莉雅DIY2\立牌-阿尔托莉雅diy2.png,non_rule,8,非规则素材：立牌-阿尔托莉雅diy2.png（牌背、头像、立牌、标记或纯数值指示物）
4631,02御主\03待加入御主\阿尔托莉雅DIY2\阿尔托莉雅diy2.png,analyzed,8,卡面机制：阿尔托莉雅·潘德拉贡 辉白之钢-前哨阶段：选择你技能区一张明置的，属于你 从者的技能攻击进行蓄势。 | 卡面机制：（蓄势：将该攻击放置于你牌库顶的第X张[牌库不足则无 法放置］，X为其魔力消耗+1，当其因任何原因从你的牌 库离开时[被抽取，弃置，移除等］，将其免费加入你的攻击。
4632,02御主\升华技背面.png,non_rule,8,非规则素材：升华技背面.png（牌背、头像、立牌、标记或纯数值指示物）
4633,02御主\御主牌背.png,non_rule,8,非规则素材：御主牌背.png（牌背、头像、立牌、标记或纯数值指示物）
